time,flux
443.5107234056704,23709038.0
443.5311576414752,23710916.0
443.5515919775644,23709914.0
443.5720264137781,23711084.0
443.5924606502231,23713170.0
443.6128949868362,23718902.0
443.63332942369016,23728060.0
443.653763660659,23731626.0
443.6741979978542,23735916.0
443.6946324352903,23732452.0
443.7150666728994,23707376.0
443.7355010106767,23656174.0
443.75593534863583,23637208.0
443.7763697868286,23656440.0
443.7968040251872,23710250.0
443.8172383637284,23711322.0
443.8376728025032,23711674.0
443.8581070414439,23709956.0
443.8785413805672,23714988.0
443.8989758199241,23712770.0
443.9194100593886,23712398.0
443.939844399094,23716074.0
443.960278839033,23717312.0
443.9807130791378,23720684.0
444.0011474194253,23722644.0
444.02158175988734,23727246.0
444.042016100575,23734580.0
444.0624504414445,23741422.0
444.0828847824887,23746872.0
444.1033191237584,23749508.0
444.1237534651518,23750636.0
444.1441877068355,23750094.0
444.16462214862986,23735588.0
444.1850564906636,23701866.0
444.2054907328711,23683624.0
444.2463595178051,23727128.0
444.26679376059474,23727204.0
444.28722820361145,23722222.0
444.3076625467511,23716390.0
444.3280967900646,23712014.0
444.3485312336052,23709064.0
444.3689655773269,23710890.0
444.38939992128144,23713268.0
444.4098342654033,23715996.0
444.4302686097071,23717670.0
444.4507029541856,23718398.0
444.47113739883207,23721954.0
444.4915716437172,23729098.0
444.5120059887777,23731458.0
444.5324402340048,23735628.0
444.5528746794735,23738552.0
444.573309025116,23747754.0
444.5937432708743,23753148.0
444.61417771691777,23736836.0
444.6346120630842,23691574.0
444.6550464094762,23682062.0
444.6754807560501,23672550.0
444.6959151027986,23715726.0
444.7163494497727,23728760.0
444.7367837968704,23727534.0
444.7572181442592,23725260.0
444.7776524917572,23723584.0
444.798086839437,23719986.0
444.8185211873497,23714878.0
444.8389555354297,23714634.0
444.8593898836916,23718884.0
444.87982423212816,23720588.0
444.9002584807313,23722140.0
444.920692929576,23724502.0
444.96156152783806,23729902.0
444.9819958772059,23731850.0
445.00243032680737,23730414.0
445.02286457657465,23733148.0
445.0432989265246,23731692.0
445.0637333766499,23726428.0
445.084167727,23700518.0
445.10460197747307,23675060.0
445.12503642818047,23686146.0
445.1454707790545,23714000.0
445.1659050301678,23723388.0
445.1863394813991,23721152.0
445.2067738328551,23716282.0
445.2272080844923,23711528.0
445.2476425363057,23708786.0
445.2680768882856,23707508.0
445.28851114050485,23709628.0
445.30894559284206,23712212.0
445.32937994540407,23714114.0
445.3498142982062,23716256.0
445.370248551124,23721734.0
445.3906830042106,23722912.0
445.41111735753657,23716732.0
445.4315516110364,23719638.0
445.4519860647051,23720976.0
445.472420418555,23725314.0
445.4928546725787,23733512.0
445.5132891268295,23731826.0
445.5337234812614,23697660.0
445.554157735809,23641436.0
445.5745921905837,23644680.0
445.5950265455977,23694626.0
445.6154608007273,23723172.0
445.635895256084,23724858.0
445.6563296115637,23725330.0
445.6767639672762,23725052.0
445.697198323156,23719528.0
445.7176326792178,23714608.0
445.7380669355116,23695770.0
445.75850139191607,23721700.0
445.7789357485599,23718774.0
445.7993700053776,23718496.0
445.81980436236336,23717402.0
445.8402388195318,23714722.0
445.86067307687335,23715220.0
445.8811074344412,23720952.0
445.9015418921336,23721924.0
445.9219761500572,23726042.0
445.9424105081489,23736772.0
445.9628449664233,23744038.0
445.9832792248708,23720230.0
446.0037135834864,23679058.0
446.0241480422847,23670904.0
446.044582401315,23733842.0
446.0650166604537,23743090.0
446.085451119834,23744812.0
446.1058854793882,23745260.0
446.126319739109,23740862.0
446.1467541990132,23733068.0
446.1671885590913,23727838.0
446.18762281939416,23722894.0
446.20805727982224,23718032.0
446.2284916404824,23720918.0
446.2489259013091,23724814.0
446.2693602622603,23726034.0
446.2897947235033,23724706.0
446.3102289848539,23725034.0
446.3306633463872,23730124.0
446.3510978080958,23735928.0
446.37153216997103,23737628.0
446.3919664320856,23739918.0
446.4124008943181,23745690.0
446.4328352567754,23723788.0
446.4532695194139,23665530.0
446.47370398222847,23642534.0
446.4941382452089,23683732.0
446.514572608372,23728046.0
446.5350070717104,23738324.0
446.5554413352147,23737404.0
446.57587569890165,23734498.0
446.5963101628222,23729048.0
446.6167444268504,23724008.0
446.63717879111937,23721054.0
446.6576132555056,23720584.0
446.6780475201158,23724034.0
446.6984818849087,23728108.0
446.7189162498762,23729138.0
446.7393506150111,23730358.0
446.7597849803278,23730026.0
446.7802193458192,23729232.0
446.8006538114787,23729374.0
446.82108807731856,23729676.0
446.841522443392,23731800.0
446.8619569095754,23735568.0
446.8823911759973,23728130.0
446.9028255425365,23701784.0
446.9232600093019,23691650.0
446.9436942761895,23719620.0
446.9641286433107,23741978.0
446.9845631106,23744846.0
447.00499737801147,23744098.0
447.0254317456565,23740694.0
447.0458662134697,23738968.0
447.066300581464,23741566.0
447.0867348496322,23745888.0
447.1071692179685,23747772.0
447.1276036864874,23746336.0
447.14803795517946,23743844.0
447.1684723240396,23744512.0
447.1889067930824,23757172.0
447.2093410622984,23776118.0
447.22977543174056,23790788.0
447.2502098013065,23808586.0
447.270644171047,23807112.0
447.2910785410131,23812402.0
447.3115129111029,23814192.0
447.3319472813673,23800192.0
447.3523816518573,23748440.0
447.3728160224709,23707854.0
447.39325039331743,23733786.0
447.41368476427306,23776448.0
447.4341192354696,23787542.0
447.45455350678094,23783926.0
447.4749878783186,23783406.0
447.4954223499808,23776654.0
447.5158566218743,23772540.0
447.5362909938776,23765198.0
447.55672526612034,23759092.0
447.577159738481,23757970.0
447.5975941110664,23757910.0
447.6180284837756,23758548.0
447.6384628567175,23760498.0
447.6588972297686,23761252.0
447.67933160305984,23763392.0
447.69976597646746,23763760.0
447.72020035010064,23762596.0
447.7406347238575,23764054.0
447.761069197848,23767608.0
447.78150347194605,23768102.0
447.801937846285,23741788.0
447.82237232073385,23715662.0
447.8428065954213,23731248.0
447.8632409702259,23763294.0
447.8836754452641,23773086.0
447.9041097204099,23770362.0
447.9245440957384,23770768.0
447.9654128469701,23773276.0
447.9858472228225,23770244.0
448.0062816988502,23769098.0
448.026715975102,23769596.0
448.0471503514782,23767258.0
448.067584728029,23763712.0
448.0880191047472,23758502.0
448.1084534816473,23752984.0
448.128887858722,23749222.0
448.14932223596406,23745516.0
448.169756613388,23747412.0
448.1901908909858,23753734.0
448.2106253687525,23759844.0
448.2310597466421,23763588.0
448.2514940247638,23732518.0
448.2719285030544,23684840.0
448.2923628814679,23694294.0
448.31279726011417,23743324.0
448.3332316388696,23771842.0
448.3536660178652,23777956.0
448.3741003969772,23782866.0
448.3945347762565,23787330.0
448.4149691557759,23790742.0
448.43540353541175,23793204.0
448.4558380152157,23791826.0
448.4762722952,23790164.0
448.49670667535975,23787512.0
448.5171409556861,23782368.0
448.53757543619577,23778592.0
448.55800981682114,23777202.0
448.5784440976713,23771350.0
448.5988785787049,23767104.0
448.6193129598541,23768988.0
448.63974734122894,23770704.0
448.6601817227274,23772098.0
448.6806161044005,23774586.0
448.701050486241,23760146.0
448.7214848683216,23733796.0
448.74191925051855,23738116.0
448.7623536328247,23770274.0
448.78278811537166,23789472.0
448.8032223980845,23788950.0
448.82365678092174,23788520.0
448.84409116399183,23787282.0
448.8645255471784,23785190.0
448.8849599305322,23787536.0
448.90539431412617,23792884.0
448.9258286978293,23795800.0
448.9462630817143,23797388.0
448.9666974657157,23796666.0
448.98713184995,23797508.0
449.00756623435154,23796308.0
449.02800051887607,23789858.0
449.0484350036277,23788784.0
449.0688693885022,23789188.0
449.0893036735506,23790726.0
449.1097381587752,23796860.0
449.1301725441663,23801464.0
449.1506068296803,23779348.0
449.1710413154215,23730164.0
449.1914757013437,23713926.0
449.21190998738166,23758016.0
449.2323444735957,23803474.0
449.2527788599764,23811900.0
449.2732131465382,23815514.0
449.2936476332689,23820114.0
449.3140820201807,23826830.0
449.33451640720887,23827972.0
449.3549507944699,23823284.0
449.3753851818401,23821504.0
449.3958195693922,23819466.0
449.4162539571116,23822210.0
449.43668834501295,23822172.0
449.4571227330307,23821528.0
449.4775572212748,23819960.0
449.497991509641,23822944.0
449.5184258982408,23825902.0
449.5388601868981,23826036.0
449.5592946757824,23830806.0
449.5797290648479,23832172.0
449.6001634540298,23815776.0
449.6205978434373,23783380.0
449.6410322329684,23765388.0
449.6614666226669,23788700.0
449.6819010125473,23817516.0
449.70233540260233,23826450.0
449.722769692773,23827270.0
449.7432041831125,23830288.0
449.7636385736332,23835494.0
449.78407286432775,23836078.0
449.8045073551912,23837804.0
449.8249417462357,23838542.0
449.8453760373959,23841376.0
449.865810528725,23840962.0
449.8862449202352,23838148.0
449.90667921191925,23836432.0
449.9271137037722,23833470.0
449.94754809574806,23829050.0
449.9884167802156,23826402.0
450.0088512727161,23821356.0
450.0292856653832,23816084.0
450.0497199581732,23799038.0
450.0701544511976,23752298.0
450.0905888443376,23716356.0
450.1110231376442,23753268.0
450.1314576310761,23804094.0
450.1518920247327,23822974.0
450.1723263185122,23827730.0
450.1927608124679,23830524.0
450.2131952065975,23830232.0
450.2336295008354,23830332.0
450.25406399525673,23832558.0
450.2744983898447,23833304.0
450.2949327846145,23834650.0
450.31536717955896,23837310.0
450.33580157461984,23837616.0
450.3562359699063,23841618.0
450.3766703653164,23840904.0
450.3971047608357,23843702.0
450.417539156595,23842240.0
450.4379735524708,23836812.0
450.4584079485212,23832766.0
450.4788422447382,23829574.0
450.4992766410796,23818420.0
450.5197111376474,23787198.0
450.5401454343373,23760120.0
450.5605798311444,23777434.0
450.5810143281778,23808368.0
450.60144862533343,23821530.0
450.6218830226644,23820726.0
450.6423175201635,23820166.0
450.66275181784295,23819852.0
450.6831862156396,23823340.0
450.7036207136043,23830468.0
450.7240551117502,23833322.0
450.7444894100117,23836134.0
450.7649239085004,23836396.0
450.7853583071119,23835312.0
450.8057926058391,23837592.0
450.82622710479336,23839130.0
450.84666150387056,23838138.0
450.8670958031216,23834612.0
450.8875303025416,23828556.0
450.9283990018012,23817578.0
450.9488335016868,23812558.0
450.9692679016953,23777114.0
450.9897022019359,23730796.0
451.01013660222816,23742918.0
451.0305711027613,23793110.0
451.05100550346833,23817914.0
451.071439804291,23820104.0
451.09187430522434,23824282.0
451.112308706397,23826436.0
451.1327430076781,23827584.0
451.15317750914255,23829058.0
451.1736119107809,23826170.0
451.1940462125349,23826184.0
451.21448071445775,23825446.0
451.23491511656175,23825830.0
451.2553494187741,23830458.0
451.27578392116993,23840798.0
451.2962183237396,23848464.0
451.3166526264249,23853222.0
451.3370871293373,23852904.0
451.35752143231366,23849432.0
451.37795583551633,23845804.0
451.39839033884346,23841360.0
451.4188247423445,23818350.0
451.4392590459611,23784286.0
451.4596935498048,23782242.0
451.4801279537714,23810094.0
451.50056225784647,23827714.0
451.5209966621624,23827814.0
451.5414311665954,23825270.0
451.5618654711434,23824518.0
451.58229987591767,23825216.0
451.6027343808164,23825120.0
451.6231686858228,23824266.0
451.64360309101176,23825086.0
451.66403759637615,23827672.0
451.6844719019136,23828846.0
451.704906307561,23827914.0
451.7253408133911,23830618.0
451.7457752193877,23832654.0
451.7662095255073,23834428.0
451.786644031803,23834814.0
451.8070784382071,23833418.0
451.82751274479233,23832184.0
451.8479472515537,23828326.0
451.86838165842346,23801828.0
451.88881596553256,23751292.0
451.9092504727014,23737616.0
451.929684880095,23782474.0
451.9501191876116,23818692.0
451.97055369524605,23825192.0
451.99098810304713,23829074.0
452.0114225110301,23827454.0
452.0318568191869,23827296.0
452.0522913274544,23825718.0
452.0727256359023,23826238.0
452.09316004446737,23829514.0
452.1135945532005,23831288.0
452.13402886211406,23833518.0
452.1544632711448,23834098.0
452.1748977803436,23834972.0
452.1953320896646,23835272.0
452.21576649916096,23836026.0
452.2362010088255,23834518.0
452.2566353186121,23832702.0
452.2770697285741,23832106.0
452.2975042387043,23830622.0
452.3179385489566,23813910.0
452.3383729593843,23776640.0
452.3588074699219,23757956.0
452.3792418806406,23779778.0
452.399676191475,23808632.0
452.4201107024783,23815368.0
452.44054511366267,23817798.0
452.4609794250209,23818360.0
452.4814139364898,23817744.0
452.5018483480817,23818208.0
452.5222826598474,23817946.0
452.5427170717812,23823612.0
452.5631515838395,23830104.0
452.5835858960709,23834282.0
452.60402030841215,23840892.0
452.6244548209361,23845364.0
452.6448891336331,23845470.0
452.6653235464401,23843378.0
452.6857580593714,23843010.0
452.7061924725349,23844902.0
452.72662678580673,23845584.0
452.7470612992038,23840318.0
452.7674957127747,23819986.0
452.787930026454,23772202.0
452.8083645403749,23734516.0
452.82879895435326,23762092.0
452.8492332684982,23805084.0
452.8696677828266,23822492.0
452.89010209726985,23826160.0
452.9105365118812,23826618.0
452.93097102667525,23827750.0
452.9514053415842,23827678.0
452.971839756603,23828510.0
452.9922742718045,23832820.0
453.0127085871791,23829576.0
453.0331430026636,23828646.0
453.0535775183307,23827682.0
453.0740119341135,23825832.0
453.0944462500629,23828528.0
453.1148806661368,23832072.0
453.135315182386,23834284.0
453.1557494987428,23833314.0
453.1761839152823,23831638.0
453.1966184319972,23829506.0
453.2170527488197,23819276.0
453.23748716576665,23786470.0
453.257921682889,23760218.0
453.2783560001772,23774938.0
453.29879041758977,23805440.0
453.3192249351196,23814580.0
453.3396592528152,23812802.0
453.3600936706935,23809688.0
453.3805281886889,23807238.0
453.4009625068502,23806362.0
453.4213969251359,23806802.0
453.44183144356793,23809048.0
453.4622658621665,23811848.0
453.48270018088806,23816624.0
453.50313469975663,23817518.0
453.5235691187627,23819416.0
453.54400343794987,23821922.0
453.564437957255,23826186.0
453.5848723766976,23826318.0
453.60530669632135,23824758.0
453.62574121606303,23822560.0
453.6461756359422,23821430.0
453.6666099560025,23814336.0
453.6870443761509,23774916.0
453.70747889649647,23728940.0
453.7279132169642,23742412.0
453.7483476375783,23785302.0
453.76878205833054,23804008.0
453.7892164792356,23798672.0
453.8096509002862,23794814.0
453.8300854214758,23792246.0
453.8505197428167,23791362.0
453.87095416427474,23794092.0
453.9118230076783,23793338.0
453.932257429602,23793940.0
453.9526919516357,23798632.0
453.9731262738496,23801284.0
453.9935606961808,23803466.0
454.01399521868007,23807924.0
454.0344295412724,23814928.0
454.0548639640401,23817372.0
454.075298486976,23818926.0
454.0957329100347,23816788.0
454.1161672332091,23815596.0
454.1366017565524,23789994.0
454.1570361800477,23756684.0
454.1774705036587,23762956.0
454.19790502740943,23790264.0
454.2183394513413,23801936.0
454.2387737753888,23794786.0
454.2592082995761,23777908.0
454.27964272391546,23784820.0
454.3000770483704,23736958.0
454.32051147299353,23784546.0
454.3409459977702,23788176.0
454.3613803226617,23787358.0
454.38181474769226,23782864.0
454.4022492728764,23765780.0
454.42268369819794,23789004.0
454.4431180236716,23790324.0
454.4635525492631,23790406.0
454.48398687502777,23791398.0
454.5044212993598,23793814.0
454.52485582538793,23797388.0
454.54529015156,23799412.0
454.5657245778712,23801268.0
454.5861591043067,23775004.0
454.6065934309154,23721314.0
454.627027857634,23705758.0
454.64746238450607,23749574.0
454.6678967114931,23787260.0
454.6883311386482,23791540.0
454.7087656659278,23789280.0
454.72919999335136,23788378.0
454.74963442094304,23786350.0
454.77006894863007,23784948.0
454.7905033764837,23782580.0
454.8109377044602,23780256.0
454.8313722325838,23777752.0
454.85180666085216,23775048.0
454.8722409892289,23773542.0
454.8926754177882,23773562.0
454.9131099464576,23776478.0
454.933544275249,23776110.0
454.95397870421584,23776492.0
454.97441323332896,23775380.0
454.9948475625497,23777574.0
455.015281991924,23785412.0
455.0357165214082,23778554.0
455.0561508510728,23752652.0
455.0765852808254,23736522.0
455.0970198107534,23757208.0
455.1174542408189,23778858.0
455.13788857100735,23778036.0
455.1583231013356,23769274.0
455.1787575318158,23768798.0
455.1991918624117,23768362.0
455.2196263931546,23763342.0
455.2400607240343,23761582.0
455.2604951550384,23762444.0
455.2809296862106,23763888.0
455.30136401750497,23766642.0
455.3217984489456,23766008.0
455.34223298050347,23760262.0
455.362667312198,23758220.0
455.383101744017,23761386.0
455.40353627600416,23766376.0
455.4239706081135,23771454.0
455.4444050403399,23774422.0
455.46483957274177,23775494.0
455.485274005252,23760222.0
455.5057083378852,23713084.0
455.5261427706646,23681852.0
455.54657730361214,23721546.0
455.5670116366528,23769958.0
455.5874460698397,23784412.0
455.6078806031656,23784266.0
455.6283149366427,23781198.0
455.64874937023706,23779794.0
455.6691839039704,23775084.0
455.6896182378259,23772602.0
455.7100526718277,23768830.0
455.7304872059685,23762750.0
455.7509215402315,23757328.0
455.7713559746408,23753680.0
455.7917905091599,23754370.0
455.8122249438602,23756326.0
455.83265927864704,23758370.0
455.8530938136028,23758752.0
455.8735282486523,23755932.0
455.8939625838757,23757604.0
455.91439711920975,23760856.0
455.9348315546959,23757318.0
455.9552658902976,23732122.0
455.9757004260391,23708186.0
455.9961348619036,23722020.0
456.0165691979128,23750434.0
456.0370037340617,23760038.0
456.0574381703336,23754528.0
456.0778725067503,23753060.0
456.0983070432776,23755582.0
456.1187413799271,23756494.0
456.1391758167447,23755776.0
456.159610253686,23749868.0
456.18004469074367,23744198.0
456.2004791279469,23736832.0
456.22091356525925,23728832.0
456.2413481027252,23727412.0
456.2617824403278,23729424.0
456.2822168780549,23732710.0
456.3026514158992,23735558.0
456.3230857539165,23737188.0
456.3435201920147,23739038.0
456.3639547302664,23739948.0
456.38438906865485,23735058.0
456.40482350716775,23698586.0
456.4252580457978,23655204.0
456.4456923845719,23673500.0
456.46612682348496,23722768.0
456.4865613625225,23749206.0
456.5069958016975,23750968.0
456.5274301409954,23752294.0
456.5478646804113,23751782.0
456.56829911999375,23749294.0
456.5887334596701,23744986.0
456.60916799949337,23744324.0
456.629602439425,23746166.0
456.6500367795088,23749270.0
456.6704713197105,23750932.0
456.6909057600497,23755008.0
456.7113401005117,23755644.0
456.73177464112086,23753954.0
456.7522090818384,23749410.0
456.7726434226788,23745106.0
456.79307786366553,23740902.0
456.81351240479125,23741616.0
456.8339467460392,23739284.0
456.8543811874042,23716932.0
456.8748157289083,23691972.0
456.915684512278,23731548.0
456.9361190541604,23750948.0
456.95655339619407,23750448.0
456.97698783831584,23743814.0
456.9974223806057,23738768.0
457.0178567229887,23738340.0
457.0382911655179,23735734.0
457.058725708157,23734094.0
457.0791600509474,23735282.0
457.09959449385497,23736354.0
457.1200290368725,23736446.0
457.1404633800412,23732026.0
457.1608978233271,23722460.0
457.181332366752,23714872.0
457.2017668102999,23713332.0
457.2222011539634,23719200.0
457.2426356977667,23725226.0
457.2630701416929,23729194.0
457.28350448573474,23729006.0
457.3039390299164,23701412.0
457.3243734742209,23653484.0
457.34480781864113,23649564.0
457.3652423632011,23704256.0
457.385676807884,23744546.0
457.40611115268257,23749514.0
457.4265455976274,23745826.0
457.44698014268215,23743912.0
457.4674144878591,23743982.0
457.4878489331458,23740678.0
457.50828347861534,23734036.0
457.52871792417136,23728870.0
457.54915226984303,23727824.0
457.5695868156545,23726900.0
457.5900212615888,23720440.0
457.6104556076607,23714462.0
457.63089015385776,23712822.0
457.6513245001406,23715160.0
457.67175894659886,23717228.0
457.692193493167,23716402.0
457.7126278398282,23717292.0
457.7330622866284,23720158.0
457.7534968335822,23711460.0
457.7739311806217,23687696.0
457.7943656278076,23678284.0
457.8148001751033,23708152.0
457.8352345225503,23737236.0
457.8556689701072,23741562.0
457.8761035177886,23741640.0
457.8965379655856,23740618.0
457.9169723134983,23736760.0
457.9374068615216,23733352.0
457.95784130972606,23732446.0
457.9782756579807,23735194.0
457.9987102064188,23734056.0
458.0191446549434,23729642.0
458.0395790036055,23725572.0
458.060013452392,23721430.0
458.0804480012957,23715832.0
458.1008823503071,23709924.0
458.121316799472,23709872.0
458.1417513487541,23710236.0
458.1621856981437,23709150.0
458.1826201476579,23706854.0
458.2030546972892,23690952.0
458.223489147058,23645310.0
458.2439234969497,23620972.0
458.2643580469594,23662352.0
458.28479249707743,23713880.0
458.3052268473184,23731046.0
458.3256613976773,23734898.0
458.3460958481737,23736724.0
458.366530198764,23737428.0
458.3869647495012,23735670.0
458.4073992003469,23732430.0
458.4278335513154,23728586.0
458.44826810243103,23727388.0
458.4687024536252,23725518.0
458.4891369049728,23721216.0
458.5095714564086,23719434.0
458.530005807981,23715768.0
458.550440259678,23715580.0
458.5708748114921,23717622.0
458.5913092634437,23718156.0
458.6117436154891,23715276.0
458.6321781676816,23711646.0
458.6526126199533,23703460.0
458.67304697237705,23676742.0
458.693481424918,23656706.0
458.7139159775397,23676724.0
458.7343503303128,23709220.0
458.7547847832029,23723042.0
458.7752193362321,23727160.0
458.7956536893544,23729142.0
458.8160881425938,23727274.0
458.8365226959722,23725570.0
458.8569570494437,23724412.0
458.8773915030324,23723144.0
458.8978260567601,23721938.0
458.9182605106107,23718966.0
458.9386948645479,23717102.0
458.9591294186248,23712632.0
458.9795638728247,23707028.0
458.99999822714017,23701690.0
459.0204327815664,23696534.0
459.04086723611545,23692522.0
459.0613015907802,23690590.0
459.0817361455556,23689320.0
459.102170600454,23687144.0
459.122604955468,23652190.0
459.14303951059264,23612626.0
459.1634739658402,23638872.0
459.1839083212035,23692164.0
459.2043428767065,23718424.0
459.22477733230335,23721558.0
459.24521168801584,23727614.0
459.26564614383824,23730144.0
459.2860806997851,23726618.0
459.3065150558468,23724412.0
459.3269495120476,23720120.0
459.3473840683437,23715972.0
459.36781842475466,23710472.0
459.3882528812756,23706202.0
459.4086874379209,23707942.0
459.4291217946811,23712072.0
459.44955625155126,23710284.0
459.4699908085604,23703228.0
459.4904251656553,23693930.0
459.5108596228747,23691312.0
459.53129418021854,23689492.0
459.55172853767726,23686022.0
459.5721629952459,23666110.0
459.5925975529244,23642320.0
459.6130320107186,23650484.0
459.6334663686357,23681036.0
459.6539009266489,23701408.0
459.6743353847924,23705770.0
459.69476974304416,23709634.0
459.7152043014066,23715312.0
459.7356387598993,23718570.0
459.7560731184858,23722194.0
459.77650767721207,23723100.0
459.7969421360394,23719524.0
459.8173764949606,23711324.0
459.8378109540063,23700826.0
459.8786799724694,23689354.0
459.899114331849,23684930.0
459.91954889136105,23680240.0
459.9399833509815,23674622.0
459.9604177107103,23671606.0
459.9808522705571,23673330.0
460.0012866304969,23674352.0
460.0217210905612,23644524.0
460.0421556507499,23590938.0
460.0625900110317,23581058.0
460.0830244714453,23628360.0
460.103459031976,23666394.0
460.1238933925997,23679544.0
460.1443278533334,23691530.0
460.16476241417695,23701312.0
460.1851967751427,23705886.0
460.2056312362256,23709342.0
460.2260657974112,23711314.0
460.2465001587043,23711544.0
460.2669346201219,23709590.0
460.2873691816494,23706464.0
460.3078036432853,23707440.0
460.3282380050368,23708632.0
460.34867256689176,23705074.0
460.3691070288551,23697248.0
460.3895413909268,23686704.0
460.4099759531091,23681126.0
460.4304104154144,23680036.0
460.4508447778208,23679286.0
460.4712792403443,23663400.0
460.4917138029632,23633888.0
460.5121481657188,23623340.0
460.5325826285625,23649768.0
460.5530171915161,23678128.0
460.5734516545927,23686856.0
460.5938860177557,23690826.0
460.614320581044,23689582.0
460.6347550444552,23687532.0
460.655189407953,23692204.0
460.67562397156144,23696944.0
460.6960584352928,23700188.0
460.71649279912526,23701808.0
460.7369273630684,23700142.0
460.75736172711913,23697116.0
460.7777961912871,23693062.0
460.7982307555503,23685732.0
460.8186652199365,23671034.0
460.8390995844238,23662812.0
460.8595341490072,23660608.0
460.8799685137128,23658386.0
460.9004029785356,23656510.0
460.9412719084648,23592618.0
460.9617063736077,23563814.0
460.982140938846,23607688.0
461.0025754041926,23656994.0
461.02300976964034,23669286.0
461.0434442352125,23673256.0
461.0638788008801,23680780.0
461.08431316666247,23687834.0
461.1047476325548,23689320.0
461.12518219854246,23687348.0
461.145616564645,23688494.0
461.1660510308429,23694024.0
461.1864855971653,23697564.0
461.206919963588,23688574.0
461.22735443010606,23673332.0
461.24778899674857,23658960.0
461.26822336347686,23644142.0
461.2886578303151,23627138.0
461.3090923972777,23616444.0
461.3295268643269,23611764.0
461.3499612314845,23614084.0
461.3703957987673,23607220.0
461.3908302661148,23578784.0
461.4112646335998,23556488.0
461.4316992012027,23557252.0
461.4521336688777,23559814.0
461.47256803666096,23568008.0
461.4930026045695,23574784.0
461.5134370725864,23576936.0
461.53387144068256,23579832.0
461.5543060088967,23582478.0
461.5747404772264,23581390.0
461.615609314169,23565860.0
461.63604378280434,23542724.0
461.6564782515343,23514446.0
461.67691272037337,23488924.0
461.6973472893296,23474778.0
461.7177816583644,23470724.0
461.7382161275236,23467288.0
461.7586506967782,23462210.0
461.7790850661258,23456312.0
461.7995195356052,23453220.0
461.8199541051654,23447494.0
461.8403884748332,23439574.0
461.8608229446036,23436034.0
461.8812575144839,23437868.0
461.9016918844573,23440736.0
461.9221263545333,23444400.0
461.9425609247337,23449342.0
461.9629952949981,23453768.0
461.9834297653943,23458540.0
462.00386433588574,23465028.0
462.0242988064856,23470288.0
462.0447331771866,23472604.0
462.0651677479691,23471756.0
462.08560221887456,23468920.0
462.1060365898811,23466816.0
462.1264711609838,23466340.0
462.1469056321948,23463018.0
462.1673400034924,23460000.0
462.1877745749007,23457606.0
462.2082090464173,23454274.0
462.2286434180205,23449458.0
462.2490778897263,23443070.0
462.2695124615493,23441950.0
462.2899469334661,23443602.0
462.3103813054768,23445258.0
462.33081587759807,23444788.0
462.3512502498052,23443540.0
462.37168472212215,23441082.0
462.39211929454905,23440784.0
462.4125536670617,23444640.0
462.4329881396843,23448786.0
462.45342271240224,23453690.0
462.4738570852205,23459480.0
462.4942915581196,23466486.0
462.5147261311504,23467820.0
462.53516050426697,23471352.0
462.5555949774862,23479318.0
462.5760295508008,23481636.0
462.5964639242157,23475820.0
462.6168983977259,23469458.0
462.6373329713461,23465306.0
462.65776744506,23460982.0
462.6782018188751,23456764.0
462.6986363927863,23456356.0
462.7190708667986,23454100.0
462.7395052408901,23449058.0
462.7599398151069,23445872.0
462.7803742894103,23444822.0
462.8008086638147,23444038.0
462.8212432383152,23444034.0
462.86211208760506,23454704.0
462.8825465624032,23456420.0
462.9029811373039,23421070.0
462.92341551229765,23460516.0
462.9438499873795,23456096.0
462.96428456257127,23458322.0
462.9847190378423,23472472.0
463.0051534132217,23472594.0
463.0255879887118,23469646.0
463.0460224642811,23470036.0
463.0664568399516,23468238.0
463.0868914157254,23461922.0
463.1073258915858,23453758.0
463.1277602675473,23449950.0
463.14819484361215,23443626.0
463.1686293197636,23436396.0
463.1890636960161,23429142.0
463.2094982723647,23421362.0
463.2299326487992,23417914.0
463.2503671253362,23432400.0
463.2708017019832,23461226.0
463.2912360787086,23482656.0
463.3116705555367,23493614.0
463.3321051324674,23501052.0
463.3525396094774,23501366.0
463.3729739865885,23502680.0
463.39340856380295,23504972.0
463.413843041104,23507414.0
463.4342774184916,23517506.0
463.45471199599706,23536190.0
463.4751464735818,23560114.0
463.49558085126046,23587458.0
463.5160153290417,23617858.0
463.5364499069183,23643682.0
463.5568842848807,23630768.0
463.5773187629457,23634782.0
463.5977533410987,23631466.0
463.61818771934486,23633462.0
463.6386221976864,23617824.0
463.6590567761232,23566732.0
463.6794911546531,23532260.0
463.6999256332856,23565584.0
463.7203602119989,23606390.0
463.74079469081335,23618378.0
463.7612290697216,23624342.0
463.7816636487187,23628088.0
463.8020981278096,23635152.0
463.8429670862679,23642078.0
463.86340156564256,23647606.0
463.8838359451038,23653594.0
463.9042705246611,23659840.0
463.9247050043123,23662986.0
463.94513938405,23664150.0
463.9655739638838,23667674.0
463.9860084438114,23668160.0
464.0064428238256,23663736.0
464.026877403936,23657644.0
464.0473117841248,23651864.0
464.0677462644235,23645352.0
464.08818074480223,23631518.0
464.1086153252836,23600394.0
464.1290497058508,23576374.0
464.149484186506,23591488.0
464.1699187672639,23617528.0
464.19035314810753,23622986.0
464.210787629032,23619130.0
464.2312222100591,23619420.0
464.2516565911719,23619354.0
464.27209107237286,23623696.0
464.2925256536764,23630182.0
464.3129600350585,23636742.0
464.33339451652864,23643268.0
464.3538290981014,23650492.0
464.3742635797608,23656608.0
464.3946979614993,23658806.0
464.4151325433413,23657052.0
464.43556702526985,23655682.0
464.45600140727765,23655094.0
464.4764359893889,23652650.0
464.4968704715866,23652276.0
464.5173048538636,23649396.0
464.5377394362513,23638486.0
464.55817391871824,23596752.0
464.5786083012572,23549372.0
464.59904288389953,23566034.0
464.6194773666357,23608888.0
464.6399117494439,23628356.0
464.6603463323627,23629590.0
464.6807808153608,23632678.0
464.7012152984462,23634174.0
464.7216497816189,23630748.0
464.7420842648862,23630066.0
464.7625186482255,23633688.0
464.7829531316602,23639038.0
464.8033877151975,23643998.0
464.8238220987987,23647544.0
464.8442565825098,23652940.0
464.8646911663018,23655472.0
464.8851255501722,23653712.0
464.905560034138,23654074.0
464.9259946181992,23656694.0
464.9464290023316,23656232.0
464.966863486552,23652660.0
464.9872980708751,23645072.0
465.00773245526943,23616846.0
465.0281669397591,23585184.0
465.0486015243369,23589186.0
465.06903600899386,23616952.0
465.0894703937447,23633380.0
465.1099049785844,23632812.0
465.1303394634888,23628928.0
465.1507738484943,23626776.0
465.1712084335959,23624782.0
465.1916429187695,23623358.0
465.21207730402966,23623488.0
465.23251188938593,23623282.0
465.2529463748215,23622484.0
465.2733807603363,23626262.0
465.2938153459472,23634276.0
465.31424983163015,23642572.0
465.3346842174069,23650392.0
465.3551187032717,23650558.0
465.3755532892246,23649424.0
465.3959877752568,23650200.0
465.41642216136825,23652300.0
465.4368567475758,23648554.0
465.45729123385536,23608832.0
465.4777256202215,23550778.0
465.4981602066764,23546416.0
465.5185946932252,23593490.0
465.53902907984593,23626708.0
465.55946366654825,23630380.0
465.5798981533444,23626882.0
465.6003325402198,23624974.0
465.62076712716953,23627154.0
465.6412015142123,23630362.0
465.6616360013432,23632662.0
465.6820705885548,23638542.0
465.7025049758449,23644786.0
465.7229394632232,23647620.0
465.7433740506822,23646846.0
465.76380853822775,23650936.0
465.7842429258453,23659798.0
465.8046775135517,23664404.0
465.8251120013447,23662946.0
465.865980977178,23653914.0
465.8864154652183,23650924.0
465.9068498533379,23629162.0
465.9272844415318,23595836.0
465.94771892981953,23582766.0
465.9681533181865,23606942.0
465.98858780662704,23630738.0
466.0090223951629,23633726.0
466.0294567837773,23629926.0
466.0498912724652,23624440.0
466.07032586124114,23624694.0
466.0907603500964,23624526.0
466.1111947390309,23624710.0
466.1316293280543,23626164.0
466.1520638171496,23627874.0
466.1724982063315,23631572.0
466.19293279559497,23633078.0
466.213367284945,23633782.0
466.2338016743452,23636698.0
466.254236263856,23639082.0
466.2746707534389,23640432.0
466.29510514310095,23640332.0
466.3155397328519,23636362.0
466.3359742226749,23630594.0
466.3564086125698,23609562.0
466.3768432025536,23558184.0
466.3972775926159,23532362.0
466.41771208275895,23573370.0
466.4381466729901,23613518.0
466.4585810632853,23618862.0
466.4790155536612,23615186.0
466.4994501441324,23613826.0
466.51988463466114,23610166.0
466.5403190252764,23608318.0
466.5607536159805,23609908.0
466.5811881067639,23611832.0
466.6016224976047,23612946.0
466.62205698854086,23618812.0
466.6424915795578,23622562.0
466.6629259706388,23625362.0
466.68336046180775,23628852.0
466.7037950530648,23634180.0
466.7242294443786,23642250.0
466.7446639357804,23646916.0
466.76509852726304,23650152.0
466.78553301882494,23647876.0
466.8059674104516,23636598.0
466.8264020021743,23604490.0
466.84683649396175,23575714.0
466.8672708858285,23589806.0
466.8877054777695,23613920.0
466.90813996979705,23622590.0
466.9285743618893,23620040.0
466.9490089540705,23617616.0
466.9694434463236,23613614.0
466.9898778386487,23613522.0
467.01031243105535,23612068.0
467.0307469235413,23612214.0
467.0511813160993,23615350.0
467.0716159087315,23617544.0
467.092050401443,23619142.0
467.1124847942265,23622490.0
467.13291938709153,23625672.0
467.1533538800359,23630500.0
467.1942228661428,23636430.0
467.2146573592981,23637310.0
467.23509175254,23639152.0
467.2555262458554,23629756.0
467.2759608392517,23585684.0
467.2963952327118,23541336.0
467.31682972626,23565054.0
467.3372643198672,23605426.0
467.3576987135602,23619462.0
467.3781332073268,23617444.0
467.3985678011668,23617754.0
467.4190021950853,23615726.0
467.4394366890774,23610644.0
467.4598712831357,23610398.0
467.4803057772733,23614020.0
467.5007401714756,23617180.0
467.5211747657668,23619608.0
467.5416092601299,23622820.0
467.56204365456506,23628252.0
467.5824782490745,23631740.0
467.60291274364863,23636640.0
467.6233471382948,23643016.0
467.64378173302975,23662138.0
467.6642162278295,23656220.0
467.6846506227012,23652442.0
467.7050852176472,23649184.0
467.7255197126651,23625674.0
467.7459541077478,23594240.0
467.76638870291936,23598666.0
467.7868231981556,23627494.0
467.80725769346463,23639938.0
467.8276921888464,23633784.0
467.84812668430095,23629026.0
467.868561179821,23627156.0
467.88899567541375,23628816.0
467.90943017108657,23630240.0
467.9298646668394,23628996.0
467.9502990626424,23623202.0
467.9707336585343,23623704.0
467.9911680544756,23623898.0
468.0116025505122,23625860.0
468.0320371466223,23631200.0
468.05247154278914,23636520.0
468.0729060390222,23640528.0
468.09334063533606,23644726.0
468.1137750317139,23644582.0
468.1342095281725,23646186.0
468.1546441246901,23647946.0
468.17507862128696,23615446.0
468.1955130179485,23563364.0
468.21594761469896,23564136.0
468.2363821114996,23610502.0
468.25681650836486,23639968.0
468.277251105319,23640004.0
468.2976856023233,23636510.0
468.3181199994215,23634596.0
468.33855459657934,23637764.0
468.3589890937874,23636724.0
468.37942349108926,23633424.0
468.39985808845086,23632072.0
468.4202925858917,23631660.0
468.4407269833973,23632798.0
468.46116158096265,23635286.0
468.48159607860725,23638816.0
468.5020305763173,23643932.0
468.5224650740856,23648436.0
468.542899571934,23649454.0
468.56333406984777,23651022.0
468.583768467819,23651424.0
468.60420306587184,23651742.0
468.62463756400393,23636516.0
468.6450719621935,23608508.0
468.66550656045,23605024.0
468.6859410587713,23629400.0
468.70637545715,23645124.0
468.7268100556103,23642218.0
468.7472444541345,23637242.0
468.7676789527468,23638706.0
468.7881135513962,23638338.0
468.8289824489257,23629502.0
468.8494170477789,23628346.0
468.8698515467258,23628524.0
468.8902859457157,23628230.0
468.9107205447581,23624696.0
468.9311550438943,23624936.0
468.9515894430879,23624934.0
468.9720240423631,23625016.0
468.9924585417029,23626002.0
469.01289294108574,23635964.0
469.0333275405501,23635654.0
469.0537620400646,23598014.0
469.0741964396657,23614216.0
469.0946310393192,23547930.0
469.115065539052,23547626.0
469.1354999388423,23594512.0
469.1559345386995,23641196.0
469.1763690386215,23657334.0
469.19680353860167,23661644.0
469.2172380386619,23661570.0
469.2581070389424,23652828.0
469.2785414391765,23649904.0
469.2989760395066,23651220.0
469.3194105398943,23653544.0
469.3398449403176,23652024.0
469.3602795408224,23652344.0
469.3807140413992,23650154.0
469.4011484420116,23646322.0
469.42158304272016,23645616.0
469.4420175434861,23650126.0
469.4624519443023,23654376.0
469.4828865451855,23655910.0
469.5033210461552,23657148.0
469.523755447146,23649414.0
469.5441900482329,23620148.0
469.5646245493772,23599726.0
469.5850589505717,23618698.0
469.6054935518623,23648750.0
469.62592805318127,23663886.0
469.6463624545795,23671918.0
469.6667970560448,23677822.0
469.6872315575674,23677204.0
469.7076659591403,23671916.0
469.72810056078015,23665496.0
469.74853506250656,23657666.0
469.7689694642541,23649694.0
469.7894040660976,23643280.0
469.80983856799867,23637882.0
469.8302729699353,23639922.0
469.8507075719681,23645984.0
469.87114207404375,23649366.0
469.8915765761704,23648152.0
469.9120110783915,23647402.0
469.9324455806418,23650514.0
469.9528800829721,23658506.0
469.9733144853526,23653294.0
469.9937490878074,23615544.0
470.0141835903123,23580374.0
470.0346179928674,23612852.0
470.0550525955259,23662162.0
470.0754870982055,23679642.0
470.09592150094977,23679508.0
470.11635610376834,23680226.0
470.1367906066371,23681210.0
470.1572251095713,23678886.0
470.1776596125637,23677978.0
470.1980941156216,23684068.0
470.2185286187305,23682604.0
470.2389631218976,23674958.0
470.2593976251301,23675338.0
470.27983202842734,23679456.0
470.3002666317843,23684024.0
470.3207011351915,23685236.0
470.3411356386641,23688380.0
470.361570142195,23697068.0
470.3820046457768,23702860.0
470.40243904942326,23702612.0
470.4228736531295,23698222.0
470.4433081568859,23679164.0
470.46374256070703,23654472.0
470.484177164617,23663538.0
470.504611668548,23696138.0
470.5250460725438,23711470.0
470.54548067659925,23707706.0
470.5659151807049,23704566.0
470.5863496848906,23699396.0
470.60678418912,23694830.0
470.6272186934148,23690236.0
470.6476531977605,23689224.0
470.6680877021645,23688886.0
470.6885222066194,23692278.0
470.70895671113976,23696116.0
470.7293911157176,23697486.0
470.7498257203479,23696576.0
470.7702602250429,23695326.0
470.7906946297953,23695552.0
470.8111292346002,23696590.0
470.83156373946986,23700098.0
470.8519982443977,23706178.0
470.87243274934735,23712696.0
470.8928672543916,23681414.0
470.91330175946496,23633248.0
470.9337362646184,23642708.0
470.9541707698081,23692834.0
470.9746052750852,23720130.0
470.9950397803841,23721468.0
471.0154742857485,23719606.0
471.0359087911711,23724534.0
471.0563432966446,23726628.0
471.0767778021837,23726986.0
471.09721230778086,23730378.0
471.117646813429,23735476.0
471.1380813191136,23736560.0
471.15851572488464,23736548.0
471.1789503306791,23730454.0
471.19938483653823,23724454.0
471.219819242484,23728730.0
471.240253848453,23737652.0
471.2606883544868,23745294.0
471.2811228605424,23769518.0
471.3015573666926,23881802.0
471.321991872901,23952332.0
471.3424263791385,23903140.0
471.3628608854269,23854862.0
471.3832953917809,23843528.0
471.4037298981857,23840528.0
471.4241645046568,23852174.0
471.4445989111846,23843304.0
471.46503341774223,23834068.0
471.4854680243807,23824264.0
471.505902431054,23814174.0
471.526336937779,23807462.0
471.5467715445702,23800996.0
471.567205951389,23795532.0
471.587640458296,23791866.0
471.6080750652254,23791272.0
471.62850947221887,23791674.0
471.648943979264,23785404.0
471.6693785863463,23779742.0
471.6898130935151,23777088.0
471.7102475007123,23773480.0
471.7306821079619,23770480.0
471.75111661527626,23767598.0
471.7715510226408,23766126.0
471.8124200375023,23698344.0
471.8328545450204,23683374.0
471.85328915259015,23731460.0
471.8737235601948,23771880.0
471.8941580678511,23776648.0
471.9145926756028,23777678.0
471.9350270833529,23777560.0
471.9554615911911,23770650.0
471.97589619905193,23775050.0
471.9963306069767,23777134.0
472.01676511492406,23769344.0
472.0371997229668,23703818.0
472.05763413103705,23768734.0
472.0780686391663,23766210.0
472.09850324734725,23731968.0
472.1189377555638,23763704.0
472.13937216383056,23766836.0
472.1598067721643,23767754.0
472.1802412805555,23761658.0
472.200675688975,23757126.0
472.221110297447,23759546.0
472.2415448059837,23748762.0
472.2619792145415,23715112.0
472.2824138231663,23697852.0
472.3028483318485,23723108.0
472.3232827405591,23752950.0
472.3437173493221,23761584.0
472.3641518581208,23763732.0
472.38458626699867,23764162.0
472.4050208759145,23766314.0
472.42545538488775,23770884.0
472.4458899938836,23772594.0
472.4663244029434,23779024.0
472.4867589120622,23787764.0
472.5071935212327,23792832.0
472.5276279304089,23791826.0
472.5480624396732,23785952.0
472.56849694898847,23784170.0
472.588931458311,23783024.0
472.6093659677208,23784618.0
472.6298005771532,23786342.0
472.6502349866496,23787308.0
472.67066949617583,23789214.0
472.69110410578287,23779212.0
472.71153851539566,23735250.0
472.7319730250965,23698144.0
472.75240763482,23735520.0
472.7728420445783,23782522.0
472.7932765543956,23797770.0
472.8137111642645,23802120.0
472.8341455741684,23806924.0
472.8545800841312,23807002.0
472.8750146941457,23804694.0
472.895449104195,23807674.0
472.9158836143033,23809574.0
472.9363182244342,23812224.0
472.9567527346298,23810396.0
472.9771871448538,23808232.0
472.99762175513024,23810244.0
473.0180562654714,23811364.0
473.0384906758118,23805694.0
473.0589252862337,23803172.0
473.0793597967204,23801134.0
473.0997942072063,23798576.0
473.1202288177447,23799146.0
473.1406633283477,23796246.0
473.16109773900826,23775372.0
473.18153234966303,23751532.0
473.2019668604116,23766818.0
473.2224012711594,23800960.0
473.24283588198887,23817172.0
473.2632703928539,23819948.0
473.2837048037764,23820616.0
473.30413941472216,23820050.0
473.3245739257036,23817760.0
473.34500833674247,23815830.0
473.3654429478338,23819184.0
473.3858774589608,23825958.0
473.406311870116,23833284.0
473.4267464813238,23837988.0
473.44718099259626,23837318.0
473.4676156038913,23833240.0
473.4880500152212,23829304.0
473.5084845266101,23829350.0
473.5289191380507,23830970.0
473.549353549497,23834412.0
473.5697880610314,23837078.0
473.5902226725593,23831542.0
473.6106570841803,23791408.0
473.631091595802,23741492.0
473.6515262075045,23755020.0
473.6719606192128,23810224.0
473.69239513098,23843022.0
473.7128297427989,23848950.0
473.7332641546236,23851978.0
473.7536986665364,23856144.0
473.7741332784426,23859152.0
473.7945677904426,23862828.0
473.815002202442,23861886.0
473.8354368144937,23862004.0
473.8558713266102,23865598.0
473.87630573872593,23872790.0
473.8967403509232,23877910.0
473.917174863127,23874970.0
473.9376092753882,23871012.0
473.95804388770193,23868434.0
473.9784784000512,23869990.0
473.9989128124289,23868032.0
474.019347424859,23863454.0
474.03978183729487,23859606.0
474.0602163498188,23837794.0
474.0806509623653,23810192.0
474.1010853749467,23813612.0
474.121519887558,23841734.0
474.1419545002209,23856448.0
474.16238901291945,23853582.0
474.18282342567545,23850786.0
474.2032580384257,23850490.0
474.2236925512698,23848924.0
474.24412706411385,23849726.0
474.26456157700886,23854910.0
474.28499608996935,23859086.0
474.3054307029306,23861578.0
474.32586511594127,23862234.0
474.3462996289891,23862414.0
474.36673424209584,23861504.0
474.3871686552229,23862976.0
474.4076031683872,23861194.0
474.4280377815812,23858916.0
474.4484721948247,23859710.0
474.46890670813445,23864578.0
474.48934132144495,23866688.0
474.50977573480486,23839974.0
474.5302102482019,23788958.0
474.5506448616288,23784474.0
474.5710792751052,23831974.0
474.5915137885895,23866062.0
474.61194840216194,23870826.0
474.6323829157264,23868214.0
474.6528173293264,23866080.0
474.6732519430152,23867996.0
474.69368635669525,23870430.0
474.7141208704125,23875170.0
474.7345554841886,23876018.0
474.754989897985,23878356.0
474.7754244118478,23881046.0
474.8162934396241,23879386.0
474.83672795357415,23876682.0
474.8571625675541,23875652.0
474.87759698155423,23875538.0
474.8980314956207,23876090.0
474.918466109717,23874564.0
474.9389005238336,23873570.0
474.9593350379873,23862988.0
474.9797696522001,23832304.0
475.0002041664338,23815590.0
476.2875752292457,23912544.0
476.3080096455524,23902288.0
476.3284441617943,23857330.0
476.3488787781607,23810200.0
476.3693131944601,23826190.0
476.3897478108847,23874162.0
476.4101823273086,23897134.0
476.43061674373166,23895164.0
476.451051360149,23892564.0
476.47148587668926,23893510.0
476.4919202931633,23893116.0
476.5123549097043,23891256.0
476.5327894263028,23891686.0
476.553223942894,23894534.0
476.5736584595506,23892768.0
476.5940929761491,23892518.0
476.6145274928567,23890512.0
476.6349620095716,23888420.0
476.6553965262865,23887830.0
476.6758310430523,23887914.0
476.6962656598844,23892442.0
476.7167000766567,23898188.0
476.73713459348073,23899364.0
476.757569210371,23889478.0
476.77800362725975,23861898.0
476.7984381442002,23827032.0
476.8188726611479,23830768.0
476.8393071780956,23863942.0
476.8597415950935,23881898.0
476.8801762121002,23882304.0
476.9006107291643,23886134.0
476.9210452462212,23887748.0
476.9414797633435,23889182.0
476.96191428046586,23889726.0
476.9823487975809,23888786.0
477.0027833147615,23889466.0
477.023217831942,23887914.0
477.0436523491735,23884632.0
477.064086966413,23885108.0
477.0845213837092,23890568.0
477.1049559009989,23895548.0
477.1253905183548,23901286.0
477.14582493565104,23905960.0
477.16625945305714,23909118.0
477.18669407041307,23907684.0
477.2071284878257,23902674.0
477.2275631052908,23874574.0
477.2479976227624,23828700.0
477.2684320402332,23824092.0
477.2888666577565,23873482.0
477.30930117528624,23904092.0
477.32973559281527,23920692.0
477.3501702103968,23894612.0
477.3706047279848,23886506.0
477.39103924563096,23886878.0
477.4114737632699,23891396.0
477.4319082809743,23897812.0
477.4523427986787,23900592.0
477.4727773163759,23900106.0
477.4932118340803,23895000.0
477.5136463518429,23889912.0
477.53408086965646,23887622.0
477.5545153874191,23889002.0
477.57494980529736,23889880.0
477.5953844231117,23888604.0
477.6158189409907,23886298.0
477.636253358869,23884320.0
477.6566879767997,23884670.0
477.677122494737,23875582.0
477.6975569126735,23849206.0
477.7179915306624,23838532.0
477.73842604865786,23863734.0
477.7588605667115,23887946.0
477.7792950846997,23892114.0
477.7997296028116,23891126.0
477.820164120858,23891550.0
477.8610331570817,23886454.0
477.88146767525177,23880600.0
477.9019022934153,23878250.0
477.9223367115847,23878740.0
477.9427713298064,23880006.0
477.9632058480347,23875362.0
477.9836402662622,23873210.0
478.0040748845422,23875258.0
478.0245094028287,23879156.0
478.0449438211144,23880202.0
478.0653784394526,23880156.0
478.0858129577973,23884278.0
478.10624737614125,23890554.0
478.1266819945377,23881210.0
478.14711651294056,23840246.0
478.1675509313427,23812332.0
478.1879855497973,23850358.0
478.2084200682002,23894080.0
478.22885458671954,23906974.0
478.2492891051734,23909766.0
478.2697236236927,23909904.0
478.29015814227023,23908586.0
478.3105926607823,23906514.0
478.3310271793598,23903314.0
478.3514615979366,23901240.0
478.3718962165076,23901548.0
478.3923307351433,23902286.0
478.4127651537783,23904228.0
478.4536342911015,23898440.0
478.47406870979466,23896368.0
478.4945033284821,23902396.0
478.5149378472343,23906220.0
478.5353724659872,23908180.0
478.5558068847313,23907974.0
478.5762414034834,23901964.0
478.59667602229456,23875734.0
478.6171104410969,23850496.0
478.6375449599073,23870600.0
478.6579795787766,23908564.0
478.6784139976371,23924414.0
478.6988485165057,23925422.0
478.719283135375,23919838.0
478.7397176542945,23912912.0
478.7601520732205,23909712.0
478.78058669214806,23908024.0
478.80102121112577,23904354.0
478.8214556300518,23903386.0
478.8418902490957,23900568.0
478.8623247680735,23897014.0
478.8827591870577,23892558.0
478.9031938061016,23893174.0
478.9236283251376,23897836.0
478.94406274418,23900346.0
478.9644973632821,23903822.0
478.9849317823755,23907696.0
479.0053663014769,23912910.0
479.0258009205791,23908980.0
479.0462353397306,23870958.0
479.06666985889024,23830516.0
479.0871044780506,23855830.0
479.1075389972029,23907830.0
479.1279735164208,23934836.0
479.1484080355804,23939334.0
479.1688425547909,23942556.0
479.1892770740669,23941592.0
479.2097115932848,23936304.0
479.2301461125535,23930442.0
479.2505807318303,23925208.0
479.27101515110553,23917616.0
479.2914496704325,23913416.0
479.31188428970927,23911084.0
479.33231870904274,23910172.0
479.3527532283697,23909592.0
479.3731878477047,23908986.0
479.3936222670964,23910276.0
479.4140567864815,23908488.0
479.4344914058747,23907892.0
479.4549258252664,23906780.0
479.4753603446516,23905120.0
479.49579496410297,23886046.0
479.51622938355285,23867716.0
479.536663902938,23877196.0
479.5570985224476,23906490.0
479.5775330418983,23919530.0
479.5979675613999,23917616.0
479.6184020809087,23916578.0
479.6388366003521,23918410.0
479.6592711199192,23919296.0
479.679705639428,23916802.0
479.7001401589878,23919384.0
479.72057467849663,23921370.0
479.7410091980637,23923174.0
479.7614436176227,23924644.0
479.7818782372488,23919214.0
479.8023127568158,23907524.0
479.8227471764403,23897710.0
479.8431817960591,23889028.0
479.86361631568434,23885578.0
479.8840507353016,23887332.0
479.9044853549276,23890142.0
479.9249198746111,23891948.0
479.9453543942873,23862028.0
479.96578891391255,23814860.0
479.986223433596,23817580.0
480.0066579533304,23868990.0
480.0270924730139,23902746.0
480.0475269926974,23908780.0
480.0679615124318,23912038.0
480.08839613217424,23914126.0
480.1088305519152,23916550.0
480.1292650716496,23916236.0
480.1496996914502,23915410.0
480.1701341111912,23911972.0
480.1905687309263,23905230.0
480.2110032507262,23900884.0
480.2314376705253,23898020.0
480.2518722903187,23895646.0
480.2723068101186,23898670.0
480.29274122991774,23900484.0
480.3131758497693,23899972.0
480.3336103696274,23901988.0
480.35404478942655,23898698.0
480.3744794092781,23894894.0
480.3949138291355,23877898.0
480.4153483489936,23852532.0
480.4357829688452,23847970.0
480.4562173887607,23879616.0
480.4766519086188,23908342.0
480.4970865285286,23908574.0
480.5175210483867,23902168.0
480.53795546830224,23896092.0
480.558390088212,23893034.0
480.57882460812834,23892410.0
480.5992590280439,23891354.0
480.6196936480119,23890028.0
480.6401281679282,23892308.0
480.660562587902,23889804.0
480.6809972078117,23883862.0
480.7014317277863,23876840.0
480.72186614776,23873020.0
480.742300767728,23872620.0
480.7627352877025,23871236.0
480.7831699076778,23871016.0
480.8036043276443,23874230.0
480.8444734675868,23861828.0
480.8649078876188,23811172.0
480.88534240759327,23783610.0
480.9057770276268,23831034.0
480.9262115476522,23884594.0
480.946645967626,23902152.0
480.96708058765216,23910618.0
480.9875151076849,23913448.0
481.0079495277169,23911180.0
481.02838414775033,23907974.0
481.048818667834,23905348.0
481.069253087866,23897338.0
481.08968770789215,23892012.0
481.1101222279831,23890126.0
481.13055664801504,23888538.0
481.1509912680485,23888138.0
481.1714256881314,23884930.0
481.1918602082224,23886184.0
481.21229482824856,23884386.0
481.2327292483387,23881506.0
481.25316376842966,23878764.0
481.27359838852135,23876948.0
481.2940328086042,23871908.0
481.31446732863697,23849584.0
481.3349019487796,23834530.0
481.3553364688705,23853392.0
481.3757709889615,23880742.0
481.3962055090524,23888612.0
481.416640029136,23887616.0
481.43707454922696,23887490.0
481.4575090693106,23886212.0
481.47794358945976,23887490.0
481.49837820955145,23887766.0
481.5188126296416,23886212.0
481.5392471497835,23884274.0
481.5596817698752,23881406.0
481.58011618995806,23878350.0
481.6005507101072,23875998.0
481.6209853301989,23870296.0
481.64141975034727,23866136.0
481.6618542704309,23866268.0
481.6822888905808,23867556.0
481.7027233106637,23866314.0
481.72315783081285,23865886.0
481.7435924509045,23855216.0
481.7640268710456,23811238.0
481.7844613911948,23769100.0
481.8048959112857,23800154.0
481.8253304314276,23855742.0
481.8457649515185,23878400.0
481.8661995716684,23883648.0
481.8866339917513,23891790.0
481.9070686119012,23895548.0
481.92750313205033,23899512.0
481.9479375521332,23900128.0
481.9683721722831,23892338.0
481.98880669237406,23881052.0
482.0092411125152,23872500.0
482.0296757326069,23866446.0
482.050110252756,23860728.0
482.0705446728389,23854268.0
482.0909792929888,23849246.0
482.1114138130797,23846202.0
482.1318482332208,23843962.0
482.1522828533125,23844100.0
482.1727173734616,23842280.0
482.1931518935453,23840252.0
482.2135864136362,23821764.0
482.23402093378536,23801138.0
482.254455453869,23818174.0
482.27488997396,23852794.0
482.2953244940509,23870858.0
482.3157590141345,23875160.0
482.3361936342844,23879158.0
482.3566280543746,23880066.0
482.3770625744583,23881972.0
482.39749719454994,23887894.0
482.4179316146401,23892354.0
482.4383662347245,23895056.0
482.4588007547573,23896278.0
482.4792351748474,23891010.0
482.49966979493183,23881954.0
482.5201042149638,23872330.0
482.5405387350547,23864236.0
482.5609733551392,23859764.0
482.5814077751711,23859830.0
482.6018422952038,23858884.0
482.6222769152882,23856916.0
482.6427113353202,23851254.0
482.6631458553529,23815932.0
482.6835804754373,23763416.0
482.70401499547006,23766876.0
482.724449415502,23821004.0
482.7448840355282,23858272.0
482.76531855556095,23865172.0
482.7857529755347,23874752.0
482.8061875955609,23884332.0
482.8266221155936,23887502.0
482.8470565355674,23889774.0
482.8674911555936,23885828.0
482.8879256755681,23880712.0
482.9083602955361,23877506.0
482.92879471550987,23876054.0
482.9492292354844,23876884.0
482.9696638554524,23873324.0
482.9900982754261,23864294.0
483.0105327954007,23860296.0
483.0309674153687,23852756.0
483.0514018352842,23847144.0
483.0718363552587,23841292.0
483.0922709751685,23834988.0
483.1127053950841,23813206.0
483.13313991505856,23784820.0
483.1535745349684,23786856.0
483.1740089548839,23821880.0
483.194443474742,23845750.0
483.2148780946518,23848918.0
483.23531251456734,23855874.0
483.25574703442544,23860374.0
483.2761816543352,23863600.0
483.29661607419257,23864668.0
483.3170505940506,23863824.0
483.3374852139023,23862012.0
483.3579196337596,23861362.0
483.3783541535595,23857870.0
483.3987887734111,23846932.0
483.4192231932102,23836622.0
483.43965781306906,23833716.0
483.4600923328617,23837286.0
483.4805267526608,23839568.0
483.5009613724615,23834704.0
483.5213958921959,23826048.0
483.54183041199576,23816810.0
483.5622649317375,23791692.0
483.58269945153006,23740436.0
483.60313397127175,23719688.0
483.62356849101343,23772272.0
483.64400301074784,23822862.0
483.6644375304313,23836988.0
483.68487215017376,23841226.0
483.7053065698492,23849240.0
483.7257410895327,23857110.0
483.7461757092751,23864266.0
483.7666101288924,23868804.0
483.78704464857583,23869848.0
483.8279136878773,23861742.0
483.84834820750257,23857036.0
483.8687828271286,23856256.0
483.8892172467458,23851234.0
483.9096518663719,23845668.0
483.93008628593816,23839720.0
483.95052080555615,23834138.0
483.970955425124,23830362.0
483.9913898446903,23826842.0
484.0118243641919,23812906.0
484.0322589837597,23778300.0
484.0526935032685,23754080.0
484.0731279228276,23772978.0
484.0935625423372,23786758.0
484.113997061846,23767018.0
484.13443148128863,23735524.0
484.15486610074,23714876.0
484.1753006202489,23714044.0
484.1957350396915,23715868.0
484.2161696590847,23721198.0
484.23660417852807,23724326.0
484.25703859791975,23728402.0
484.2774732173712,23730638.0
484.2979077367636,23727074.0
484.3183421560898,23722078.0
484.338776775483,23710720.0
484.35921129480994,23688246.0
484.3796459142032,23662752.0
484.4000803334784,23636516.0
484.42051485281263,23622588.0
484.4409494720821,23606356.0
484.4613838914156,23597770.0
484.4818184106844,23585782.0
484.50225302996114,23583174.0
484.5226875465596,23598002.0
484.5431219657767,23606194.0
484.563556584988,23602434.0
484.583991004205,23598492.0
484.60442552335735,23602424.0
484.6248601425759,23610916.0
484.64529466173553,23617190.0
484.6657290808944,23621906.0
484.68616369998927,23624014.0
484.7065981191481,23625268.0
484.72703263824224,23625672.0
484.7474672573444,23626534.0
484.7679016763868,23620004.0
484.7883361954882,23620380.0
484.8087708145249,23615040.0
484.82920523356734,23606520.0
484.849639752545,23591252.0
484.870074371589,23580068.0
484.890508890574,23575038.0
484.9109434095517,23574308.0
484.93137792847847,23585900.0
484.95181244746345,23594076.0
484.97224696638295,23585116.0
484.9926814852515,23562362.0
485.0131160041783,23551086.0
485.0335506230404,23553708.0
485.05398504190816,23562110.0
485.07441956077673,23571830.0
485.0948541795806,23575838.0
485.1152885983902,23580608.0
485.1357231172005,23585732.0
485.1561577360044,23590888.0
485.1765921547558,23592332.0
485.19702667350793,23589446.0
485.21746129219537,23586792.0
485.2378957109468,23585552.0
485.2583302296407,23580288.0
485.27876484826993,23577924.0
485.2991992669631,23579864.0
485.31963378559885,23578410.0
485.3400683042273,23577238.0
485.3605028228631,23570968.0
485.38093744144135,23562960.0
485.4013719600116,23558584.0
485.4218063785884,23559202.0
485.44224099710846,23560312.0
485.4626755156205,23561064.0
485.4831099341391,23560162.0
485.50354455260094,23561160.0
485.5239790710548,23571524.0
485.5444134895152,23580396.0
485.5648481079188,23584520.0
485.5852826263727,23589660.0
485.6057170447166,23598382.0
485.62615166312025,23605824.0
485.6465861814577,23608440.0
485.6670205998016,23617104.0
485.68745521808887,23626612.0
485.7078897364263,23628156.0
485.7283242546546,23626310.0
485.7487587729411,23621776.0
485.7691932911621,23614056.0
485.7896278093904,23609248.0
485.8100623275605,23610078.0
485.8304968457815,23615904.0
485.8509314638941,23624124.0
485.87136598206416,23620236.0
485.891800400168,23618170.0
485.9122350182806,23626068.0
485.932669536327,23662084.0
485.9531039543799,23699896.0
485.9735385724344,23727508.0
485.9939730904298,23738544.0
486.0144075084172,23741382.0
486.0348421264134,23744564.0
486.0552766443434,23747228.0
486.0757110622799,23751278.0
486.0961456801597,23756582.0
486.116580098038,23761960.0
486.1370146159097,23767404.0
486.1574492337895,23773590.0
486.1778836516096,23791052.0
486.19831816936494,23811672.0
486.2187527871283,23833404.0
486.2391873049492,23844178.0
486.25962172264553,23843106.0
486.2800563403507,23814096.0
486.3004908580479,23756766.0
486.3209252756933,23732496.0
486.34135989334027,23780462.0
486.3617944109792,23825458.0
486.382229028568,23831884.0
486.4026634461552,23830904.0
486.4230979636777,23830376.0
486.4435325812665,23831210.0
486.4639669987373,23834494.0
486.4844015162016,23841000.0
486.504836133674,23842850.0
486.5252705511448,23844082.0
486.5457050684927,23848938.0
486.5661396859068,23852744.0
486.5865741033194,23860400.0
486.6070086206091,23859876.0
486.62744323796505,23858358.0
486.64787765526125,23856446.0
486.66831217249273,23856392.0
486.68874678973225,23855938.0
486.709181306971,23853618.0
486.7296157241435,23843338.0
486.7500503413248,23813816.0
486.7704847585046,23794202.0
486.81135389268456,23838190.0
486.8317883098061,23845170.0
486.8522229268056,23847376.0
486.8726574438697,23848364.0
486.89309186081664,23844960.0
486.9135264778161,23843396.0
486.93396099476377,23841328.0
486.9543954117107,23843066.0
486.9748300285937,23849060.0
486.9952645454832,23856876.0
487.0156989622556,23863500.0
487.03613357913855,23865190.0
487.0565680959117,23867659.0
487.0770026126848,23870128.0
487.09743712945055,23866998.0
487.1178716461072,23861082.0
487.1383061627639,23855990.0
487.1587406794133,23849230.0
487.17917519607,23833338.0
487.1996097127266,23785390.0
487.2200443292604,23740940.0
487.2404787457999,23767320.0
487.2609132623402,23814136.0
487.28134787887393,23829150.0
487.301782295297,23827004.0
487.3222169117216,23826346.0
487.3426514281382,23824320.0
487.3630858445613,23823918.0
487.3835204609786,23826644.0
487.4039549772861,23826248.0
487.4243893935927,23828564.0
487.4448240097845,23835168.0
487.4652585260847,23843722.0
487.4856929422749,23849966.0
487.5061275584594,23854736.0
487.52656197464967,23859480.0
487.5469964908407,23863010.0
487.5674311069161,23861624.0
487.5878656229834,23858754.0
487.6083000390572,23853840.0
487.6287346550089,23844230.0
487.6491691709671,23810308.0
487.6696035870409,23776376.0
487.6900382028834,23779978.0
487.7104727188344,23809524.0
487.73090713467536,23824090.0
487.7513417505106,23825690.0
487.7717762663524,23825602.0
487.7922108821949,23823572.0
487.8126452979195,23824590.0
487.8330798136376,23832608.0
487.8535144293637,23838396.0
487.8739488449646,23842538.0
487.8943833605736,23841918.0
487.91481797618326,23838256.0
487.9352523917914,23838232.0
487.9556869072767,23836820.0
487.9761215228864,23840058.0
487.9965559383709,23847244.0
488.016990453747,23852056.0
488.0374250692402,23852376.0
488.0578595846091,23851292.0
488.07829399998445,23844754.0
488.0987286152449,23806370.0
488.11916303049657,23754804.0
488.13959754575626,23762046.0
488.1600321610167,23813212.0
488.1804665762757,23839046.0
488.2009010914117,23836368.0
488.2213357065557,23836880.0
488.2417701216909,23838300.0
488.26220473671856,23841252.0
488.2826392517454,23843008.0
488.3030736667715,23846562.0
488.3235082817919,23846902.0
488.3439427967023,23848820.0
488.36437721160473,23850054.0
488.384811826516,23854256.0
488.40524634131,23858900.0
488.42568085609673,23863132.0
488.4461153708908,23868048.0
488.4665498856848,23873938.0
488.4869844003552,23873004.0
488.5074189150328,23869348.0
488.5278534297104,23861294.0
488.5482879442643,23835010.0
488.5687224589419,23794186.0
488.5891569733867,23788568.0
488.60959148794063,23818364.0
488.6300261023862,23838944.0
488.6504605168302,23837668.0
488.6708950312677,23835034.0
488.69132964559685,23837104.0
488.71176405992446,23840534.0
488.7321986742463,23841368.0
488.7526331885747,23842996.0
488.7730676027859,23845350.0
488.7935022169913,23851318.0
488.8139367312033,23857766.0
488.83437114529806,23860868.0
488.8548057593871,23865454.0
488.8752402734826,23868902.0
488.895674687461,23869442.0
488.9161093014336,23870700.0
488.936543715412,23871526.0
488.9569782293911,23872838.0
488.9774128432473,23872422.0
488.99784735711,23845194.0
489.01828177085554,23790158.0
489.0387163847117,23767326.0
489.059150898458,23809772.0
489.0795853120872,23847996.0
489.1000199258269,23852066.0
489.1204544394568,23856136.0
489.1408888529695,23857798.0
489.1613234665929,23859814.0
489.1817579801064,23860150.0
489.20219239361904,23858674.0
489.2226270070096,23856652.0
489.2430615204066,23859210.0
489.2634961337972,23862628.0
489.2839305471935,23865208.0
489.3043650604741,23868038.0
489.3247996737482,23867040.0
489.34523408691166,23865142.0
489.3656686001923,23863288.0
489.38610321335,23867476.0
489.406537626397,23871604.0
489.4269721394448,23874136.0
489.4474067524861,23865420.0
489.46784126553393,23834776.0
489.48827567846456,23813644.0
489.50871029138943,23833110.0
489.52914470432006,23857262.0
489.54957921713503,23864314.0
489.5700138299435,23863142.0
489.5904482427577,23857968.0
489.61088275545626,23850044.0
489.6313173681483,23848328.0
489.6517517808461,23850314.0
489.6721862934282,23851158.0
489.6926209060039,23850528.0
489.7130553184688,23852884.0
489.7334899310517,23858290.0
489.7539244435102,23863912.0
489.7947934683252,23865240.0
489.81522798066726,23869900.0
489.83566249290016,23876792.0
489.85609700513305,23878516.0
489.8765315173586,23879054.0
489.8969660295916,23867118.0
489.9174005417081,23815824.0
489.93783505381725,23771224.0
489.9582695658173,23804858.0
489.9787041778181,23854440.0
489.9991385898102,23868736.0
490.01957310181024,23864742.0
490.04000771369465,23861496.0
490.0604421255703,23859954.0
490.0808766373375,23860694.0
490.1013112491055,23865842.0
490.1217456608647,23869580.0
490.1421801725155,23868516.0
490.1626147841671,23864842.0
490.1830491958099,23862138.0
490.2034837073443,23857806.0
490.2239183188794,23856932.0
490.2443527302894,23858632.0
490.26478734182456,23866786.0
490.2852218531261,23870464.0
490.3056562645361,23879462.0
490.3260908758384,23882886.0
490.34652538714,23876024.0
490.3669597983171,23847048.0
490.38739440950303,23818518.0
490.4078289206882,23829506.0
490.4282633317489,23859926.0
490.4486979428184,23874726.0
490.4691324537707,23876090.0
490.4895668648314,23869994.0
490.5100014756681,23863118.0
490.5304359866204,23860014.0
490.5508703974483,23858824.0
490.571305008285,23856612.0
490.5917395190045,23855568.0
490.612173929716,23858298.0
490.6326085403198,23863302.0
490.65304305092286,23865768.0
490.67347756151867,23868156.0
490.69391207212175,23869010.0
490.7143465826084,23873574.0
490.73478119297215,23878448.0
490.75521560345805,23881474.0
490.775650113821,23882578.0
490.7960847240756,23877780.0
490.8165192343295,23839866.0
490.83695364458254,23793060.0
490.85738825471344,23806288.0
490.87782276485086,23859998.0
490.8982571749802,23888486.0
490.918691785002,23886772.0
490.9391261950223,23887802.0
490.9595607049269,23884564.0
490.9799953148249,23879840.0
491.0004298247295,23877730.0
491.0208642345097,23876064.0
491.0412988442986,23875794.0
491.061733254086,23872684.0
491.08216776375775,23870376.0
491.1026023733066,23866138.0
491.1230367828612,23861100.0
491.1434712924092,23859310.0
491.1639059019653,23862982.0
491.18434041140426,23867458.0
491.2047749208359,23873008.0
491.2252094301584,23877176.0
491.24564393948094,23878192.0
491.26607844867976,23863432.0
491.28651295788586,23839734.0
491.306947467092,23838114.0
491.3273820761751,23865978.0
491.3478164852641,23886152.0
491.3682509942373,23888430.0
491.38868560320407,23888304.0
491.4091200121766,23889318.0
491.4295545210334,23891354.0
491.44998912988376,23893326.0
491.4704235386234,23890446.0
491.4908580473639,23887692.0
491.5112926560978,23882960.0
491.53172706472105,23876838.0
491.5521615733451,23873920.0
491.57259618184617,23874544.0
491.593030590353,23878148.0
491.6134650988606,23883570.0
491.6338997072453,23891954.0
491.65433421552007,23898440.0
491.6747686239105,23901686.0
491.6952032320624,23904566.0
491.7156376403364,23882110.0
491.7360722484955,23832466.0
491.7565067565301,23814250.0
491.7769411645713,23861804.0
491.797375772614,23902110.0
491.8178102805323,23908900.0
491.83824468845705,23912030.0
491.85867929638334,23915116.0
491.8791138041852,23912948.0
491.8995482118771,23908528.0
491.9199828195706,23906376.0
491.940417327256,23903616.0
491.9608517348315,23901056.0
491.98128634240857,23899166.0
492.0017208499776,23898802.0
492.022155357321,23899600.0
492.0425898647809,23897992.0
492.063024372117,23896172.0
492.0834588794605,23892694.0
492.1038933866876,23890312.0
492.1243278939073,23892044.0
492.14476240101794,23897984.0
492.1651970081293,23892980.0
492.1856314151155,23866072.0
492.2060660222269,23851418.0
492.2265005290974,23878524.0
492.2469349359744,23906590.0
492.267369542853,23911456.0
492.2878040496144,23909422.0
492.3082384563677,23907614.0
492.3286730630134,23905652.0
492.3491075696511,23905158.0
492.3695419762953,23903800.0
492.3899765828246,23902948.0
492.41041108923673,23902924.0
492.4308454956408,23906144.0
492.4512801020537,23906780.0
492.4717145083487,23902412.0
492.4921490146371,23901256.0
492.5125836208172,23903792.0
492.5330180269957,23906380.0
492.5534525330513,23910454.0
492.57388713911496,23916908.0
492.59432164517057,23920728.0
492.6147560511163,23908380.0
492.6351906569471,23860866.0
492.65562516277714,23819972.0
492.6760597686007,23852316.0
492.6964941743136,23906916.0
492.7169286800199,23928702.0
492.7373632856179,23931944.0
492.7782321966952,23932836.0
492.7986668021695,23941456.0
492.8191012075331,23941778.0
492.8395357128902,23936662.0
492.85997031825536,23931816.0
492.88040472338616,23928956.0
492.90083922862686,23924202.0
492.9212738337592,23920218.0
492.9417082387736,23916362.0
492.96214274378144,23917128.0
492.98257734879735,23920436.0
493.0030118536961,23920576.0
493.0234462585868,23917072.0
493.04388086336985,23918742.0
493.06431536815217,23917960.0
493.08474977281,23893978.0
493.1051843774767,23868098.0
493.1256187820254,23880708.0
493.1460533865684,23910602.0
493.1664878910015,23923170.0
493.18692229543376,23919840.0
493.2073568997439,23916604.0
493.22779140406055,23917344.0
493.24822580826,23917958.0
493.26866041245376,23916030.0
493.2890949165376,23913694.0
493.30952932062064,23912230.0
493.329963924698,23913134.0
493.35039842854894,23915502.0
493.3708328325156,23917240.0
493.39126743636007,23916798.0
493.4117019400946,23917724.0
493.4321364438292,23917848.0
493.4525709475565,23918548.0
493.4730054511747,23922226.0
493.4934399546764,23925904.0
493.51387455817166,23923742.0
493.5343089615562,23884554.0
493.5547434649416,23834748.0
493.5751780683204,23849648.0
493.5956124715885,23909496.0
493.6160470747418,23946888.0
493.636481577887,23950726.0
493.6569159810388,23950396.0
493.67735058406834,23948206.0
493.697785086988,23947844.0
493.7182194899069,23944520.0
493.7386540927109,23942028.0
493.7590885955069,23939480.0
493.7795229983094,23936664.0
493.7999576009897,23933562.0
493.82039210356015,23929170.0
493.8408265061298,23927462.0
493.8612611085846,23925106.0
493.8816956110313,23921938.0
493.90213001348457,23917570.0
493.9225646156992,23914022.0
493.9429991180368,23911864.0
493.9634335202573,23910554.0
493.9838681223628,23895096.0
494.00430262446025,23868226.0
494.02473702644784,23867050.0
494.04517162842967,23900904.0
494.0656061303016,23925624.0
494.0860407321743,23928610.0
494.10647513392905,23931030.0
494.1269096355609,23934958.0
494.1473442373172,23937824.0
494.1677786388318,23937534.0
494.1882131403545,23935170.0
494.20864774187794,23931718.0
494.22908214328345,23932178.0
494.249516644566,23934906.0
494.2699512458567,23934626.0
494.29038564713846,23930984.0
494.3108201483119,23932776.0
494.3312547493697,23936384.0
494.3516892504194,23939014.0
494.3721236513593,23938678.0
494.3925582523007,23933028.0
494.4129927531176,23930858.0
494.433427153941,23902756.0
494.4538617546496,23851198.0
494.47429625535005,23842066.0
494.4947306559407,23898146.0
494.5151652565328,23944864.0
494.5355996569997,23954858.0
494.556034257359,23956270.0
494.5764687577175,23957010.0
494.5969031580753,23957146.0
494.6173377581945,23955848.0
494.6377722584366,23949770.0
494.6582066585543,23944320.0
494.6786412585643,23947466.0
494.6990757584572,23949608.0
494.7195102584592,23948050.0
494.7399447582357,23939926.0
494.7603792580121,23931320.0
494.7808137577813,23925530.0
494.8012482574413,23921430.0
494.82168275698496,23922166.0
494.8421172565213,23926192.0
494.8625518559493,23929542.0
494.8829862553757,23918950.0
494.9034207546793,23884668.0
494.9238553539908,23866558.0
494.9442897531844,23888662.0
494.9647242523715,23917968.0
494.9851588514503,23927292.0
495.00559325041104,23933958.0
495.0260278493661,23939950.0
495.0464623482112,23946796.0
495.0668967470556,23952484.0
495.0873313457778,23951822.0
495.1077658445065,23950064.0
495.1282002431181,23950432.0
495.1486348416074,23952738.0
495.1690693401033,23952272.0
495.1895038384828,23947858.0
495.209938336855,23944156.0
495.230372835118,23943048.0
495.2508072333803,23942428.0
495.27124183152046,23942788.0
495.2916763296671,23946982.0
495.31211072769656,23948368.0
495.3325453256039,23937046.0
495.35297982351767,23886488.0
495.3734142213143,23847046.0
495.3938488191052,23879358.0
495.41428331678617,23926740.0
495.43471771435,23949492.0
495.455152311908,23956102.0
495.4755868093562,23960716.0
495.4960214067978,23961838.0
495.5164558041288,23960282.0
495.5368903014605,23958250.0
495.5573248986693,23953562.0
495.5777592958839,23948958.0
495.5981937928664,23945170.0
495.6186283899588,23942146.0
495.63906278682407,23938374.0
495.6594972836901,23936814.0
495.6799318805497,23935108.0
495.70036637729936,23930742.0
495.72080077393184,23925892.0
495.7616698670754,23914882.0
495.78210426359146,23909320.0
495.80253885998536,23882314.0
495.82297335626936,23858262.0
495.8434077525526,23871120.0
495.86384234871366,23904426.0
495.8842768448813,23923830.0
495.9047112409317,23928222.0
495.9251458368599,23929782.0
495.9455803327946,23929120.0
495.9660147286122,23931444.0
495.986449324424,23933756.0
496.0068837201252,23936004.0
496.02731831571145,23940286.0
496.0477528112897,23941660.0
496.068187206758,23941068.0
496.0886218022279,23943442.0
496.10905629757326,23945694.0
496.12949079292594,23946582.0
496.1499252880458,23944320.0
496.1703597832748,23943444.0
496.1907942782782,23940076.0
496.2112287732816,23938766.0
496.23166326827777,23935454.0
496.2520977630484,23897442.0
496.27253235793614,23843142.0
496.2929667525823,23852248.0
496.31340124723647,23907092.0
496.333835841775,23937642.0
496.3542702363047,23937666.0
496.3747047307261,23939946.0
496.3951393251482,23941426.0
496.4155737194451,23941238.0
496.4360082136336,23943270.0
496.4564428078229,23940402.0
496.47687720177055,23937184.0
496.49731169584265,23933998.0
496.5177462897991,23932986.0
496.5381807836311,23934598.0
496.558615277354,23931556.0
496.5790497710768,23928396.0
496.5994842647924,23926528.0
496.6199187582824,23923800.0
496.64035325177247,23920464.0
496.66078764525446,23918492.0
496.6812222386288,23919758.0
496.701656731886,23901164.0
496.7220911250188,23873396.0
496.7425257181603,23870138.0
496.7629602111847,23899310.0
496.783394604201,23917204.0
496.80382919710974,23916844.0
496.8242636899013,23916688.0
496.8446980826848,23915784.0
496.8651326753607,23915398.0
496.8855671680358,23916506.0
496.9060015605865,23918652.0
496.9264361530295,23920282.0
496.9468706453554,23922966.0
496.967305137674,23926242.0
496.9877396298834,23926454.0
497.0081741220929,23925304.0
497.0286087141794,23927966.0
497.0490431062717,23927562.0
497.0694775981319,23924986.0
497.0899121899856,23924096.0
497.1103466818458,23918646.0
497.1307810735889,23910734.0
497.15121566520975,23881424.0
497.1716501567207,23830206.0
497.1920845482309,23815726.0
497.21251913961896,23869818.0
497.2329536310135,23911932.0
497.2533880222909,23920716.0
497.2738226134461,23922774.0
497.2942571046078,23920190.0
497.314691495536,23920416.0
497.3351260865748,23923754.0
497.3555605773872,23924860.0
497.3759949681989,23923462.0
497.3964295590049,23919434.0
497.4168639495838,23920224.0
497.43729844015616,23920582.0
497.45773303073656,23919558.0
497.4781675210834,23921380.0
497.4986020114229,23923682.0
497.5190365017697,23925160.0
497.5394709920001,23923928.0
497.5599054821069,23925188.0
497.5803399721044,23921376.0
497.600774462102,23900532.0
497.6212090519766,23864020.0
497.6416434417406,23849612.0
497.6620779315053,23871576.0
497.6825125211472,23899066.0
497.7029469106783,23904604.0
497.7233814002102,23904914.0
497.7438159896192,23904600.0
497.7642503789175,23902022.0
497.7846848682166,23897336.0
497.8051194573927,23896028.0
497.8255538465746,23899970.0
497.84598833552445,23906394.0
497.86642292446777,23918938.0
497.8868573134168,23929210.0
497.9072918021338,23937940.0
497.9277263908443,23948514.0
497.9481608795613,23965454.0
497.9685952680448,23971832.0
497.9890298565224,23962578.0
498.00946434489015,23962410.0
498.0298988332579,23956390.0
498.050333321502,23938854.0
498.0707677096361,23889584.0
498.0912022977718,23850742.0
498.1116367856666,23882036.0
498.132071173568,23933558.0
498.1525057614708,23947086.0
498.1729402492492,23942524.0
498.1933746369177,23940922.0
498.2138092244713,23938262.0
498.2342437120169,23933054.0
498.2546780994526,23929380.0
498.27511268677335,23932204.0
498.2955471740861,23936660.0
498.3159816612897,23934568.0
498.3364161483769,23930700.0
498.3568506354568,23929342.0
498.3772851224276,23930002.0
498.3977196092819,23932244.0
498.4181540960126,23932918.0
498.4385885827505,23929008.0
498.4590231693728,23918004.0
498.4794575558699,23909702.0
498.499892042375,23897518.0
498.5203266287572,23866476.0
498.5407610150287,23840994.0
498.561195501301,23855768.0
498.5816300874576,23888950.0
498.602064473489,23899856.0
498.6224990594128,23900288.0
498.64293354532856,23902494.0
498.6633679311344,23902474.0
498.6838025169418,23897778.0
498.7042370025156,23889212.0
498.74510597353947,23881944.0
498.7655404589896,23884574.0
498.78597484432976,23889646.0
498.8064094295551,23891348.0
498.8268439146632,23889826.0
498.8472782997633,23893538.0
498.86771288475575,23899774.0
498.88814736962377,23904494.0
498.9085817543819,23904256.0
498.9290163391415,23906490.0
498.949450823784,23902780.0
498.969885208302,23862162.0
498.9903197928288,23812140.0
499.0107542772312,23820796.0
499.0311886615236,23870472.0
499.0516232458176,23894362.0
499.072057729878,23894396.0
499.0924921139304,23894992.0
499.1129266979915,23894450.0
499.1333611818118,23894532.0
499.15379566563934,23892302.0
499.1742301493505,23889386.0
499.1946646329452,23888630.0
499.2150992165334,23888294.0
499.23553360001097,23887146.0
499.2559680833656,23881354.0
499.27640266672825,23872378.0
499.2968371498573,23871322.0
499.3172715329856,23870458.0
499.33770611610817,23874344.0
499.3581405990044,23877032.0
499.3785749818926,23878358.0
499.3990095646732,23880140.0
499.4194440473366,23861994.0
499.4398784299992,23830008.0
499.4603130125397,23829010.0
499.4807473949695,23855042.0
499.5011818772764,23869806.0
499.5216164595913,23868854.0
499.5420508416719,23865590.0
499.5624853238624,23866354.0
499.582919905828,23865346.0
499.60335428767576,23863192.0
499.623788769517,23862072.0
499.64422335136624,23862940.0
499.6646578329819,23864786.0
499.68509221458953,23866922.0
499.7055267959731,23868328.0
499.7259612774724,23868038.0
499.7463956587308,23869702.0
499.76683023999794,23867038.0
499.787264721148,23862686.0
499.8076992021743,23862476.0
499.8281336830914,23866352.0
499.8485681640086,23871412.0
499.86900274480286,23847516.0
499.8894371254864,23793046.0
499.9098716060544,23777030.0
499.9303061866158,23821736.0
499.9507405669501,23860122.0
499.9711750474016,23863686.0
499.9916096276138,23861828.0
500.0120440077153,23856418.0
500.0324784878176,23852330.0
500.0529130677969,23850488.0
500.0733474476656,23844622.0
500.093781927535,23839006.0
500.1142165072815,23835090.0
500.1346509869181,23833004.0
500.1550853664376,23831036.0
500.1755199458348,23832812.0
500.1959543252378,23837998.0
500.2163888045252,23838714.0
500.2368233836896,23841776.0
500.2572577627434,23844786.0
500.2776922417979,23853916.0
500.2981268207295,23860914.0
500.31856119955046,23847840.0
500.3389956782557,23813558.0
500.3594302569545,23797228.0
500.3798646354262,23824108.0
500.40029911389865,23850332.0
500.4207336923646,23851308.0
500.44116807060345,23852366.0
500.46160264883656,23851390.0
500.48203712684335,23852346.0
500.5024716048501,23855714.0
500.5229060828569,23856674.0
500.5433405606236,23853428.0
500.5637750383976,23848646.0
500.5842095160479,23846846.0
500.604643993589,23846982.0
500.6250784710137,23846862.0
500.6455129484384,23861130.0
500.665947425623,23887692.0
500.6863819029313,23886126.0
500.7068164800002,23885668.0
500.72725085695856,23892362.0
500.7476853339176,23907702.0
500.76811991075374,23889828.0
500.7885542874792,23837964.0
500.808988764089,23797564.0
500.8294233405759,23825264.0
500.8498577170685,23862738.0
500.8702921934455,23865994.0
500.89072666970605,23857424.0
500.9111611458429,23848966.0
500.93159562187066,23846136.0
500.9520301978919,23847694.0
500.9724645738024,23843726.0
500.9928991495981,23840186.0
501.0133335252758,23831558.0
501.033768000947,23822982.0
501.05420257650985,23818084.0
501.0746370518318,23813546.0
501.0950714271603,23810602.0
501.1155060024903,23812502.0
501.1359404775794,23815988.0
501.1563748526751,23824706.0
501.1768094276558,23833266.0
501.1972439025121,23840122.0
501.2176782772585,23835508.0
501.2381128518901,23811784.0
501.2585473265135,23781616.0
501.2789817010271,23799290.0
501.2994162753093,23826306.0
501.3198507497,23837290.0
501.34028522386507,23839052.0
501.36071969791374,23838432.0
501.38115417195513,23834578.0
501.4015886458874,23831590.0
501.4220231197032,23830576.0
501.4424575933954,23824984.0
501.4628921670956,23819808.0
501.4833265406778,23819330.0
501.5037610140207,23817220.0
501.5241955873717,23813158.0
501.5446300606054,23810124.0
501.5650644338312,23810416.0
501.5854990068328,23813446.0
501.605933379833,23816808.0
501.6263678527103,23818210.0
501.6468024254791,23826580.0
501.66723679813,23828294.0
501.687671270658,23791016.0
501.72854021561216,23751592.0
501.7489746879073,23805010.0
501.7694092600941,23829826.0
501.78984363216296,23829688.0
501.8102781041089,23828302.0
501.8307126760628,23827416.0
501.8511470478989,23826646.0
501.8715816196127,23820764.0
501.8920160912167,23820134.0
501.9124505626969,23820322.0
501.932885034068,23819562.0
501.9533195054392,23812724.0
501.9737539766938,23813224.0
501.9941885477092,23808944.0
502.0146229187303,23806540.0
502.0350573897449,23803768.0
502.0554919605347,23804908.0
502.0759263312066,23809414.0
502.0963608018792,23812476.0
502.1167953724289,23810974.0
502.13722974286793,23790954.0
502.157664213184,23766714.0
502.17809878339176,23766704.0
502.198533153598,23796158.0
502.2189676235721,23812404.0
502.2394021935397,23815056.0
502.2598365633967,23811646.0
502.2802710331307,23812712.0
502.3007055027556,23815146.0
502.32113997226406,23813980.0
502.341574541766,23818178.0
502.3620090111581,23818110.0
502.3824433803165,23816530.0
502.40287794946926,23816308.0
502.42331241851207,23815890.0
502.4437467874377,23817686.0
502.4641813563576,23816638.0
502.4846158250512,23819562.0
502.505050193744,23823054.0
502.5254847623146,23821276.0
502.5459192307753,23817828.0
502.5663535991189,23816578.0
502.5867881673403,23795458.0
502.60722263545176,23747048.0
502.6276570034461,23736688.0
502.6480915714346,23789258.0
502.6685260393133,23828848.0
502.6889604070748,23831038.0
502.7093949747141,23825300.0
502.7298294422435,23822106.0
502.75026400965726,23819844.0
502.7706983769458,23819362.0
502.7911328442424,23817864.0
502.8115674113069,23812380.0
502.83200187836337,23806200.0
502.85243624531,23802370.0
502.8728708121416,23795334.0
502.89330527884886,23791772.0
502.9137396454462,23788044.0
502.934174212045,23781828.0
502.954608678403,23774868.0
502.9750430447675,23770268.0
502.9954776110171,23765816.0
503.0159119771415,23767106.0
503.0363464431575,23756578.0
503.0567810090579,23729212.0
503.077215374833,23717310.0
503.0976498404998,23749410.0
503.1180844061673,23782566.0
503.1385187715932,23789324.0
503.1589533370279,23790838.0
503.1793878023455,23792546.0
503.1998221675385,23792234.0
503.220256732624,23791158.0
503.2406911975922,23787416.0
503.2611256624368,23785026.0
503.2815601272887,23779436.0
503.3019945919077,23776204.0
503.32242905651947,23777798.0
503.34286352090567,23781790.0
503.3632979852919,23781476.0
503.3837324495544,23780554.0
503.4041670137085,23780742.0
503.4246013777447,23783804.0
503.445035841658,23787126.0
503.46547040557925,23788404.0
503.4859047692662,23775904.0
503.506339332831,23725204.0
503.5267737964023,23689982.0
503.5472081598564,23732178.0
503.5676427231883,23787208.0
503.5880771864104,23803682.0
503.6085115495152,23798672.0
503.62894611249794,23799438.0
503.64938057537074,23803964.0
503.6698150381271,23807724.0
503.6902495008762,23799200.0
503.7106839633998,23798970.0
503.73111842591607,23789994.0
503.7515528882068,23785502.0
503.7719873504975,23776982.0
503.7924217126711,23773305.0
503.8128562747224,23769628.0
503.8332907366639,23768134.0
503.8537250984882,23771188.0
503.8945941217826,23780604.0
504.6098004109517,23803302.0
504.6302347687015,23796992.0
504.6506692263283,23791766.0
504.6711037838468,23781088.0
504.6915381412473,23770050.0
504.7119725985249,23762746.0
504.7324071556941,23757434.0
504.7528416127461,23753612.0
504.7732759696737,23754982.0
504.7937105266101,23760460.0
504.8141449833056,23765914.0
504.8345793398912,23766700.0
504.8550138964784,23746588.0
504.8754483528319,23715858.0
504.8958827091774,23716886.0
504.91631726529886,23750424.0
504.9367517214123,23775674.0
504.95718627741735,23785430.0
504.97762063318805,23793400.0
504.9980550889595,23801722.0
505.01848964460805,23806836.0
505.0389240001459,23806280.0
505.05935845556087,23803592.0
505.0797929108667,23801534.0
505.10022736605606,23799302.0
505.120661821129,23797344.0
505.1410962760783,23790850.0
505.16153073091846,23783912.0
505.1819651856349,23778282.0
505.2023996402422,23775566.0
505.2228340947331,23777164.0
505.243268549224,23775612.0
505.2637031034756,23774870.0
505.28413745761645,23770304.0
505.3045719116344,23740286.0
505.3250064656604,23689486.0
505.3454408194521,23675252.0
505.36587537323794,23726306.0
505.3863098267975,23767574.0
505.4067441802399,23777216.0
505.42717873367656,23782642.0
505.4476131870033,23785980.0
505.4680475400965,23787904.0
505.4884820931839,23792140.0
505.5089165460449,23793230.0
505.5293508989053,23794828.0
505.5497854516434,23792262.0
505.5702199041552,23792050.0
505.5906543566671,23786244.0
505.6110888090552,23776538.0
505.6315232612178,23771244.0
505.6519577133804,23766506.0
505.6723921654193,23763662.0
505.69282661734906,23762050.0
505.7132611691632,23762156.0
505.7336956207364,23759856.0
505.75412997231615,23743816.0
505.774564523781,23710716.0
505.7949988751207,23701202.0
505.8154333263519,23731452.0
505.83586787746754,23765262.0
505.85630222845793,23779492.0
505.87673667922354,23784810.0
505.8971712299899,23788874.0
505.9176055806311,23796530.0
505.93804003116384,23798540.0
505.95847458158096,23800004.0
505.97890893187287,23799358.0
505.9993433820564,23798388.0
506.0197779321242,23800020.0
506.0402122820669,23798758.0
506.060646831902,23794860.0
506.08108128161984,23795116.0
506.101515731214,23829692.0
506.1219501806991,23821150.0
506.1423846300677,23806996.0
506.1628190793126,23798290.0
506.1832535284484,23790064.0
506.2036879774678,23770650.0
506.22412242636346,23713452.0
506.24455687515,23673488.0
506.26499132382014,23711204.0
506.28542577225016,23757910.0
506.3058603206882,23774008.0
506.3262946690084,23781188.0
506.3467291172056,23789956.0
506.3671636652944,23796728.0
506.3875980132652,23797234.0
506.4080324611132,23793166.0
506.4284670088528,23790066.0
506.4489013564744,23785316.0
506.4693359039738,23783698.0
506.4897702512462,23778036.0
506.5102046985121,23774124.0
506.5306392456696,23771274.0
506.55107359270914,23768678.0
506.571508039633,23766148.0
506.5919425863176,23761572.0
506.6123769330079,23759636.0
506.6328113795753,23754284.0
506.6532459260343,23747910.0
506.6736803722597,23720162.0
506.69411471848434,23697008.0
506.7145492645868,23715658.0
506.734983710463,23746646.0
506.7554180563311,23759006.0
506.7758526019752,23750010.0
506.7962870476185,23732446.0
506.8167215930225,23717110.0
506.85759038360993,23725320.0
506.8780249287811,23731130.0
506.8984592737252,23733564.0
506.91889371867,23731390.0
506.9393282633755,23726984.0
506.95976260797033,23726072.0
506.9801970525659,23726134.0
507.0006315969222,23718050.0
507.02106594116776,23686602.0
507.0415003852977,23637450.0
507.0619349293047,23584554.0
507.0823692733175,23550738.0
507.1028037170981,23548030.0
507.1232382607559,23547386.0
507.14367270430375,23546276.0
507.1641071477352,23546870.0
507.1845415910429,23550616.0
507.2049759341244,23552066.0
507.2254104772073,23551892.0
507.2458449201658,23557400.0
507.2662792630144,23564648.0
507.28671380574815,23573224.0
507.307148248241,23579994.0
507.3275825907404,23587100.0
507.3480171331248,23598020.0
507.3684515752684,23607430.0
507.3888859173021,23608222.0
507.4093204593373,23607016.0
507.4297549011317,23602578.0
507.4501892429325,23597080.0
507.4706237845021,23586822.0
507.4910582259472,23575694.0
507.5114926672832,23572886.0
507.5319271085027,23571470.0
507.552361549715,23568300.0
507.57279609070247,23566462.0
507.5932305315655,23564072.0
507.6136648722022,23559252.0
507.6340994128405,23556226.0
507.6545338533615,23560110.0
507.6749681937581,23567804.0
507.6954027340471,23571082.0
507.7158371740952,23577862.0
507.73627151414985,23581402.0
507.7567060539732,23585892.0
507.7771404937957,23587938.0
507.79757483337744,23591440.0
507.8180093728515,23595842.0
507.8384438123176,23598518.0
507.8588781515573,23595902.0
507.8793126906821,23593102.0
507.899747029689,23592128.0
507.92018156857375,23589430.0
507.9406160073486,23585786.0
507.96105034600623,23581652.0
507.9814848845417,23582150.0
508.0019193228509,23580796.0
508.0223537611601,23578576.0
508.0427881993455,23573670.0
508.06322263730544,23572044.0
508.0836570751417,23573602.0
508.1040915129852,23573302.0
508.1245259505959,23576246.0
508.1449603880901,23579852.0
508.16539492546144,23588332.0
508.1858292627221,23591732.0
508.2062636998599,23595846.0
508.2266982368892,23599946.0
508.2471325738006,23604772.0
508.2675670105964,23610592.0
508.2880015471528,23614838.0
508.308435883715,23613836.0
508.3288704200386,23609068.0
508.3493048563687,23604772.0
508.3697391924652,23601756.0
508.3901737284396,23597508.0
508.4106081644204,23589918.0
508.4310426001685,23583522.0
508.4514770357928,23576868.0
508.471911471308,23567658.0
508.4923459065904,23562902.0
508.51278034186544,23564044.0
508.5332147770314,23566554.0
508.5536492119645,23569850.0
508.5740836468904,23569086.0
508.59451808159065,23568692.0
508.61495241617376,23589906.0
508.6353869506347,23621108.0
508.65582138498576,23644364.0
508.6762559192212,23652322.0
508.6966902533313,23659698.0
508.7171246873331,23660988.0
508.73755922121927,23661480.0
508.7579935548638,23662812.0
508.77842798851634,23663710.0
508.7988625219368,23667360.0
508.8192968552321,23669716.0
508.839731288419,23669282.0
508.8601658214902,23692964.0
508.88060015443625,23735966.0
508.9010345872739,23778502.0
508.9214691199886,23785362.0
508.9419034525927,23727314.0
508.9623378849647,23690800.0
508.9827724173374,23724280.0
509.0032068494693,23770718.0
509.023641281492,23785812.0
509.0440757133911,23791798.0
509.064510145181,23798350.0
509.08494457685447,23803294.0
509.1053790084116,23807656.0
509.1258134398449,23810018.0
509.1462479710535,23808732.0
509.1666823022533,23807830.0
509.1871167332283,23810064.0
509.20755126408767,23809048.0
509.2279855948291,23813340.0
509.2484200254476,23816890.0
509.2688544559569,23820502.0
509.28928888634255,23820426.0
509.3097233165026,23816992.0
509.33015774666274,23809060.0
509.35059217659,23799930.0
509.3710267065108,23783502.0
509.3914610362044,23751664.0
509.4118954657752,23724146.0
509.4323299952375,23737314.0
509.45276432446553,23760198.0
509.4731987536943,23770548.0
509.49363328280015,23771550.0
509.5140677116797,23772366.0
509.5345020404348,23775772.0
509.5549365690822,23777930.0
509.5753709976125,23777912.0
509.5958053260256,23783122.0
509.6162398542001,23795284.0
509.63667428238114,23801816.0
509.6571086105541,23811530.0
509.6775431382703,23818344.0
509.6979775659856,23822622.0
509.7184120936945,23823604.0
509.7388464211763,23822278.0
509.759280848426,23821020.0
509.7797153756692,23821140.0
509.8001497026853,23815060.0
509.8410186564797,23751492.0
509.861452983263,23695858.0
509.8818874098142,23704378.0
509.9023219361261,23752274.0
509.9227562624437,23774636.0
509.9431906885293,23774296.0
509.9636251146076,23774560.0
509.9840595404603,23775666.0
510.004493966313,23779736.0
510.0249284919264,23783102.0
510.0453628173127,23785980.0
510.0657973427005,23787450.0
510.0862317678475,23793128.0
510.10666609300097,23795646.0
510.12710061792313,23797448.0
510.1475350426044,23796130.0
510.1679693672922,23801584.0
510.1884038919816,23801298.0
510.2088383164301,23802184.0
510.2292726406522,23801080.0
510.2497071648759,23797564.0
510.2701415888587,23790200.0
510.2905759126152,23762062.0
510.3110104363732,23724128.0
510.3314448598903,23722188.0
510.3518792834148,23750116.0
510.3723137067064,23767262.0
510.39274812999065,23771032.0
510.41318265305017,23773210.0
510.43361697587534,23773610.0
510.454051398694,23771366.0
510.4744859215207,23775408.0
510.4949203438737,23780712.0
510.5153546662332,23787382.0
510.5357891885942,23796566.0
510.5562236107216,23808204.0
510.5766579326082,23816064.0
510.5970924545036,23819380.0
510.6175268761581,23820646.0
510.6379611978191,23819504.0
510.6583957192488,23818730.0
510.678830040677,23822808.0
510.69926456163375,23824300.0
510.71969898282987,23819314.0
510.7401333035596,23784354.0
510.76056782451633,23726012.0
510.781002245014,23717760.0
510.8014365655108,23766928.0
510.8218710857691,23802082.0
510.8423055060339,23807118.0
510.86273992605857,23803562.0
510.8831743460905,23799874.0
510.90360876588966,23794612.0
510.924043185456,23792206.0
510.944477605015,23795706.0
510.9649120243485,23801588.0
510.9853464436746,23805858.0
511.0057808627753,23809642.0
511.0262152818759,23811958.0
511.0466498005044,23811512.0
511.0670842193722,23813406.0
511.0875185377736,23815768.0
511.1079530561692,23818254.0
511.12838747457135,23817778.0
511.1488217927399,23820282.0
511.1692563106699,23817350.0
511.1896907286064,23798362.0
511.21012504630926,23760602.0
511.2305595640064,23742964.0
511.2509939812444,23766136.0
511.27142829871445,23786252.0
511.29186281594593,23786966.0
511.3122972329511,23788364.0
511.3327316497234,23791742.0
511.3531660664885,23792758.0
511.37360038326005,23795856.0
511.3940348995675,23799006.0
511.4144693160997,23802426.0
511.4349037321736,23807548.0
511.4553381482474,23812008.0
511.4757725640811,23812466.0
511.4962069799221,23816114.0
511.5166414955311,23817362.0
511.5370758111312,23818514.0
511.55751022650657,23818216.0
511.57794474164257,23822102.0
511.5983790567843,23821492.0
511.618813471694,23815144.0
511.63924798660446,23792342.0
511.6596823012733,23736878.0
511.6801167157173,23700688.0
511.7005512301548,23734048.0
511.7209855443653,23772206.0
511.7414200583444,23780354.0
511.76185447232274,23778648.0
511.78228878629307,23771902.0
511.8027232998065,23767132.0
511.8231577135448,23767176.0
511.8435920268239,23770264.0
511.8640265401045,23773000.0
511.8844609531516,23776824.0
511.90489536619134,23779918.0
511.9253297790056,23787686.0
511.9457641918125,23792168.0
511.966198604161,23795336.0
511.9866331167432,23799432.0
512.0070674288581,23804610.0
512.0275018409666,23806474.0
512.0479362530823,23810118.0
512.0683706649579,23811450.0
512.0888051766087,23801716.0
512.1092394880252,23775140.0
512.1296738994424,23753170.0
512.1501084108531,23767204.0
512.1705427220368,23795148.0
512.1909771329811,23804726.0
512.2114116437006,23805562.0
512.2318459544185,23805782.0
512.2522803651373,23806470.0
512.2727148753838,23806818.0
512.2931491856361,23803554.0
512.3135835958819,23804446.0
512.3340181059029,23807352.0
512.3544525156904,23809104.0
512.374886825477,23812576.0
512.3953213350251,23816426.0
512.4157557443468,23819398.0
512.4361901536613,23819518.0
512.4566245627502,23816446.0
512.4770589718391,23815186.0
512.4974934804559,23815192.0
512.5179277893112,23816084.0
512.5383621977016,23806682.0
512.5587967063184,23763730.0
512.5792310144752,23716498.0
512.5996654226328,23736936.0
512.6200999305511,23786624.0
512.6405342384751,23805466.0
512.660968646167,23797122.0
512.6814031536196,23790540.0
512.701837461078,23786998.0
512.7222718683042,23784404.0
512.7427062752904,23782942.0
512.7631406822838,23780816.0
512.7835751890452,23776880.0
512.8244439023256,23779778.0
512.8448784086213,23783802.0
512.8653127149082,23790162.0
512.8857471209703,23797264.0
512.9061816270332,23797370.0
512.9266160328552,23797662.0
512.9470503384509,23799764.0
512.9674848440482,23804422.0
512.9879192494045,23805372.0
513.0083535545346,23786688.0
513.0287880596661,23758518.0
513.0492224645568,23766114.0
513.0696567692212,23794056.0
513.0900912738871,23807314.0
513.1105256783121,23804942.0
513.1309601827452,23803406.0
513.1513944869439,23802762.0
513.1718288909033,23801442.0
513.1922633948707,23800590.0
513.2126976986037,23801470.0
513.2331321020974,23797816.0
513.2535666055992,23795180.0
513.2740009088666,23794748.0
513.2944353121275,23797896.0
513.3148698151635,23803864.0
513.335304217966,23806606.0
513.3557385207605,23805818.0
513.3761729233302,23808930.0
513.3966074256605,23814554.0
513.4170417279965,23817380.0
513.4374762301013,23820202.0
513.4579105322046,23791026.0
513.4783450338364,23737836.0
513.4987794357075,23731888.0
513.519213737105,23781292.0
513.5396482385113,23811676.0
513.5600826399168,23812016.0
513.5805169408559,23805558.0
513.6009514417892,23800308.0
513.6213858427291,23797814.0
513.6418201431952,23797720.0
513.6622546436702,23794686.0
513.6826890441444,23795258.0
513.703123344385,23795082.0
513.723557844387,23791446.0
513.7439922443955,23787450.0
513.7644266441639,23788862.0
513.7848610437068,23791224.0
513.8052954430168,23795180.0
513.8257299423203,23796836.0
513.8461642416296,23796204.0
513.866598640474,23795498.0
513.8870331395447,23801750.0
513.9074675381562,23788746.0
513.927901836767,23758744.0
513.9483363351392,23751040.0
513.968770733285,23784890.0
513.9892050314302,23810912.0
514.0096395293367,23813794.0
514.0300739272498,23814292.0
514.0505082249292,23814408.0
514.0709427223701,23810160.0
514.0913771198175,23804148.0
514.1118114170313,23798338.0
514.1322459140065,23798060.0
514.1526802109875,23799936.0
514.1731147077371,23805262.0
514.1935491042459,23807732.0
514.2139834007612,23808314.0
514.2344178970452,23805170.0
514.2548522933212,23800764.0
514.2752866891387,23802508.0
514.2957210849563,23804738.0
514.3161554807666,23805734.0
514.3365898763514,23811422.0
514.3570242717033,23798340.0
514.3774586670479,23752754.0
514.3978930619342,23727236.0
514.418327557054,23773760.0
514.4387618516994,23817326.0
514.4591962463528,23823162.0
514.4796307407669,23817652.0
514.5000650351867,23814294.0
514.5204995293752,23808838.0
514.5409339233302,23808014.0
514.561368217277,23804584.0
514.5818027109999,23798438.0
514.6022371044819,23794472.0
514.6226713979704,23795220.0
514.6431058912276,23799150.0
514.6635402842512,23804548.0
514.6839745772668,23805946.0
514.7044090700583,23805830.0
514.7248434628418,23803358.0
514.7452778553998,23799670.0
514.7657122477249,23796954.0
514.7861466398172,23798502.0
514.8065810319022,23795762.0
514.8270154237616,23776038.0
514.847449815381,23761088.0
514.8678842070076,23785240.0
514.8883185984014,23812528.0
514.9087529897952,23815870.0
514.9291873809489,23810990.0
514.949621771877,23808484.0
514.970056162565,23806600.0
514.9904906532611,23809660.0
515.0109249437228,23814550.0
515.0313593341853,23815874.0
515.0517938244084,23813410.0
515.0722281144044,23814052.0
515.0926625041611,23811354.0
515.1130969939259,23810450.0
515.1335312834563,23811460.0
515.1539656729874,23814552.0
515.1744001622792,23818142.0
515.1948344513439,23819532.0
515.2152689404029,23816530.0
515.2357033290027,23818780.0
515.2561377178354,23815092.0
515.2765721061951,23777736.0
515.2970064945621,23735812.0
515.3174408826962,23762840.0
515.3378752708231,23815968.0
515.3583096587245,23832820.0
515.378744046393,23830282.0
515.3991785338221,23830172.0
515.419612821257,23827168.0
515.4400472084599,23828326.0
515.4604816956562,23829494.0
515.4809159826254,23832084.0
515.5013503693626,23826770.0
515.5217847558597,23820182.0
515.542219142364,23815928.0
515.5626536286363,23815902.0
515.5830879148998,23812914.0
515.6035223009385,23810024.0
515.6239567867451,23810280.0
515.6443910723101,23811716.0
515.6648254578831,23813894.0
515.6852599432241,23819594.0
515.7056942285562,23820656.0
515.7261286134308,23802926.0
515.7465630985389,23777992.0
515.7669973831726,23790228.0
515.8078662522239,23838186.0
515.8283006363927,23840096.0
515.848734920568,23841172.0
515.8691694045119,23843982.0
515.889603788215,23839936.0
515.9100382719262,23834956.0
515.9304725553957,23834466.0
515.9509069386404,23834862.0
515.9713414218859,23832052.0
515.991775704897,23830692.0
516.0122100876688,23833108.0
516.0326445704486,23834152.0
516.0530788529868,23838744.0
516.0735132353002,23836454.0
516.0939477176144,23835590.0
516.1143819994613,23836268.0
516.1348163815346,23838122.0
516.1552507631495,23837500.0
516.1756851447572,23810004.0
516.1961195261392,23763210.0
516.2165539075213,23769066.0
516.2369882884377,23821728.0
516.2574227693476,23852742.0
516.277857150264,23853502.0
516.2982914309396,23852690.0
516.3187259113911,23851602.0
516.339160291609,23847940.0
516.3595945718262,23843044.0
516.3800290518047,23839756.0
516.400463431557,23834292.0
516.4208977113012,23829954.0
516.4413321908214,23822846.0
516.461766570108,23816600.0
516.482200849161,23816424.0
516.5026353282083,23815930.0
516.5230697070292,23812952.0
516.5435039858421,23810092.0
516.563938464431,23807994.0
516.5843728427863,23807644.0
516.6048073209022,23813144.0
516.6252415990239,23804784.0
516.6456759769135,23783132.0
516.6661104545637,23779316.0
516.6865447322198,23809516.0
516.7069791096437,23834016.0
516.7274135868283,23836756.0
516.7478479640195,23837426.0
516.768282240977,23840660.0
516.7887167176959,23842958.0
516.8091510941886,23844074.0
516.8295853706804,23841966.0
516.8500198469337,23842754.0
516.8704542231935,23836996.0
516.8908884989869,23833110.0
516.9113229747745,23831600.0
516.9317572505679,23832968.0
516.9521917258971,23833162.0
516.9726261012183,23834814.0
516.993060376546,23836986.0
517.0339292262652,23839226.0
517.0543635008944,23836558.0
517.0747979755251,23810996.0
517.0952323496822,23757866.0
517.1156667238465,23734302.0
517.1361010980108,23786906.0
517.1565354717022,23835486.0
517.1769698454009,23843790.0
517.1974042190996,23844460.0
517.2178385923253,23846670.0
517.2382729655583,23845206.0
517.2587074385519,23841802.0
517.2791417115513,23837800.0
517.2995761840866,23835182.0
517.3200105566211,23834776.0
517.3404448291476,23832426.0
517.3608793012172,23828218.0
517.3813136732788,23829016.0
517.4017479453469,23827626.0
517.4221824169508,23829674.0
517.442616788554,23833178.0
517.4630510599163,23836832.0
517.4834855310546,23838772.0
517.5039199021849,23838380.0
517.5243541730888,23831512.0
517.5447886437614,23804822.0
517.5652229144325,23791126.0
517.5856572848643,23816852.0
517.6060917550712,23846080.0
517.6265260252767,23855708.0
517.64696039501,23861118.0
517.6673948647513,23865096.0
517.6878292344918,23870158.0
517.7082636037594,23871922.0
517.7286979730343,23874306.0
517.7695667111111,23872916.0
517.7900010799203,23871362.0
517.8104354484967,23871684.0
517.8308699168338,23870852.0
517.8513041851766,23871190.0
517.87173855328,23864558.0
517.8921730211587,23862534.0
517.9126072890358,23862680.0
517.9330416566809,23862454.0
517.9534761240866,23862250.0
517.9739103912652,23851468.0
517.9943447584374,23805366.0
518.0147792253847,23765374.0
518.0352134920977,23794852.0
518.0556479585721,23845944.0
518.076082325053,23859822.0
518.0965166913011,23854470.0
518.1169510575419,23849838.0
518.1373854233243,23851360.0
518.1578197891067,23858136.0
518.1782541548819,23870208.0
518.1986885201986,23877096.0
518.2191228855154,23878910.0
518.239557250592,23875356.0
518.2599916154431,23873958.0
518.2804259802942,23870836.0
518.3008603449052,23867436.0
518.3212947092907,23868250.0
518.3417289736753,23870316.0
518.3621634375886,23873610.0
518.3825978096575,23873584.0
518.4030322733452,23873902.0
518.4234665370241,23871838.0
518.4439009004782,23848154.0
518.464335363693,23819056.0
518.4847696266806,23828604.0
518.5052039896691,23859624.0
518.5256384524255,23878090.0
518.5460727149402,23883454.0
518.5869415395136,23897586.0
518.6073758018028,23901510.0
518.6278101636271,23897444.0
518.6482446254522,23895336.0
518.6686789868036,23896482.0
518.6891132483943,23901328.0
518.7095477095136,23903962.0
518.7299820706394,23902830.0
518.7504163315316,23905406.0
518.7912851528454,23909672.0
518.8117196130406,23902996.0
518.8321538734599,23900050.0
518.8525882334216,23893180.0
518.873022693384,23885044.0
518.8934569528792,23848236.0
518.9138913126008,23795198.0
518.9343256718639,23797784.0
518.9547600311198,23846770.0
518.9751942901494,23875348.0
518.9956287489476,23880026.0
519.0160631077451,23882640.0
519.0364974660697,23885470.0
519.0569318244015,23887248.0
519.0773661827261,23890058.0
519.0978005405923,23892032.0
519.1182348984585,23893278.0
519.1386692560918,23892006.0
519.1591037137187,23889292.0
519.1795380708863,23887924.0
519.199972328046,23887994.0
519.2204067852144,23892990.0
519.2408411419165,23896966.0
519.2612753986177,23897400.0
519.2817098550804,23893102.0
519.3021442113168,23892346.0
519.3225784675451,23889716.0
519.3430129233166,23870222.0
519.3634472790873,23837540.0
519.3838815348572,23833918.0
519.4043159901557,23862778.0
519.4247503454608,23884844.0
519.445184600525,23886858.0
519.4656190555979,23890800.0
519.4860534102045,23893408.0
519.5064878648045,23896212.0
519.5269221191775,23900472.0
519.5473564735512,23906282.0
519.5677909274527,23910658.0
519.58822518136,23909656.0
519.6086595350353,23907992.0
519.6290938887032,23906346.0
519.6495283421464,23908240.0
519.6699625953552,23907480.0
519.6903969483246,23907252.0
519.7108313010685,23906258.0
519.7312656538124,23908952.0
519.751700106317,23910078.0
519.7721343585945,23905498.0
519.7925687108727,23874884.0
519.8130031626788,23819900.0
519.8334374144906,23798804.0
519.8538717663032,23845198.0
519.8743062176436,23882152.0
519.8947404689898,23888006.0
519.9151749201046,23889486.0
519.9356092709786,23892972.0
519.9560435218591,23893316.0
519.9764779725083,23892604.0
519.9969123229166,23892556.0
520.0173466730994,23890472.0
520.0377810230493,23890480.0
520.058215372992,23892906.0
520.0786497227091,23894708.0
520.0990840724262,23899644.0
520.1195184216704,23904660.0
520.1399527709218,23904842.0
520.1603872199339,23903218.0
520.1808214687189,23898854.0
520.2012558175047,23899730.0
520.2216902660584,23900746.0
520.2421245143705,23890456.0
520.2625589624586,23860362.0
520.2829933105386,23842248.0
520.3034275581595,23860750.0
520.3238620057818,23884100.0
520.3442962534027,23893758.0
520.3647306005514,23898914.0
520.3851650477081,23903674.0
520.4055992946232,23906548.0
520.4260336413136,23911958.0
520.4464680880046,23916182.0
520.4669023342285,23923662.0
520.4873366806787,23932264.0
520.5077711266713,23932410.0
520.5282053724222,23930196.0
520.5486397181812,23929788.0
520.5690741637081,23931364.0
520.5895085089942,23932514.0
520.6099428542875,23933184.0
520.6303771991152,23929570.0
520.6508115439356,23925456.0
520.6712459885312,23921242.0
520.6916802331252,23906804.0
520.71211457748,23855340.0
520.732549021377,23816906.0
520.7529832655055,23844976.0
520.7734176091617,23890542.0
520.793852052826,23899418.0
520.8142862962559,23898436.0
520.8347206394465,23899464.0
520.8551550824122,23907266.0
520.8755893253765,23910632.0
520.8960236678686,23910542.0
520.9164581103687,23908110.0
520.9368923528673,23906066.0
520.9573266948937,23901228.0
520.9777611369282,23894818.0
520.998195478729,23890598.0
521.0186298202898,23890300.0
521.0390641618578,23896406.0
521.059498503193,23901900.0
521.0799328440553,23908588.0
521.1003671851577,23911928.0
521.1208014257936,23909562.0
521.1412358664238,23899580.0
521.1616702068277,23868970.0
521.182104446998,23844134.0
521.2025388869297,23860056.0
521.2229732268679,23891696.0
521.2434074663397,23906026.0
521.2638419058057,23908406.0
521.2842762452783,23907966.0
521.3047104842844,23904388.0
521.3251449232848,23899834.0
521.3455792620589,23899822.0
521.3660137005936,23901626.0
521.3864479391341,23903514.0
521.4068822772097,23903520.0
521.427316715286,23905434.0
521.4477509531207,23903056.0
521.4681852909634,23899022.0
521.488619728334,23898194.0
521.5090540657111,23901764.0
521.5294883028546,23902172.0
521.5499227397668,23901268.0
521.5703570766709,23903646.0
521.5907913133487,23896318.0
521.611225749788,23857990.0
521.6316600860009,23806492.0
521.6520943219803,23817044.0
521.6725287579611,23868090.0
521.6929630937011,23897896.0
521.7133973292148,23896174.0
521.7338317644899,23890038.0
521.7747004345874,23881188.0
521.7951347694034,23885628.0
521.8155690039785,23890054.0
521.8360034385623,23894836.0
521.8564377726725,23898448.0
521.87687210679,23901882.0
521.8973064406746,23899212.0
521.9177407743264,23899072.0
521.9381751079709,23898110.0
521.9586094413899,23896888.0
521.9790437745687,23898670.0
521.999478107522,23902174.0
522.0199125402432,23905018.0
522.040346772963,23904020.0
522.0607811054433,23888958.0
522.0812155376989,23859916.0
522.1016497697128,23857342.0
522.122084101502,23879810.0
522.1425185332919,23894106.0
522.1629527648474,23892486.0
522.1833871961644,23894360.0
522.2038215274879,23894020.0
522.2242557583377,23897096.0
522.2446901891963,23898734.0
522.2651245198213,23901646.0
522.2855587502127,23902498.0
522.3059931805983,23901388.0
522.3264275105248,23900602.0
522.346861840444,23898476.0
522.3672961701377,23898972.0
522.3877304995985,23901718.0
522.4081648290521,23909510.0
522.4285991582801,23914150.0
522.4490334872753,23918744.0
522.4694678160304,23921184.0
522.4899021445599,23919466.0
522.5103364730894,23892294.0
522.530770801146,23837490.0
522.5512051292098,23822240.0
522.5716394572737,23867354.0
522.5920738848654,23905444.0
522.6125081124628,23909912.0
522.6329424395954,23907398.0
522.6533768669542,23901706.0
522.6738110938531,23899674.0
522.69424542052,23897342.0
522.7146798471804,23897856.0
522.7351140736137,23897232.0
522.7555483998149,23895998.0
522.7759828257767,23897186.0
522.7964170517444,23895764.0
522.8168513772471,23894778.0
522.8372858027433,23894512.0
522.8577201280132,23894666.0
522.8781543532823,23893088.0
522.89858877808,23896780.0
522.9190231028842,23896392.0
522.9394574274484,23902058.0
522.9598917517869,23900748.0
522.9803260758927,23879096.0
523.0007603999984,23869582.0
523.021194723864,23891044.0
523.0416290472713,23911506.0
523.0620634709048,23910970.0
523.0824976940785,23910786.0
523.1029320172529,23907122.0
523.1233663399616,23907076.0
523.1438006626631,23904798.0
523.1642348851383,23902264.0
523.1846693076077,23897178.0
523.205103629618,23897280.0
523.2255378516275,23890278.0
523.2459722734056,23887030.0
523.266406594943,23888678.0
523.2868409164876,23891514.0
523.3072752375592,23895520.0
523.3277095586382,23895830.0
523.348143979485,23896014.0
523.3685782000975,23903052.0
523.3890125204707,23906906.0
523.4094469408519,23890988.0
523.4298812609923,23839848.0
523.4503154809063,23805048.0
523.470749900589,23841718.0
523.4911842200308,23887564.0
523.5116184394792,23893970.0
523.5320528584634,23889642.0
523.5524871774396,23887122.0
523.5729213961895,23887770.0
523.5933558149409,23886968.0
523.6137901332186,23885782.0
523.6342243515028,23881428.0
523.6546587695557,23874522.0
523.6750930873677,23870566.0
523.695527504955,23869234.0
523.7159617225407,23874038.0
523.7363960396542,23874280.0
523.7568304567758,23877852.0
523.777264673663,23881190.0
523.7976989905437,23885376.0
523.818133306966,23893326.0
523.8385676233884,23892968.0
523.8590019393378,23885862.0
523.8794362552944,23856552.0
523.8998705712511,23828190.0
523.9203048867348,23842984.0
523.9407393022266,23875502.0
523.9611735172512,23885010.0
523.9816078322692,23884288.0
524.0020422470625,23883710.0
524.0224764618542,23884370.0
524.0429107761738,23885338.0
524.0633451905014,23886082.0
524.0837794045947,23884124.0
524.1042138184494,23881594.0
524.1246481320777,23881258.0
524.1450823457053,23877994.0
524.1655167588615,23875596.0
524.1859510720242,23874768.0
524.2063852849533,23872416.0
524.2268196976438,23870464.0
524.247254010108,23869970.0
524.2676883225722,23867420.0
524.2881226347963,23862630.0
524.3085569467949,23862816.0
524.3289912585606,23826918.0
524.3494255700862,23783394.0
524.3698598813862,23796488.0
524.3902941926863,23844226.0
524.410728603747,23863118.0
524.4311628145806,23861004.0
524.4515971251822,23858402.0
524.4720315357772,23855302.0
524.4924657459123,23853886.0
524.5129001560417,23852250.0
524.533334365944,23854830.0
524.5537686756143,23850830.0
524.5742030850524,23847424.0
524.594637294249,23844080.0
524.6150716034535,23839496.0
524.6355060124188,23838802.0
524.6559402211569,23838840.0
524.676374529663,23844606.0
524.696808937937,23842678.0
524.7172431462022,23843584.0
524.7581118618109,23850122.0
524.7785461693857,23830910.0
524.7989803769597,23803232.0
524.8194147840695,23809522.0
524.8398490911713,23844366.0
524.8602833978148,23866808.0
524.880717704451,23870228.0
524.9011520108616,23873398.0
524.9215864172729,23868132.0
524.9420206232098,23869998.0
524.9624549291548,23861670.0
524.9828893346348,23857012.0
525.0033235401061,23856606.0
525.0237578453525,23859410.0
525.0441922505997,23861518.0
525.0646264553725,23857922.0
525.0850607601533,23854044.0
525.105495164702,23845848.0
525.1259293690091,23848902.0
525.1463636730914,23847456.0
525.1667980769416,23852796.0
525.1872322805502,23859150.0
525.2076665841669,23860660.0
525.2281008875507,23837844.0
525.2485351906944,23787224.0
525.2689695936133,23779200.0
525.2894037962978,23826354.0
525.3098380989759,23860186.0
525.3302725014291,23861300.0
525.350706803416,23861876.0
525.3711410053947,23861198.0
525.3915754073823,23859694.0
525.4120097089035,23854264.0
525.4324439101838,23849622.0
525.4528783114729,23847370.0
525.4733126125284,23841406.0
525.493746813343,23835464.0
525.5141812139336,23828190.0
525.5346155142906,23827432.0
525.5550497146396,23827490.0
525.5754841145317,23828324.0
525.5959184144231,23831418.0
525.6163527140743,23836000.0
525.6367870135,23842632.0
525.6572213129257,23844486.0
525.6776557118792,23838694.0
525.6980899108385,23815278.0
525.7185242093328,23807102.0
525.7389586078207,23839622.0
525.759392906315,23867400.0
525.779827104343,23874444.0
525.8002615021323,23877150.0
525.8206957999282,23878418.0
525.8411299974905,23874436.0
525.8615643945814,23869828.0
525.8819986916787,23863122.0
525.9024328887754,23856984.0
525.9228672854006,23850578.0
525.9433014820315,23844308.0
525.9637357781976,23845060.0
525.9841701743571,23840708.0
526.0046043702896,23837480.0
526.02503866599,23832614.0
526.045473061451,23827830.0
526.0659072569179,23825242.0
526.0863416521461,23825320.0
526.1067759469151,23825350.0
526.1272101416835,23814262.0
526.1476445362205,23772736.0
526.1680788307494,23742016.0
526.18851312482,23782488.0
526.2089474188833,23827154.0
526.2293817124882,23834762.0
526.2498160060932,23834640.0
526.2702503994587,23836554.0
526.2906845925972,23839864.0
526.3111188857365,23838952.0
526.3315532784036,23840886.0
526.3519874710764,23840224.0
526.3724217632844,23837610.0
526.3928561554858,23833430.0
526.4132903474601,23829700.0
526.4337246394352,23825166.0
526.4541590309382,23821092.0
526.4745932224469,23819436.0
526.4950276134914,23818436.0
526.5154619045279,23816286.0
526.5358960953381,23816780.0
526.556330485917,23813002.0
526.576764776255,23805508.0
526.5971989665995,23777546.0
526.6176333564799,23760266.0
526.6380676463523,23782734.0
526.6585018359983,23819744.0
526.678936225413,23831998.0
526.6993705145869,23832674.0
526.7198047035345,23832266.0
526.7402390924835,23831668.0
526.7606733809589,23832278.0
526.7811075694408,23830290.0
526.8015419576914,23829742.0
526.8219762457011,23824692.0
526.8424104334845,23815916.0
526.8628448210366,23812004.0
526.8832791085806,23807844.0
526.903713495667,23804136.0
526.9241476827519,23803416.0
526.9445819695975,23804232.0
526.9650163562183,23804226.0
526.9854505426047,23803996.0
527.0058848287517,23805734.0
527.0263192149068,23796568.0
527.0467534005948,23763706.0
527.0671876862762,23717614.0
527.0876220717328,23735338.0
527.1080563569558,23784636.0
527.1284905419379,23805718.0
527.148924926696,23809520.0
527.1693592114534,23818032.0
527.1897933957371,23824272.0
527.2102277800295,23821620.0
527.2306620640884,23822588.0
527.2510963479072,23822396.0
527.2715306315004,23822682.0
527.2919649148535,23817342.0
527.3123991982138,23812414.0
527.3328334811085,23808282.0
527.3532676640025,23802400.0
527.3737020466579,23796118.0
527.3941363288541,23790438.0
527.4145705112824,23788086.0
527.4350048932392,23784082.0
527.4554391749698,23784904.0
527.4758734564675,23788102.0
527.496307737958,23769354.0
527.5167420192229,23747444.0
527.5371763002477,23750124.0
527.5576105810469,23781740.0
527.5780448616133,23803796.0
527.5984791419469,23813300.0
527.6189135220411,23818516.0
527.6393477021411,23821150.0
527.6597820820025,23825812.0
527.6802163614047,23824818.0
527.7006505408062,23830934.0
527.7415191991386,23826552.0
527.7619533778416,23816928.0
527.782387756306,23816168.0
527.8028220347769,23814414.0
527.8232562130142,23812502.0
527.8436905907802,23810990.0
527.8641248685526,23803232.0
527.8845590463243,23797746.0
527.9049934236245,23791826.0
527.9254277006985,23787862.0
527.9458619777724,23761210.0
527.9662962543734,23712774.0
527.9867305309817,23713918.0
528.0071648073572,23767618.0
528.0275990834925,23802920.0
528.0480333594023,23806518.0
528.0684676350793,23807994.0
528.0889019105161,23808266.0
528.1093361859603,23811316.0
528.1297704609387,23815636.0
528.1502047359099,23814918.0
528.1706390106556,23812516.0
528.1910733851691,23806782.0
528.2115075594411,23797894.0
528.2319418334882,23795318.0
528.2523762075361,23790232.0
528.2728103811096,23789272.0
528.2932446546911,23786738.0
528.3136790278077,23784444.0
528.3341132009155,23781750.0
528.3545474737984,23778514.0
528.3749818464494,23776974.0
528.3954160188587,23763794.0
528.415850291276,23739000.0
528.4362846632284,23734094.0
528.4567189351728,23764528.0
528.4771532066588,23787668.0
528.4975874781449,23795120.0
528.5180217493908,23802620.0
528.5384560204111,23805132.0
528.5588902911986,23808358.0
528.5793245619789,23811832.0
528.5997588323007,23818916.0
528.6201931023897,23822324.0
528.6406273724715,23816416.0
528.6610616423277,23810164.0
528.6814959119511,23807806.0
528.7019301813343,23806604.0
528.722364450492,23799118.0
528.7427987194169,23792262.0
528.7632328881009,23789766.0
528.7836672567937,23784802.0
528.8041015250201,23779916.0
528.8245356932384,23775422.0
528.8449700612327,23755012.0
528.8654043287606,23705186.0
528.885838696282,23680902.0
528.9062728638091,23725868.0
528.9267071308714,23767770.0
528.9471414976942,23780652.0
528.9675756645229,23782506.0
528.9880099308866,23783448.0
529.0084442972438,23783562.0
529.0288785633747,23786830.0
529.0493127292721,23795162.0
529.069747094698,23801390.0
529.0901813603632,23801548.0
529.110615525562,23800356.0
529.1310498905223,23793794.0
529.151484155489,23787348.0
529.1719183199893,23779604.0
529.1923526844839,23778800.0
529.2127869487522,23775380.0
529.233221112554,23774396.0
529.2536554763501,23771420.0
529.2740897401527,23769476.0
529.2945241034831,23765438.0
529.3149582665865,23740482.0
529.3353925294577,23724590.0
529.3558268923225,23749614.0
529.3762610549602,23782358.0
529.396695317133,23793812.0
529.4171295793058,23796840.0
529.4375638412384,23798174.0
529.4579981029456,23793368.0
529.4784323644126,23768442.0
529.4988666258869,23751832.0
529.5193008868955,23734226.0
529.5397352476648,23718244.0
529.5601694084398,23702182.0
529.5806036689828,23691634.0
529.6010380290536,23683832.0
529.6214721891301,23684310.0
529.6419064489746,23683838.0
529.6623408085798,23685256.0
529.6827749681906,23680024.0
529.7032093273374,23669980.0
529.7236435862433,23650556.0
529.7440777451557,23614570.0
529.7645121036039,23574998.0
529.7849463620441,23556348.0
529.805380520258,23558872.0
529.8258148782406,23565904.0
529.8462491359824,23566088.0
529.8666833934985,23566378.0
529.8871176507819,23566078.0
529.9075519078251,23567890.0
529.9279861648756,23566702.0
529.9484204214605,23561626.0
529.968854678038,23559578.0
529.9892889341572,23552956.0
530.0097232902772,23552874.0
530.0301574461555,23552554.0
530.050591701809,23548538.0
530.0710259572297,23544208.0
530.0914602124103,23538338.0
530.1118945673661,23535728.0
530.1323287223204,23527036.0
530.1527629768025,23518868.0
530.1731973312926,23515814.0
530.1936314853156,23515606.0
530.214065739332,23526444.0
530.2345000931236,23533150.0
530.2549342466809,23527900.0
530.2753684999989,23503800.0
530.295802853092,23493224.0
530.3162370059508,23495520.0
530.3366712585703,23498882.0
530.3571056111978,23505360.0
530.3775398633588,23508402.0
530.3979740155119,23515442.0
530.418408367208,23523672.0
530.4388426188962,23527684.0
530.459276770358,23528878.0
530.4797111215885,23532260.0
530.5001453725854,23533414.0
530.520579723343,23529798.0
530.5410138738735,23528966.0
530.5614481243974,23526952.0
530.5818824744638,23521724.0
530.6023166242958,23520778.0
530.6227508741285,23518734.0
530.643185223722,23511852.0
530.6636193728555,23508030.0
530.6840536219825,23500228.0
530.7249221195525,23497142.0
530.7453563679883,23498304.0
530.7657907161847,23498072.0
530.7862248641541,23495278.0
530.8066591121169,23495300.0
530.8270933596214,23505328.0
530.8475276071258,23517404.0
530.8679618541646,23529934.0
530.8883961011961,23537966.0
530.9088303480021,23542406.0
530.9292646943359,23542816.0
530.9496989406762,23542480.0
530.9701330867829,23537986.0
530.990567432651,23533196.0
531.0110016785256,23529858.0
531.0314358239339,23528070.0
531.0518701691035,23525390.0
531.0723044140468,23523566.0
531.0927385589894,23525356.0
531.1131729036933,23535168.0
531.1336071479382,23543174.0
531.1540412921822,23541764.0
531.1744756361877,23536176.0
531.1949098799669,23532082.0
531.2153441235132,23539718.0
531.2357783668194,23551710.0
531.2562126099001,23564330.0
531.276646852748,23576474.0
531.2970810953557,23594498.0
531.3175153379707,23617390.0
531.3379496801208,23646926.0
531.3583839222629,23672830.0
531.3788180639458,23688150.0
531.3992524056302,23706610.0
531.4196866470738,23710558.0
531.4401207880583,23710240.0
531.4605551290442,23708200.0
531.4809893697893,23707308.0
531.5014235103081,23709712.0
531.5218578508284,23712294.0
531.5422919908742,23718530.0
531.5627262306953,23723594.0
531.5831605702842,23698650.0
531.6035947098644,23674418.0
531.624028948987,23703832.0
531.6444632881103,23740194.0
531.664897426992,23749438.0
531.685331665416,23756380.0
531.7057660038408,23762912.0
531.726200142024,23770496.0
531.7466344799832,23781040.0
531.7670687177088,23791184.0
531.7875029551942,23798778.0
531.8079371924541,23805830.0
531.8283714294812,23809124.0
531.848805666501,23811876.0
531.8692400030632,23809940.0
531.8896741393837,23808496.0
531.9101083757123,23807238.0
531.930542711576,23803478.0
531.9509768474381,23800432.0
531.971411083061,23794250.0
531.991845418459,23792816.0
532.0122795533825,23781352.0
532.0327137883141,23749008.0
532.0531481230137,23723264.0
532.0735822574788,23735002.0
532.0940164919375,23758478.0
532.1144508259385,23762176.0
532.134884959698,23762964.0
532.1553192932333,23768090.0
532.175753526768,23767794.0
532.1961876598361,23769158.0
532.2166219928986,23773618.0
532.2370562255019,23781460.0
532.2574903580971,23784394.0
532.2779246904684,23789772.0
532.2983589223732,23797546.0
532.3187930542772,23800716.0
532.3596616173818,23803352.0
532.3800957485801,23801672.0
532.4005300795543,23803440.0
532.420964310295,23806402.0
532.4413984410348,23804230.0
532.4618327713033,23788606.0
532.4822670013455,23740132.0
532.5027011313796,23693452.0
532.5231354609568,23711722.0
532.5435696905333,23756180.0
532.5640040196377,23773378.0
532.5844381487477,23770314.0
532.6048723776257,23767684.0
532.6253067060316,23768684.0
532.6457408344431,23774270.0
532.6661750626226,23779232.0
532.6866093905628,23780346.0
532.7070436182767,23782320.0
532.7274777457569,23786364.0
532.7479120729986,23791486.0
532.768346300014,23793738.0
532.7887804270285,23792682.0
532.8092147535717,23791392.0
532.8296489798886,23789222.0
532.8500831062047,23785772.0
532.8705174320494,23783210.0
532.8909516579006,23780884.0
532.9113857832854,23777074.0
532.9318201086644,23751722.0
532.9522542335835,23719454.0
532.9726885585042,23722176.0
532.9931227831839,23750720.0
533.0135569076374,23769510.0
533.0339912318595,23771720.0
533.0544254558408,23774936.0
533.0952939031195,23784048.0
533.1157281264022,23782462.0
533.1361623494595,23785298.0
533.1565965722839,23785764.0
533.177030795101,23784372.0
533.1974650174598,23784744.0
533.2178993395792,23787004.0
533.2383334617043,23787048.0
533.2587676833646,23790586.0
533.2792020050256,23788354.0
533.2996361262121,23787194.0
533.3200703474067,23785654.0
533.340504668362,23781984.0
533.3609387888573,23777802.0
533.3813731093542,23740086.0
533.4018073296174,23683366.0
533.4222414496398,23677646.0
533.4426757694382,23723126.0
533.4631099889957,23751994.0
533.4835441083269,23752968.0
533.5039784274268,23750602.0
533.5244126462931,23750782.0
533.5448468649192,23747636.0
533.5652810833199,23748974.0
533.5857153017132,23753336.0
533.6061494196474,23757470.0
533.6265837373503,23758880.0
533.6470179550524,23761500.0
533.6674521722816,23764630.0
533.7083206062816,23759228.0
533.7287547230517,23763560.0
533.7491890393576,23772500.0
533.7696232556627,23782000.0
533.7900575717285,23784402.0
533.8104916873344,23785278.0
533.8309259029338,23761834.0
533.8513602183084,23729132.0
533.8717943334486,23716866.0
533.8922285483568,23738160.0
533.9126628630256,23757424.0
533.9330969774674,23757308.0
533.9535311916698,23754146.0
533.9739655056474,23749882.0
533.9943996193906,23750688.0
534.0148338328945,23754242.0
534.0352681464065,23758390.0
534.055702359452,23761148.0
534.0761364722566,23763974.0
534.0965707848372,23764558.0
534.1170049974171,23765992.0
534.1374391095233,23769472.0
534.1578734216382,23774462.0
534.1783076332867,23775176.0
534.198741844928,23773856.0
534.2191760561109,23763988.0
534.2396102672938,23766330.0
534.2600444780037,23762414.0
534.2804786887209,23739416.0
534.3009128992053,23690042.0
534.3213471094496,23665182.0
534.3417813192355,23709604.0
534.3622154290206,23746368.0
534.3826497385671,23749814.0
534.4030839478874,23747928.0
534.423518056974,23749448.0
534.443952365822,23753202.0
534.4643865744438,23756252.0
534.4848207828327,23755672.0
534.5052549909815,23757520.0
534.5256891989047,23757812.0
534.5461234065951,23761076.0
534.5665576140455,23768624.0
534.586991821503,23774580.0
534.6074261284957,23778970.0
534.6278603352475,23781248.0
534.648294441773,23782424.0
534.6687287482928,23781312.0
534.6891629543534,23785434.0
534.7095970601804,23784352.0
534.7300313660089,23768106.0
534.7504655713637,23747290.0
534.7708996767251,23722828.0
534.791333981615,23742608.0
534.8117681865115,23773658.0
534.8322022909415,23781832.0
534.852636595373,23779334.0
534.8730707995637,23772396.0
534.893505003296,23770654.0
534.913939207021,23768756.0
534.9343734105205,23763490.0
534.9548076135543,23760214.0
534.9752418165881,23762308.0
534.9956760193818,23765212.0
535.0161102219499,23767896.0
535.036544424278,23769246.0
535.0569786263804,23772890.0
535.0774128280173,23775148.0
535.0978470296541,23776158.0
535.1182812310508,23780616.0
535.1387155322227,23785256.0
535.159149633153,23787670.0
535.1795838338585,23781390.0
535.2000181343319,23737938.0
535.220452234571,23694646.0
535.2408864348035,23713326.0
535.2613207345785,23752420.0
535.2817548341118,23765040.0
535.3021890334203,23765148.0
535.3226233324967,23766156.0
535.3430574313388,23767200.0
535.3634916301744,23763962.0
535.3839259285523,23762334.0
535.4043600266887,23759054.0
535.4247943248338,23757814.0
535.4452285225125,23759412.0
535.4656627199511,23763220.0
535.4860969173969,23771702.0
535.5065311143771,23779704.0
535.5269653111172,23776670.0
535.5473995078646,23789450.0
535.5678337041463,23787968.0
535.5882679004208,23789772.0
535.6087021962376,23786440.0
535.6291362920529,23783050.0
535.649570487396,23764068.0
535.6700046827464,23738762.0
535.6904388776311,23750444.0
535.7108730725085,23783698.0
535.7313072671604,23796074.0
535.7517414613467,23790916.0
535.7721755555249,23789202.0
535.792609849479,23787614.0
535.8130440429668,23790434.0
535.8334782364473,23793802.0
535.8539124297022,23794870.0
535.8743466224914,23793578.0
535.8947809152742,23793000.0
535.9152150078298,23792146.0
535.9356492001534,23786790.0
535.9560834920048,23784576.0
535.9765176838628,23787156.0
535.9969517754871,23786646.0
536.0173860668729,23792042.0
536.0378202580323,23801374.0
536.0582543489581,23810650.0
536.0786886394126,23810702.0
536.0991228298735,23781556.0
536.1195569201009,23731362.0
536.1399912100896,23733416.0
536.1604253998521,23783214.0
536.180859489381,23811422.0
536.2012937786712,23810552.0
536.2217279677352,23809128.0
536.2421620565656,23803446.0
536.2625963451574,23794938.0
536.2830305335228,23787222.0
536.3034648216562,23779144.0
536.323898909548,23781334.0
536.344333097215,23782016.0
536.3647673846426,23778902.0
536.3852014718432,23782192.0
536.4056356588117,23789224.0
536.4260698455473,23792416.0
536.4465040320429,23794354.0
536.4669382183129,23792312.0
536.4873724043428,23798572.0
536.5078065901471,23806394.0
536.5282407757186,23803286.0
536.5486750610507,23796150.0
536.5691091461558,23769952.0
536.5895433312617,23761888.0
536.6099776158953,23787750.0
536.6304117003019,23804984.0
536.6508458844764,23809754.0
536.6917142521197,23803144.0
536.7121485355965,23802148.0
536.7325827188324,23800374.0
536.7530168020749,23796984.0
536.7734510848531,23793972.0
536.7938852673906,23793184.0
536.8143194497025,23792556.0
536.8347536317815,23790658.0
536.8551878136204,23789500.0
536.8756219954666,23790706.0
536.8960561768472,23795064.0
536.9164903579876,23797320.0
536.9369245389025,23799038.0
536.9573588195854,23802640.0
536.9777929000265,23804766.0
536.9982270804758,23790296.0
537.0186613604601,23743896.0
537.0390954402028,23724006.0
537.0595296197207,23763218.0
537.0799638990065,23799448.0
537.1003979780508,23807520.0
537.1208322571038,23802256.0
537.1412663356896,23801802.0
537.161700514036,23796354.0
537.1821347921577,23793178.0
537.2025688700451,23791866.0
537.223003047693,23786872.0
537.2434373253491,23785352.0
537.2638714025379,23785362.0
537.2843055794874,23784342.0
537.3047398562121,23790850.0
537.3251739327025,23787428.0
537.3456081089535,23790768.0
537.3660423852125,23794306.0
537.3864765610051,23791504.0
537.4069106365569,23790176.0
537.4273449118846,23792826.0
537.4477790869787,23792838.0
537.468213161832,23773068.0
537.4886474364612,23755148.0
537.5090816110896,23777600.0
537.5295158852459,23811478.0
537.5499499591751,23818020.0
537.5703841328723,23819622.0
537.5908184063301,23812544.0
537.6112524795608,23823776.0
537.6316866525594,23813132.0
537.6521209253187,23811324.0
537.672554997851,23808934.0
537.6929891701511,23806752.0
537.7134234422119,23801664.0
537.7338575140457,23800046.0
537.7542916856473,23801182.0
537.7747259572425,23800278.0
537.7951600283777,23803758.0
537.8155941992809,23801506.0
537.8360284699447,23804978.0
537.8564625403815,23809338.0
537.8768967105862,23812278.0
537.8973309805515,23806028.0
537.9177650500569,23760746.0
537.9381993195566,23725218.0
537.95863348883,23757260.0
537.9790675578697,23799414.0
537.9995018266782,23821098.0
538.0199359952458,23819328.0
538.040370063587,23818674.0
538.0608043316897,23818370.0
538.0812384995661,23815912.0
538.1016725672089,23812680.0
538.1221068343875,23811294.0
