time,flux
630.2155259636347,275614.03125
630.2359592759749,275586.9375
630.2563923880807,275609.71875
630.27682560018,275600.96875
630.2972589120545,275597.875
630.3176920236947,275597.03125
630.3381252353283,275610.8125
630.3585585465044,275568.25
630.3789916579117,275590.34375
630.3994248688468,275572.65625
630.4402913904923,275562.28125
630.4607245009684,275558.28125
630.481157811213,275568.625
630.501591021457,275577.5625
630.5220241314601,275540.84375
630.5424574412391,275558.625
630.5628905510166,275576.34375
630.5833238605555,275579.75
630.6037570698682,275552.65625
630.62419017918,275535.90625
630.6446234880204,275545.625
630.6650566971002,275554.28125
630.6854898057136,275553.0
630.7059231140884,275481.5625
630.7263563224697,275558.875
630.7467894308502,275554.15625
630.7672227387593,275528.96875
630.7876559466749,275504.15625
630.808089054357,275524.53125
630.8285223618004,275511.8125
630.8489555692504,275573.0
630.8693887764675,275556.09375
630.8898219834446,275565.75
630.910255190196,275535.09375
630.930688496941,275493.5625
630.9511216034589,275533.40625
630.9715548099775,275565.09375
630.991988116024,275516.375
631.012421322077,275524.28125
631.0328544278964,275547.59375
631.05328773371,275540.09375
631.0737209392973,275523.46875
631.0941540446511,275539.4375
631.1145873497662,275558.0625
631.1350205548879,275536.96875
631.155453659776,275551.5625
631.1758869644254,275508.6875
631.1963200688479,275514.3125
631.2167533732718,275515.34375
631.2371865774548,275526.15625
631.2576196816444,275509.59375
631.2780529853699,275543.78125
631.2984861890873,275517.90625
631.3189192925784,275527.375
631.339352596071,275544.03125
631.3597857993227,275543.8125
631.3802190023489,275602.8125
631.4006522051423,275561.375
631.4210854079283,275573.875
631.4415186104889,275529.34375
631.4619518128166,275552.75
631.482385015137,275510.6875
631.5028183172326,275543.03125
631.5232515190874,275532.53125
631.5436846207158,275530.0
631.5641179223458,275501.46875
631.5845511237421,275510.96875
631.6049842248976,275533.96875
631.6254175260619,275518.4375
631.6458507269854,275517.5
631.6662838276825,275518.84375
631.6867171281483,275578.5
631.7071503286134,275527.59375
631.7275834288375,275511.96875
631.7480167290705,275548.875
631.7684499288298,275517.84375
631.7888832285971,275551.78125
631.8093163281301,275511.5625
631.8297495276638,275530.53125
631.8501827269574,275492.59375
631.8706159260255,275485.90625
631.8910491248535,275530.0625
631.9114823236887,275514.40625
631.9319155222911,275498.40625
631.9523487206607,275538.125
631.972781919023,275513.0625
631.9932151171597,275521.4375
632.0136483150563,275572.25
632.034081612961,275519.0625
632.0545147103985,275525.9375
632.0749479078368,275527.6875
632.0953812052685,275499.1875
632.1158143024732,275492.8125
632.1362475994392,275515.09375
632.156680796179,275530.15625
632.1771138926852,275497.90625
632.1975471891856,275507.90625
632.2179803854597,275523.71875
632.2588467777678,275512.15625
632.2792799735762,275507.46875
632.299713069151,275496.71875
632.3201463647201,275513.34375
632.3405795600629,275483.625
632.3610127551729,275475.21875
632.3814459500427,275519.03125
632.4018791449198,275465.875
632.4223124395648,275487.4375
632.4427455342011,275479.21875
632.4631787286125,275473.53125
632.4836120227919,275494.59375
632.5040452167304,275502.8125
632.5244783106755,275488.78125
632.5449116043892,275505.625
632.565344797862,275507.15625
632.5857778911086,275477.15625
632.6062111843567,275441.96875
632.6266442773631,275474.75
632.6470774703776,275475.59375
632.66751076316,275442.46875
632.6879438557007,275449.78125
632.7083771480175,275441.1875
632.7288103403334,275457.625
632.7492434324085,275427.96875
632.7696767242596,275451.34375
632.7901099158771,275459.28125
632.8105430074866,275465.1875
632.8309762991048,275427.65625
632.8514094902566,275447.09375
632.8718426814012,275420.625
632.8922758723202,275414.5
632.9127090630063,275445.84375
632.9331422536852,275433.3125
632.9535754441386,275443.46875
632.974008634359,275429.90625
632.994441924573,275409.1875
633.0148751145607,275399.09375
633.0353082043148,275396.3125
633.0557414938303,275396.46875
633.0761746833523,275392.8125
633.0966077726407,275394.25
633.1170410619234,275450.78125
633.1374742509797,275401.25
633.1579073398025,275415.90625
633.1783406283866,275404.90625
633.1987738169773,275398.8125
633.2192069053344,275378.875
633.2396401934529,275413.9375
633.2600732813444,275426.0625
633.2805065692373,275398.1875
633.3009397568894,275427.28125
633.321372844548,275382.90625
633.341806131968,275377.4375
633.3622393191617,275373.21875
633.3826725061226,275355.59375
633.4031056930835,275370.125
633.4235388798043,275382.125
633.4439720662995,275357.3125
633.4644052527874,275374.40625
633.4848384390498,275357.53125
633.5052716250793,275383.59375
633.5257049111024,275358.65625
633.5461379968983,275362.78125
633.566571282463,275355.25
633.5870044677868,275374.625
633.607437553117,275334.9375
633.627870838216,275361.46875
633.648304023307,275363.5
633.6687371081716,275251.125
633.689170392805,275337.96875
633.7096035771974,275284.125
633.7300366615964,275346.5
633.750469945764,275348.65625
633.7709031296909,275319.25
633.7913362136242,275307.125
633.8117694973262,275325.53125
633.8322026807873,275311.75
633.8526359640236,275361.40625
633.8730690472585,275349.21875
633.893502230254,275346.78125
633.9139354132567,275320.75
633.9343685960266,275329.25
633.9548017785564,275324.0625
633.9752349608607,275347.90625
633.995668143165,275301.90625
634.0161013252291,275333.03125
634.0365345070677,275322.75
634.0569676889063,275296.0625
634.0774008705048,275307.4375
634.0978341518785,275271.21875
634.1182672332507,275255.1875
634.1387005143843,275242.375
634.1591336952915,275233.28125
634.179566776198,275288.9375
634.200000056866,275282.21875
634.2204332373076,275291.3125
634.2408663175156,275289.375
634.2612995977179,275285.28125
634.2817327776938,275239.53125
634.302165857669,275232.9375
634.3225991371728,275282.625
634.3430323169159,275218.625
634.3634654961934,275208.5625
634.3838986754636,275282.65625
634.4043318545082,275255.78125
634.4247651333135,275255.96875
634.4451982121245,275223.875
634.4656313907035,275238.40625
634.4860646690431,275230.125
634.5064977473885,275211.40625
634.5269309255018,275177.875
634.5473642033758,275209.0
634.5677972812555,275172.9375
634.5882304586703,275216.125
634.6086637363114,275219.28125
634.6290968134927,275226.34375
634.6495299906746,275223.90625
634.6699632676173,275198.84375
634.6903963445657,275193.875
634.7108296212828,275180.28125
634.731262797759,275150.625
634.7516958740089,275185.4375
634.7721291502603,275209.8125
634.7925623262709,275174.84375
634.8129954022879,275198.25
634.8334286778409,275195.28125
634.8538618533858,275191.375
634.8742949289372,275207.78125
634.8947282040244,275174.15625
634.9151613791037,275203.28125
634.9355945541902,275206.25
634.956027728811,275174.84375
634.9764609036574,275156.28125
634.9968941780462,275174.53125
635.0173273522014,275176.25
635.0377604263485,275180.0625
635.0581937005045,275186.59375
635.078626874194,275180.6875
635.0990599478755,275185.59375
635.1194932215658,275148.75
635.1399263947897,275190.90625
635.1603594680055,275181.71875
635.1807927409973,275193.84375
635.2012258139875,275165.46875
635.2420922592646,275142.375
635.2625253315564,275142.65625
635.2829586038424,275135.8125
635.303391776135,275131.5625
635.3238248479611,275117.0
635.3442581197814,275119.75
635.3646912913755,275120.0
635.3851243629688,275104.875
635.4055576340907,275095.8125
635.4259908054519,275129.1875
635.4464239763474,275089.84375
635.4668571472357,275124.4375
635.4872903178984,275132.21875
635.5077234883283,275113.03125
635.528156658751,275124.875
635.548589828948,275125.5625
635.5690230991459,275116.5
635.5894562691028,275084.34375
635.6098893388335,275109.21875
635.6303226083255,275130.5625
635.6507557778241,275109.6875
635.6711888470891,275088.4375
635.6916221161227,275110.0
635.7120552851484,275077.75
635.7324883539477,275114.96875
635.7529216227413,275132.1875
635.7733547910757,275135.1875
635.7937878594093,275079.65625
635.8142211277445,275144.46875
635.834654295606,275121.90625
635.8550874634748,275095.375
635.8755206313363,275112.21875
635.8959537989722,275131.03125
635.9163869663753,275107.875
635.9368201335456,275138.78125
635.9572533007085,275119.375
635.977686467646,275106.0625
635.9981196343433,275135.75
636.0185528010479,275091.03125
636.0389859675197,275117.8125
636.0594191337514,275129.8125
636.0798522999903,275099.375
636.1002855659972,275154.03125
636.1207186317624,275133.875
636.1411518975365,275071.875
636.1615850630769,275110.03125
636.1820181283765,275131.09375
636.2024513936849,275106.03125
636.2228845587597,275117.53125
636.2433176238264,275093.3125
636.2637508884363,275150.25
636.2841840530455,275118.65625
636.3046171176466,275124.21875
636.3250503817908,275158.0625
636.3454835459343,275117.3125
636.3659166100697,275099.78125
636.3863498739811,275119.90625
636.4067830376589,275119.34375
636.4272163010974,275117.59375
636.4476493645416,275110.46875
636.4680825277537,275112.5625
636.4885157907265,275131.78125
636.5089488537051,275141.28125
636.5293820164516,275084.40625
636.5498151789579,275169.0
636.5702483414716,275116.03125
636.5906815037524,275129.84375
636.6111147660267,275091.1875
636.6315478278411,275137.03125
636.6519809898891,275143.59375
636.6724142514649,275134.21875
636.6928473130465,275115.34375
636.7132805743895,275160.09375
636.7337137355062,275152.75
636.7541467966221,275129.96875
636.7745800575067,275093.78125
636.7950132183832,275096.8125
636.8154462790335,275138.34375
636.8358795394452,275123.8125
636.8563126996305,275124.59375
636.8767457598151,275102.40625
636.8971790197684,275142.4375
636.9176121797136,275144.5625
636.9380453394333,275089.96875
636.9584784989129,275109.59375
636.9789116581669,275079.59375
636.9993449174217,275125.125
637.019777976675,275100.78125
637.040211135456,275155.46875
637.0606443942452,275115.25
637.0810775527934,275122.625
637.1015106113482,275098.6875
637.1219438696717,275099.09375
637.1423770277543,275109.5625
637.1628100858434,275099.21875
637.1832433437012,275140.09375
637.2036765013181,275174.40625
637.2241095589416,275118.90625
637.2445428163337,275107.90625
637.2649758734915,275125.9375
637.2854091306435,275116.25
637.3058422875692,275123.28125
637.3262753442541,275109.375
637.3467086009477,275128.6875
637.3671417574078,275148.03125
637.3875748138671,275096.1875
637.408008069855,275120.9375
637.4284412258494,275125.125
637.4488743818365,275149.78125
637.4693075375981,275164.0625
637.4897406931268,275120.46875
637.5101738484154,275132.21875
637.5306070037113,275130.03125
637.5510401587744,275155.3125
637.571473413831,275142.1875
637.5919064686605,275140.09375
637.6123396232579,275143.96875
637.6327728778488,275148.75
637.6532060322133,275158.71875
637.6736390863443,275178.875
637.6940723402367,275160.1875
637.7145054941357,275149.53125
637.7349385480338,275171.8125
637.7553718014606,275163.8125
637.7758049551267,275121.0
637.7962380083263,275162.71875
637.8166712615202,275155.09375
637.8371044144878,275149.3125
637.8575375672226,275122.25
637.8779707199501,275185.09375
637.898403872452,275149.625
637.9188370247211,275156.625
637.939270176983,275153.8125
637.9597032290185,275156.28125
637.9801364810555,275162.71875
638.0005696328517,275137.6875
638.0210027844223,275159.59375
638.0414359359929,275178.375
638.0618690873234,275184.34375
638.0823022384284,275157.46875
638.1027354895341,275142.09375
638.1231685403982,275167.28125
638.1436017910382,275167.0
638.1640349416703,275153.125
638.184467992076,275243.8125
638.225334392424,275251.71875
638.2457674423567,275172.28125
638.2662006922983,275190.4375
638.2866338417662,275191.375
638.3070668914734,275163.03125
638.3275001407164,275166.0625
638.3479332899587,275153.65625
638.3683663389602,275179.53125
638.3887995879704,275164.46875
638.4092327367398,275189.71875
638.4296659852844,275197.5625
638.4500990338274,275178.3125
638.4705321821311,275175.6875
638.49096543021,275166.6875
638.5113984782874,275188.96875
638.5318316261255,275194.09375
638.5522647739708,275176.25
638.5726979213505,275142.65625
638.5931310689557,275193.625
638.6135642161025,275157.5
638.6339973632494,275193.21875
638.6544305101561,275149.1875
638.6748637570709,275102.90625
638.6952968037513,275096.78125
638.7157300501931,275152.9375
638.7361631966414,275139.25
638.7565962428562,275144.03125
638.7770294888323,275139.0625
638.797462634815,275181.125
638.8178956805641,275141.625
638.8383289263074,275145.75
638.8587620718245,275150.21875
638.8791951171079,275185.53125
638.8996283621527,275136.0625
638.9200615072041,275144.03125
638.9404946520226,275126.78125
638.9609277968339,275172.0
638.9813609414196,275147.40625
639.0017941857659,275136.625
639.022227230118,275139.0625
639.042660374238,275163.0625
639.0630936183588,275188.5625
639.0835267622388,275158.75
639.1039598058924,275158.4375
639.1243930493074,275171.0
639.1448261927289,275175.6875
639.1652592361497,275165.75
639.1856924791064,275135.09375
639.2061255220542,275132.96875
639.2265586650101,275150.84375
639.2469919074938,275166.375
639.2674249499833,275189.96875
639.2878581924742,275138.4375
639.3082913347316,275176.46875
639.3287243767481,275157.625
639.3491576185406,275157.25
639.3695907603251,275185.90625
639.390023802116,275152.53125
639.4104570434429,275162.71875
639.4308901847689,275165.65625
639.451323226087,275185.03125
639.4717564669481,275189.78125
639.4921896080341,275150.84375
639.5126227486617,275194.0
639.5330558892892,275189.90625
639.553489029684,275210.96875
639.5739222700722,275206.53125
639.5943553102334,275214.21875
639.6147884501552,275178.53125
639.635221690085,275222.9375
639.6556548297813,275226.375
639.6760878692439,275199.53125
639.6965211087008,275215.625
639.7169542479314,275181.0
639.737387287154,275211.25
639.7578205261525,275213.46875
639.7782536649174,275219.125
639.7986867036816,275254.90625
639.8191199422072,275215.34375
639.8395530805064,275194.875
639.8599862187984,275216.9375
639.8804193568649,275221.0625
639.9008523948141,275234.90625
639.9212856326412,275202.59375
639.941718770242,275215.65625
639.962151807842,275242.53125
639.9825850452035,275271.6875
640.0030181823386,275223.0625
640.0234513194737,275286.21875
640.0438844563687,275247.15625
640.0643175931546,275226.625
640.084750729824,275253.0625
640.1051838662534,275275.875
640.1256170025736,275289.03125
640.1460502387781,275275.90625
640.1664833748582,275244.21875
640.1869164108284,275221.9375
640.2073496465673,275282.0625
640.2277827821817,275241.0
640.2482158175699,275275.25
640.2686490529595,275274.03125
640.2890821881083,275296.96875
640.3095152231472,275268.5625
640.3299484580712,275283.90625
640.3503815927543,275303.6875
640.3708146273275,275289.9375
640.3912478619022,275273.34375
640.4116809961197,275265.875
640.4321142303452,275268.75
640.4525472643363,275325.53125
640.4729803982045,275317.65625
640.4934135319636,275302.6875
640.5138466654898,275283.15625
640.5342797988924,275335.21875
640.5547129321858,275328.46875
640.5751460653628,275358.3125
640.5955791984161,275310.4375
640.6160123312438,275322.03125
640.6364454639552,275342.5
640.6568785965428,275342.1875
640.6773117289049,275341.65625
640.697744861267,275374.34375
640.7181780933897,275323.34375
640.7386112254026,275374.0625
640.7590442571818,275387.3125
640.7794774889553,275361.4375
640.7999106205025,275407.75
640.8203436518161,275362.5625
640.8407768831239,275364.90625
640.8612100143218,275381.0625
640.8816430452862,275354.59375
640.9020762761284,275408.96875
640.9225094067442,275366.28125
640.942942437352,275387.71875
640.9633756677358,275384.5
640.9838087980024,275413.28125
641.0042420281461,275453.71875
641.0246750580627,275423.9375
641.0451081879801,275449.78125
641.0655414176581,275427.21875
641.0859744472255,275451.875
641.1064075765607,275454.0
641.1268408057731,275436.65625
641.1472738348748,275442.625
641.1677069638608,275432.21875
641.2085733213607,275456.0625
641.2290063498804,275486.6875
641.2494395782778,275437.25
641.2698726065646,275431.0625
641.2903058347365,275460.34375
641.3107389626675,275439.75
641.3311719904887,275487.46875
641.3516052181949,275459.15625
641.3720383457767,275517.4375
641.3924713731321,275498.375
641.4129046003727,275504.09375
641.4333377274888,275493.46875
641.453770754495,275474.15625
641.47420398127,275549.84375
641.4946371080368,275519.03125
641.5150701345774,275507.09375
641.5355033608867,275548.53125
641.5559364871879,275564.125
641.5763697132643,275498.3125
641.5968027393392,275559.6875
641.6172358651747,275551.4375
641.6376690907855,275554.53125
641.6581022163882,275541.4375
641.6785352417646,275580.65625
641.6989684670261,275575.59375
641.7194015921705,275560.21875
641.7398346171904,275563.0
641.7602678419862,275567.1875
641.7807009666576,275589.90625
641.8011339912191,275604.34375
641.8215672156657,275621.5625
641.8420003399951,275576.5625
641.8624333640837,275572.09375
641.8828665880646,275580.28125
641.9032996119277,275572.78125
641.9237328356685,275571.4375
641.944165959183,275574.75
641.9645989825804,275599.40625
641.9850322058555,275630.9375
642.0054653290208,275554.9375
642.0258984520624,275608.40625
642.0463315748784,275591.9375
642.0667646976945,275596.3125
642.0871978202777,275629.125
642.1076309426207,275631.71875
642.1280640649711,275641.40625
642.1484971870814,275605.96875
642.1689304090833,275613.09375
642.1893634309672,275649.40625
642.209796652729,275645.21875
642.2302297743809,275655.9375
642.2506627957991,275618.0
642.2710960170953,275677.21875
642.2915291382815,275641.875
642.3119621593505,275647.6875
642.332395380181,275657.25
642.3528285010179,275660.5625
642.3732615216213,275694.71875
642.3936947421025,275680.84375
642.4141278623574,275674.65625
642.4345608826115,275662.8125
642.4549941026271,275684.96875
642.4754272225327,275646.34375
642.495860342322,275670.28125
642.5162934619875,275686.875
642.5367265814275,275679.59375
642.5571597007511,275703.59375
642.5775928200674,275694.84375
642.5980259390417,275670.75
642.618459058016,275708.71875
642.6388921767502,275702.625
642.6593252954917,275711.34375
642.6797584140004,275707.9375
642.7001915323854,275706.96875
642.7206246505448,275707.96875
642.741057868705,275715.34375
642.7614908866235,275728.25
642.7819241044344,275720.65625
642.8023572221282,275745.125
642.8227902396975,275731.0625
642.8432234571592,275733.625
642.8636565743873,275760.5
642.8840895914909,275729.0625
642.904522808487,275737.0
642.9249559253658,275778.03125
642.9453889420038,275756.375
642.9658221586506,275744.03125
642.9862552750637,275761.625
643.0066883913532,275774.3125
643.0271215074172,275793.3125
643.0475546234811,275797.5
643.0679878393057,275799.875
643.0884208551361,275770.09375
643.1088539707343,275807.5625
643.1292871862097,275782.5
643.149720201458,275804.6875
643.170153316707,275815.46875
643.1905865317167,275793.9375
643.2110195466157,275831.40625
643.2314526613991,275815.1875
643.2518858760595,275800.84375
643.2723188904929,275838.9375
643.292752004927,275787.96875
643.3131852191218,275822.875
643.3336182332059,275840.3125
643.3540514471679,275833.5625
643.3744845609035,275844.09375
643.3949175746384,275823.34375
643.4153507881347,275851.5
643.4357839015211,275853.0625
643.4562169147903,275849.65625
643.4766501279373,275883.15625
643.497083240858,275863.0
643.517516253778,275857.21875
643.5379494664594,275853.65625
643.5583825790309,275868.59375
643.5788156914859,275861.90625
643.5992488038173,275859.4375
643.6196819159231,275874.4375
643.6401150279125,275865.03125
643.6605481397783,275866.34375
643.6809812515348,275891.15625
643.7014144631758,275901.125
643.7218475746922,275907.96875
643.7422805859824,275868.09375
643.762713797274,275891.46875
643.7831469083249,275897.46875
643.8035799192658,275907.65625
643.8240131299754,275924.40625
643.8444461406762,275925.4375
643.8648792511522,275926.5
643.8853124616289,275921.03125
643.9057454718641,275924.90625
643.9261785818744,275909.84375
643.9466117918855,275943.0625
643.9670448017714,275928.625
643.9874780114333,275922.5
644.007911120978,275930.3125
644.0283441303982,275964.28125
644.0487773397108,275950.34375
644.0692104489062,275924.65625
644.089643557978,275947.53125
644.1100766668242,275945.15625
644.130509775554,275965.8125
644.15094288416,275950.625
644.1918091010375,275962.25
644.2122422091779,275988.875
644.2326754173264,275961.90625
644.2531084252405,275957.59375
644.2735416330324,275968.0
644.2939747407145,275910.71875
644.3144077482793,275921.5625
644.334840955722,276007.46875
644.3552740629384,275982.125
644.3757070700376,276005.0625
644.3961402770146,275989.96875
644.4165733838818,275977.96875
644.4370063906317,276012.3125
644.4574395972595,275992.09375
644.477872703661,275990.28125
644.4983057100617,276007.4375
644.5187389162238,276059.3125
644.5391719222753,276022.0625
644.5596051282046,276014.09375
644.5800382339075,276035.21875
644.6004712396098,276029.5
644.6209044450807,275999.21875
644.6413375505435,276007.875
644.6617706557809,276025.6875
644.6822037608945,276004.59375
644.7026368657826,276062.0
644.7230699706706,276069.40625
644.7435031754358,276100.0625
644.7639361799738,276053.40625
644.7843692843962,276063.71875
644.8048024886957,276070.53125
644.8252354928845,276076.0625
644.8456686969585,276048.3125
644.8661018007915,276050.0625
644.8865348046311,276128.15625
644.9069680082393,276123.21875
644.9274011117232,276126.625
644.9478341150971,276068.09375
644.9682673183561,276100.4375
644.9887004214906,276103.15625
645.0091334243989,276118.625
645.0295666273087,276107.1875
645.0499997299776,276057.71875
645.0704328325373,276127.25
645.0908659349807,276094.0
645.1112990373003,276089.34375
645.1317322395116,276085.75
645.152165241605,276103.46875
645.172598343459,276137.4375
645.1930314452038,276122.3125
645.2134645468323,276073.1875
645.233897648337,276088.40625
645.2543308497334,276119.3125
645.2747638510118,276093.09375
645.2951969521673,276079.96875
645.315630153098,276132.25
645.3360631539108,276081.75
645.3564962546006,276112.5625
645.3769294551821,276100.34375
645.3973624556456,276103.25
645.4177955559862,276098.3125
645.4382287562185,276129.03125
645.4586617562163,276140.59375
645.4790949562084,276139.4375
645.4995280559742,276125.8125
645.5199610556228,276152.40625
645.5403942551493,276131.09375
645.5608273545658,275805.3125
645.581260453866,274173.25
645.601693552926,272383.71875
645.6221266519933,271955.03125
645.6425597508278,271960.34375
645.6629928495386,271942.53125
645.6834259481402,271966.25
645.7038590466254,272700.625
645.7242922449877,274565.71875
645.7447252432394,276020.03125
645.7651584412524,276189.09375
645.7855914392712,276188.875
645.806024537058,276165.46875
645.8264577347218,276207.875
645.8468908322757,276161.6875
645.8673238297124,276177.3125
645.887757027027,276184.59375
645.9081900242309,276168.4375
645.9286231212027,276198.9375
645.9490563180516,276183.40625
645.9694893149062,276160.6875
645.9899224115288,276197.84375
646.0103556080285,276167.75
646.0307886044175,276198.34375
646.0512218006916,276200.46875
646.0716548968412,276217.96875
646.0920879927653,276207.90625
646.1125210886894,276229.65625
646.1329541843734,276193.125
646.1533872799482,276211.28125
646.1738203754066,276199.1875
646.1942534707414,276195.15625
646.214686565967,276210.6875
646.2351196610762,276231.46875
646.2555527559452,276220.09375
646.2759858508216,276214.96875
646.2964190454659,276200.21875
646.3168520401014,276247.1875
646.3372852345128,276227.3125
646.3577183288071,276258.6875
646.3781513229769,276235.65625
646.3985845170391,276253.96875
646.4190176108677,276243.21875
646.4394506046883,276287.75
646.4598837984013,276287.71875
646.4803168918806,276259.21875
646.5007498852356,276300.84375
646.5211830784829,276259.5625
646.5416161717294,276244.625
646.5620491647351,276247.375
646.5824823575167,276290.03125
646.6029153502968,276283.46875
646.6233485429548,276300.78125
646.6437816353864,276329.8125
646.664214727818,276303.1875
646.6846478200096,276343.5
646.705080912092,276327.9375
646.7255140040579,276298.875
646.7459470959002,276286.15625
646.7663801876333,276297.65625
646.78681327925,276335.03125
646.8072464707438,276338.4375
646.8276794620106,276311.71875
646.848112553278,276323.0
646.8685457443062,276365.5
646.8889787353401,276337.59375
646.9094118261419,276361.375
646.9298450168208,276390.84375
646.950278007389,276423.59375
646.970711197835,276409.40625
646.9911442881712,276395.46875
647.0115772782738,276365.84375
647.0320104683778,276383.125
647.0524435582411,276408.625
647.0728765481108,276435.65625
647.093309737742,276403.71875
647.1137428272632,276399.28125
647.134175916668,276420.40625
647.1750420951212,276417.875
647.195475084176,276437.53125
647.2159082731087,276412.5625
647.2363413619314,276419.28125
647.2567744505213,276441.15625
647.2772075391113,276440.09375
647.2976406274611,276447.96875
647.3180738157025,276425.375
647.3385068039352,276452.71875
647.358939891943,276439.5
647.3793730798352,276446.21875
647.3998060676095,276459.0625
647.4202391552608,276496.9375
647.4406723426873,276515.25
647.461105330105,276517.59375
647.4815384174144,276499.8125
647.5019716044917,276463.34375
647.5224045915675,276497.3125
647.5428377784046,276506.0
647.5632708651319,276489.3125
647.5837038517348,276463.84375
647.60413703823,276527.28125
647.624570124608,276543.0
647.6450032108623,276533.78125
647.6654362970075,276568.71875
647.6858693830363,276538.1875
647.7063024689414,276551.25
647.726735554621,276550.75
647.7471686403005,276581.96875
647.76760172574,276552.75
647.788034911071,276528.53125
647.8084678964005,276556.78125
647.8289010814915,276561.375
647.8493340664718,276546.8125
647.8697671513364,276543.5625
647.8902003360781,276562.03125
647.9106333207092,276591.0
647.9310664052246,276584.0625
647.9514995895006,276586.59375
647.9719325737824,276572.78125
647.9923656579485,276609.65625
648.0127988418753,276561.1875
648.0332318258079,276599.3125
648.0536649095084,276647.3125
648.0740980930859,276618.9375
648.0945310766692,276625.4375
648.1149642600212,276611.25
648.1353973432488,276618.78125
648.1558304263672,276638.625
648.1762635093619,276650.625
648.1966965922475,276648.875
648.2171296750166,276627.75
648.237562757553,276653.78125
648.257995840082,276638.625
648.2784289225019,276638.84375
648.2988621046825,276650.4375
648.3192950868688,276635.03125
648.3397281688231,276667.6875
648.3601613506544,276651.84375
648.3805943324915,276644.96875
648.4010275140972,276673.0625
648.4214605955785,276631.40625
648.4623267582065,276640.34375
648.4827598393385,276674.96875
648.5031928203607,276661.78125
648.523626001268,276660.71875
648.54405898205,276644.3125
648.5644920626073,276661.96875
648.5849252431653,276667.0625
648.6053582236054,276683.90625
648.6257913038062,276666.1875
648.646224484015,276640.28125
648.6666575639829,276693.84375
648.6870906438417,276677.59375
648.7075237237004,276672.28125
648.7483898828286,276666.96875
648.7688229622217,276678.375
648.7892560414912,276674.1875
648.8096892207686,276704.625
648.8301221998117,276687.625
648.8505552787319,276680.5
648.8709884574273,276671.96875
648.8914214361212,276684.46875
648.9118545146921,276677.125
648.9322876931546,276662.75
648.9527206713828,276698.3125
648.9731537496045,276713.625
648.9935869277178,276695.71875
649.0140199055968,276711.75
649.03445308347,276712.78125
649.0548861611169,276705.8125
649.0753191386466,276725.0
649.0957523161705,276709.53125
649.1161853934682,276735.875
649.1366184706494,276737.375
649.1570515478234,276694.625
649.1774846247718,276711.65625
649.1979177016037,276697.65625
649.218350778312,276753.0625
649.2387838549112,276734.53125
649.2592168313931,276741.75
649.2796500077529,276748.03125
649.3000830840028,276726.5625
649.3205161601363,276767.65625
649.3409492361461,276744.125
649.3613823119304,276749.4375
649.3818154877081,276742.15625
649.4022484633751,276759.875
649.4226815388101,276776.9375
649.4431147142459,276762.625
649.4635476895564,276779.28125
649.4839807646422,276771.46875
649.5044139397214,276752.9375
649.5248469145736,276771.34375
649.5452799894265,276790.5625
649.5657131640473,276764.125
649.586146138543,276768.96875
649.6065793130474,276789.34375
649.627012387311,276786.71875
649.6474454614654,276805.4375
649.6678785356198,276793.1875
649.6883116095414,276877.21875
649.7087446833393,276818.71875
649.7291777570281,276823.96875
649.7496108305932,276828.0625
649.7700439040491,276878.96875
649.7904769773886,276828.71875
649.8109100506117,276839.34375
649.8313431237111,276855.375
649.8517761967014,276872.78125
649.872209269568,276859.46875
649.8926424423262,276859.71875
649.9130754149664,276849.1875
649.933508487491,276867.5625
649.9539416598927,276847.9375
649.9743746321838,276874.125
649.9948077042354,276869.0625
650.0152408762951,276891.0
650.0356738482369,276891.59375
650.056106920063,276898.125
650.0765400916498,276865.65625
650.0969730632423,276894.1875
650.1174061347119,276886.5625
650.1582722772,276908.0
650.1787054482047,276929.625
650.1991385192159,276947.0
650.2195715901107,276914.5625
650.2400046607654,276913.28125
650.2604377314274,276934.6875
650.2808708018565,276936.25
650.3013038722784,276932.375
650.3217369424747,276923.71875
650.342170012671,276939.84375
650.3626031826279,276923.65625
650.3830361524742,276961.84375
650.4034692223213,276957.25
650.423902391929,276961.28125
650.444335361426,276926.0
650.4647685309246,276985.46875
650.4852015001816,276949.25
650.5056345694466,276985.53125
650.5260677384795,276976.1875
650.5465007073872,276969.65625
650.5669337763029,276960.90625
650.5873669449793,276991.59375
650.607799913545,277013.4375
650.6282329819951,277001.875
650.6486661504459,277000.65625
650.6690991186551,276991.0625
650.689532186756,277031.40625
650.7099653547339,276992.1875
650.7303984227183,277019.46875
650.7508314904699,277004.03125
650.771264558105,277023.09375
650.7916976257329,277001.71875
650.8121306931353,277017.75
650.8325637604139,277012.09375
650.8529968275834,277008.6875
650.8734299946373,277033.875
650.8938629616896,277050.53125
650.9142960285026,277042.4375
650.9347291952072,277044.96875
650.9551621617866,277075.09375
650.975595228374,277111.8125
650.9960283947294,277054.125
651.0164613609668,277024.4375
651.036894527082,277045.375
651.0573275932038,277057.5
651.0777605590847,277064.375
651.098193724858,277056.75
651.1186267905141,277027.8125
651.139059756053,277056.375
651.1594929215862,277093.5625
651.1799259868931,277089.90625
651.2003589520755,277050.84375
651.2207921172667,277085.25
651.2412251822243,277093.78125
651.2616581470647,277087.65625
651.282091311783,277097.3125
651.3025243765078,277080.5
651.3229573409917,277099.0
651.343390505368,277094.96875
651.3638235697435,277122.6875
651.3842567338797,277105.59375
651.4046896979053,277129.65625
651.4251227619316,277121.1875
651.4455559257185,277086.4375
651.4659888893948,277133.5625
651.4864219530718,277097.25
651.5068551165095,277113.0
651.527288079953,277109.6875
651.5477211431644,277126.59375
651.5681543063693,277104.53125
651.588587269347,277099.84375
651.6090203323256,277120.1875
651.6294534950648,277170.90625
651.6498864578098,277133.59375
651.6703196203234,277112.03125
651.690752682829,277148.125
651.7111857451091,277140.4375
651.7316188073892,277125.0625
651.7520518695455,277152.46875
651.7724849314764,277170.21875
651.7929179934072,277143.9375
651.8133510552143,277152.15625
651.8337841167959,277126.96875
651.8542171783774,277169.1875
651.8746502398353,277157.59375
651.8950832011833,277145.9375
651.9155163624164,277159.96875
651.9359494234086,277162.8125
651.9563825844089,277166.0
651.9768155452912,277198.71875
651.9972486060506,277148.125
652.0176817667016,277164.28125
652.0381147272346,277158.75
652.0585477876448,277189.1875
652.0789809479465,277157.4375
652.0994139081304,277166.15625
652.1198469681913,277168.375
652.1402801281438,277194.5625
652.1607130880948,277162.71875
652.1811461478064,277163.71875
652.2015793074097,277159.28125
652.2220123668958,277172.15625
652.2424454262582,277170.03125
652.2628784856279,277154.5625
652.2833115447575,277176.71875
652.3037446038943,277146.15625
652.3241776627983,277162.90625
652.3446107215859,277129.78125
652.365043880367,277144.40625
652.385476838921,277146.75
652.4059098974685,277149.5
652.4263430559076,277161.3125
652.4467760141124,277145.8125
652.4672090723179,277124.875
652.4876422304005,277129.15625
652.508075188256,277138.8125
652.5285083461058,277152.625
652.5489413038449,277149.9375
652.5693743614684,277185.9375
652.5898075189689,277152.90625
652.6102404763587,277154.5
652.630673533633,277162.59375
652.6511066907842,277139.6875
652.6715396478248,277132.59375
652.6919727047498,277088.375
652.7124058615518,277156.53125
652.7328389183604,277140.8125
652.7532718749353,277190.03125
652.7737050313881,277111.5625
652.7941380878474,277153.875
652.8145711440739,277109.5625
652.835004200293,277119.03125
652.8554372562867,277122.5
652.8758704122811,277127.0625
652.8963033680338,277127.34375
652.9167364237946,277108.78125
652.9371695794398,277121.90625
652.9576025349597,277096.46875
652.9780355902549,277097.71875
652.9984687455435,277110.09375
653.0189017007215,277145.53125
653.0393347557838,277109.65625
653.0597679107304,277133.28125
653.0802008655519,277102.78125
653.1006339203814,277097.875
653.141500029451,277138.75
653.1619331838156,277117.25
653.1823661381786,277121.9375
653.2027991923023,277132.3125
653.2232323464341,277111.125
653.2436653003315,277080.03125
653.2640983542224,277093.9375
653.2845315080049,277097.71875
653.3049645615538,277141.09375
653.3253975150947,277119.28125
653.3458306685279,277100.5
653.3662637218367,277137.5
653.3866966750356,277074.375
653.4071298281197,277090.625
653.4275628810865,277094.21875
653.4479960339304,277117.625
653.46842898678,277109.46875
653.4888620393904,277124.6875
653.5092951918923,277071.25
653.5297281443927,277078.6875
653.5501611966611,277032.75
653.5705943489229,277051.6875
653.5910273010741,277079.21875
653.6114603529859,277076.84375
653.6318935049057,277056.84375
653.6523264567077,277093.84375
653.6727595083939,277063.1875
653.6931926599573,277043.5625
653.7136257114107,277035.59375
653.7340587627405,277072.34375
653.7544918139611,277030.46875
653.7749248651817,277086.1875
653.7953579161622,277045.09375
653.81579096715,277038.03125
653.8362240179049,277047.03125
653.8566570686526,277036.25
653.8770901191747,277014.4375
653.8975231696968,277016.65625
653.9179562200952,276977.8125
653.9383892703845,277034.9375
653.9588222205566,277011.3125
653.9792553706066,277014.375
653.9996884205466,276992.5625
654.020121570371,276995.75
654.0405545201866,277019.5
654.0609875697774,276973.5625
654.0814207192525,277012.125
654.1018536687188,277031.78125
654.1222867180768,276983.53125
654.1427198672027,276986.96875
654.1631528163198,277005.21875
654.1835858653285,276968.5625
654.2040190142216,276987.6875
654.2244519629894,277007.53125
654.2448850116489,276967.375
654.2653181601927,277002.53125
654.2857512087285,276982.46875
654.3061842570387,276961.96875
654.3266173053489,276961.1875
654.347050353419,276986.0625
654.3674835014972,276975.0625
654.3879164494574,276955.03125
654.4083494972947,276931.90625
654.4287826450236,276998.0625
654.4492155926346,276963.125
654.4696486401226,276954.625
654.4900816875015,276939.78125
654.510514734764,276948.0625
654.5309477820192,276945.96875
654.5513808290489,276959.6875
654.5718138760785,276968.0625
654.5922470228688,276927.75
654.6126799696649,276933.03125
654.6331130163453,276940.1875
654.6535461629028,276920.875
654.6739791093496,276922.3125
654.6944121556808,276923.15625
654.7148453020054,276921.8125
654.735278248103,276960.15625
654.7557112942013,276919.09375
654.7761444400603,276896.1875
654.7965774859258,276907.15625
654.8170104316741,276915.625
654.8374435771839,276908.0
654.8578766227001,276924.71875
654.8783096682164,276901.875
654.8987427134925,276931.125
654.9191757586595,276921.96875
654.9396089037036,276935.71875
654.9600418487535,276920.375
654.9804748936876,276884.71875
655.0009080383825,276886.4375
655.0213409830831,276888.15625
655.041774027668,276907.46875
655.06220717213,276921.3125
655.0826401164813,276921.25
655.1030731608334,276930.1875
655.1235062049454,276912.96875
655.1439392489483,276899.875
655.1643723929519,276891.15625
655.1848053368303,276880.96875
655.2052383806003,276914.03125
655.2256715241383,276915.84375
655.2461044676675,276868.875
655.2665375112047,276914.375
655.2869706545098,276875.8125
655.3074036976905,276897.15625
655.3278366408776,276925.25
655.3482697838335,276887.46875
655.3687028267814,276901.84375
655.3891357696193,276883.625
655.4095689123424,276896.09375
655.430001954941,276917.8125
655.4504350974312,276877.625
655.4708680399199,276880.1875
655.4913010821692,276870.5
655.5117342244266,276856.28125
655.5321671664497,276856.40625
655.5526002084662,276882.8125
655.5730333503743,276885.75
655.5934662921645,276882.5
655.6138993338318,276861.25
655.6343324755071,276843.375
655.6547654169481,276837.40625
655.6751984583825,276849.96875
655.6956315995922,276834.3125
655.7160645408003,276864.71875
655.7364976818862,276867.78125
655.7569307228623,276849.0625
655.7773637637147,276863.0625
655.7977968044579,276834.375
655.8182298452011,276836.5625
655.8386628857115,276826.53125
655.8590959262146,276823.84375
655.8795289666086,276825.9375
655.8999619068854,276846.4375
655.9203950470401,276867.53125
655.9408280870848,276804.84375
655.9612610271288,276810.125
655.9816941669342,276814.1875
656.0021272067461,276777.78125
656.0225601464408,276837.40625
656.042993285897,276818.3125
656.063426325476,276809.59375
656.0838594648158,276819.8125
656.1247254431582,276813.75
656.1451585822651,276800.3125
656.1655915212614,276782.28125
656.186024560142,276786.09375
656.2064576987832,276780.90625
656.2268906375466,276792.28125
656.2473236760779,276792.90625
656.2677568144863,276773.0625
656.2881898529013,276766.96875
656.3086227910826,276783.53125
656.3290559292582,276778.34375
656.3494889673239,276781.0
656.3699220052731,276759.0
656.3903550432151,276746.71875
656.4107880809315,276751.15625
656.4312212186487,276779.9375
656.4516541561243,276751.9375
656.4720871936079,276745.125
656.4925202309751,276759.71875
656.5129532682186,276775.375
656.5333862054686,276754.5
656.5538193424873,276739.59375
656.5742523794979,276754.75
656.5946853162823,276726.125
656.6151184530681,276720.71875
656.6355514897296,276752.9375
656.655984626399,276714.84375
656.6764175628341,276705.0625
656.6968505992627,276725.21875
656.7172837354665,276733.59375
656.7377166716687,276715.40625
656.7581497077481,276730.21875
656.778582843719,276728.9375
656.7990158795728,276696.1875
656.8194488154186,276729.125
656.8398819510403,276684.875
656.8603149866613,276705.25
656.8807479221578,276690.09375
656.9011810575466,276691.96875
656.9216140928183,276672.71875
656.9420471280828,276667.1875
656.9624801631217,276649.3125
656.9829131981605,276685.78125
657.0033463330765,276657.59375
657.0237792678818,276697.1875
657.0442123025714,276696.375
657.0646454371381,276681.90625
657.0850783717106,276684.4375
657.1055114061674,276682.6875
657.1259445403848,276701.125
657.1463774747244,276677.375
657.166810508832,276672.59375
657.1872435428158,276671.28125
657.207676576807,276646.3125
657.2281097105588,276638.375
657.2485426443163,276645.34375
657.2689756779582,276630.6875
657.2894088114845,276654.40625
657.3098417450019,276656.78125
657.3302747782946,276617.03125
657.3507079115807,276605.125
657.3711409447569,276621.78125
657.391573877816,276621.625
657.4120070107601,276645.84375
657.4324400435798,276612.5625
657.4528729764061,276599.0625
657.4733061091101,276642.65625
657.4937391417043,276608.65625
657.5141722741828,276608.59375
657.5346052065433,276627.90625
657.555038238781,276618.90625
657.5754713710267,276609.6875
657.5959043031471,276620.5625
657.6163373351592,276564.1875
657.6367704670556,276628.65625
657.6572033988268,276580.15625
657.6776364306061,276586.03125
657.6980695621533,276594.78125
657.7185024936916,276580.21875
657.738935525238,276575.09375
657.7593686565524,276574.71875
657.7798015877415,276622.0625
657.8002347189395,276580.46875
657.8206677500202,276587.71875
657.8411006809765,276579.09375
657.8615338118252,276550.0
657.8819668425567,276603.75
657.9023997732802,276604.28125
657.9228329037796,276559.03125
657.9432659342783,276566.375
657.9636988646525,276568.21875
657.9841319950356,276563.5625
658.004565025185,276585.84375
658.0249979553264,276601.46875
658.0454310853602,276615.5
658.0658641152768,276562.125
658.0862972450705,276562.875
658.1067301747535,276564.46875
658.1271632044372,276572.75
658.1475963339981,276598.53125
658.1680292634483,276603.34375
658.1884622927828,276541.6875
658.2088954219944,276573.03125
658.2293283512117,276604.1875
658.2497613803134,276554.6875
658.2701945092922,276560.78125
658.2906275381611,276549.25
658.3110604670292,276559.59375
658.3314935956587,276574.15625
658.3519266242947,276585.96875
658.3723596528143,276564.15625
658.3927926812103,276537.90625
658.413225709497,276558.9375
658.4336587377766,276568.5625
658.4540917659469,276559.0
658.4745246940001,276567.4375
658.4949578219384,276570.28125
658.5153908498687,276519.875
658.5358237775727,276532.90625
658.5562569052709,276577.65625
658.5766899328592,276501.9375
658.5971228603303,276529.4375
658.6175559878029,276547.1875
658.6379890150347,276502.78125
658.6584221422745,276499.03125
658.6788550693891,276530.71875
658.6992880963953,276518.4375
658.7197212234023,276513.75
658.7401541502913,276502.34375
658.7605871770575,276511.9375
658.7810203037152,276497.875
658.8014532302477,276519.125
658.8218862567883,276471.59375
658.8423193830968,276518.15625
658.8627524093972,276452.5625
658.8831853355878,276505.625
658.9036184617798,276481.0
658.924051487731,276483.28125
658.9444845136895,276477.09375
658.9649175395316,276455.75
658.9853505653664,276454.6875
659.0057836909764,276434.96875
659.0262166165849,276443.125
659.0466496420704,276452.875
659.0670827674476,276416.75
659.1079487179595,276420.8125
659.1283817431031,276443.1875
659.1488147681303,276398.90625
659.1692477930337,276413.6875
659.189680817828,276376.40625
659.2101138426224,276431.65625
659.2305469672938,276402.3125
659.2509798918545,276399.875
659.2714129162996,276473.0625
659.2918460407382,276415.4375
659.3122789650661,276408.8125
659.3327119892783,276359.625
659.3531451133676,276384.875
659.3735781374635,276390.78125
659.3940110613257,276384.34375
659.4144441851822,276356.09375
659.4348772089288,276367.21875
659.4553101326746,276351.4375
659.4757432562983,276382.25
659.4961762796956,276345.0
659.5166094032029,276387.40625
659.5370423264831,276336.09375
659.5574753496476,276313.09375
659.5779084728129,276317.4375
659.5983413958529,276332.40625
659.618774418901,276326.71875
659.6392075417098,276291.71875
659.6596404645243,276300.40625
659.6800734872231,276354.75
659.7005066098063,276302.40625
659.7209395323807,276328.40625
659.7413725547303,276290.15625
659.7618056770734,276277.28125
659.7822385993059,276307.75
659.8026717215398,276281.125
659.8231046436558,276294.71875
659.8435376656489,276279.71875
659.8639707875336,276287.4375
659.8844038092939,276281.0
659.9048367310606,276259.71875
659.9252698527125,276263.125
659.9457028742472,276245.59375
659.9661357956575,276222.1875
659.9865689170765,276251.15625
660.0070019383711,276208.5625
660.0274348595558,276254.1875
660.0478679806256,276227.3125
660.0683010016874,276207.375
660.0887341226407,276210.125
660.1091670434762,276218.71875
660.1296000641887,276227.09375
660.1500331849093,276188.09375
660.1704661055119,276196.375
660.1908991259916,276170.3125
660.2113322463629,276174.28125
660.2317651667327,276210.03125
660.272631307118,276204.9375
661.0695192260391,275882.90625
661.0899521426763,275882.625
661.1103851593216,275906.75
661.1308182759676,275876.5625
661.1512511923793,275881.1875
661.1716843087852,275882.375
661.1921172250804,275904.40625
661.2125502413692,275851.25
661.2329833575495,275885.25
661.253416273612,275850.5
661.2738492895587,275855.65625
661.294282405499,275874.125
661.3147153213285,275848.4375
661.3351483370352,275877.5
661.3555814526335,275875.71875
661.376014468231,275859.9375
661.3964473837113,275810.40625
661.4168804990695,275853.3125
661.4373135144342,275851.46875
661.4577465296752,275800.6875
661.4781795448071,275844.46875
661.4986125598225,275824.40625
661.5190456748314,275829.8125
661.5394785897297,275837.84375
661.5599116046287,275806.53125
661.5803447192884,275860.21875
661.6007776339538,275806.3125
661.6212106485036,275831.40625
661.6416437630469,275848.3125
661.6620766774795,275794.3125
661.6825096917964,275806.0625
661.7029428059905,275808.09375
661.7233757201902,275805.75
661.7438088342751,275823.375
661.7642418482355,275811.875
661.7846747622025,275816.75
661.8051078760545,275808.96875
661.8255407897814,275779.25
661.8459738035162,275796.5
661.866406917019,275801.53125
661.886839830513,275798.34375
661.9072728440151,275788.3125
661.9277059574015,275781.25
661.9481389706634,275770.78125
661.9685719838162,275767.28125
661.989004996969,275776.875
662.0094380098817,275751.40625
662.0298710229181,275753.90625
662.0503040357216,275706.09375
662.0707370485179,275741.4375
662.0911701612058,275730.5
662.1116030738922,275729.84375
662.1320360863392,275780.625
662.1524691987943,275719.9375
662.1729021112478,275693.78125
662.1933351235784,275745.78125
662.2137682358007,275742.375
662.234201147905,275753.53125
662.2546342600035,275736.59375
662.2750672718757,275735.875
662.2955001838636,275702.28125
662.3159332956129,275712.5625
662.3363663073687,275693.625
662.3567993190081,275679.6875
662.3772323306403,275689.40625
662.3976653421632,275683.34375
662.4180983535625,275691.4375
662.4385313649691,275719.84375
662.4589643761428,275679.03125
662.4793972873158,275693.03125
662.499830398483,275660.78125
662.5202634095403,275675.40625
662.540696420474,275663.1875
662.5611294312985,275696.0
662.581562442123,275675.6875
662.6019955528245,275650.28125
662.6224284634154,275625.5625
662.6428614740071,275648.125
662.6632945844758,275632.40625
662.6837274948339,275624.21875
662.7041605051927,275624.59375
662.7245936154286,275610.84375
662.7450265255538,275651.78125
662.7654596356806,275631.5625
662.7858926456829,275631.5625
662.8063255555753,275596.5
662.8267586654692,275595.6875
662.8471916752387,275612.65625
662.8676245848983,275580.65625
662.8880576945594,275576.59375
662.9084907039796,275563.125
662.9289237135235,275542.65625
662.9493567228346,275551.625
662.9697897321385,275579.3125
662.9902227414495,275575.40625
663.0106557505278,275579.375
663.0310887595988,275539.53125
663.0515218685614,275567.5625
663.0719548775232,275563.5
663.0923877863606,275570.125
663.1128208950904,275545.625
663.1332538038187,275518.125
663.153686812424,275556.0625
663.1741199209209,275526.875
663.1945528294164,275516.6875
663.235418946053,275509.28125
663.2558518543156,275533.46875
663.2762848624552,275519.78125
663.2967179704865,275513.3125
663.3171508785163,275480.375
663.3375839864239,275494.28125
663.358016994338,275474.21875
663.3784499020185,275493.40625
663.3988830096932,275503.71875
663.4193160173745,275491.5
663.4397490249394,275478.71875
663.4601820323805,275491.0625
663.4806150397126,275496.125
663.5010480470373,275492.46875
663.521481054253,275441.59375
663.5419140614686,275468.09375
663.5623470685678,275494.78125
663.582780175544,275433.96875
663.603213082526,275412.4375
663.6236461892695,275481.34375
663.6440791961359,275435.84375
663.6645121027686,275436.3125
663.6849452093957,275415.25
663.7053782160292,275441.96875
663.7258111225456,275443.9375
663.7462442289398,275443.875
663.7666771352233,275451.5625
663.7871101415076,275394.1875
663.807543247669,275426.6875
663.8279761537196,275392.21875
663.8484092597719,275438.3125
663.868842265816,275439.03125
663.8892751716339,275414.65625
663.9097082774533,275414.25
663.9301412831483,275403.4375
663.9505741888497,275401.21875
663.9710072944363,275387.90625
663.9914403000148,275400.53125
664.0118733053678,275413.03125
664.0323063107207,275401.15625
664.0527393160664,275393.1875
664.073172321303,275389.03125
664.0936054264239,275399.34375
664.114038331536,275387.46875
664.1344714365405,275382.0
664.1549044414278,275409.375
664.1753373463071,275363.5
664.1957704510787,275378.46875
664.2162034557332,275379.1875
664.2366363603796,275405.71875
664.2570694649185,275357.65625
664.2775024694565,275374.96875
664.2979353738701,275367.46875
664.3183684781761,275331.6875
664.3388014824814,275352.09375
664.3592343866621,275341.5
664.3796674907353,275374.875
664.4001004948077,275340.1875
664.4205334987564,275378.875
664.4409665027124,275363.03125
664.461399506552,275315.53125
664.4818325102679,275314.375
664.502265513991,275345.46875
664.5226985175977,275331.5
664.5431315210808,275337.09375
664.5635645245711,275345.5
664.5839975280614,275322.59375
664.6044306313124,275439.8125
664.6248635345692,275333.84375
664.6452966378274,275360.65625
664.6657296408448,275322.90625
664.6861625439851,275330.71875
664.7065956468869,275323.75
664.7270286497951,275369.90625
664.7474615525862,275354.0
664.7678946553788,275312.59375
664.7883276580469,275325.875
664.8087605607216,275319.96875
664.8291936631576,275311.90625
664.8496266657166,275319.21875
664.870059568042,275306.21875
664.8904926703617,275338.46875
664.9109256726879,275308.40625
664.9313587748984,275262.90625
664.9517916769837,275284.6875
664.972224679077,275275.125
664.9926577809383,275298.46875
665.0130906829072,275277.34375
665.0335236847677,275291.15625
665.0539567865126,275257.5
665.0743896882486,275256.25
665.0948226897599,275264.78125
665.1152556913876,275232.25
665.1356886928916,275236.625
665.1561216942864,275246.125
665.1765547955656,275235.5
665.1969876969524,275261.5
665.2174207981152,275265.3125
665.2378537992772,275240.625
665.2582867003148,275227.03125
665.2787198012447,275218.28125
665.2991528021739,275230.59375
665.3195857030951,275222.03125
665.3400188039086,275225.0625
665.360451804605,275201.96875
665.3808847052933,275231.46875
665.4013178057576,275250.75
665.4217508063375,275215.09375
665.4421839067945,275186.78125
665.4626168071409,275190.1875
665.483049807488,275213.15625
665.5034829077122,275232.0
665.5239158078257,275189.8125
665.54434880794,275192.5
665.5647819080477,275187.125
665.5852148079284,275195.53125
665.6056478078099,275214.28125
665.6260809076848,275191.96875
665.6465139074498,275181.65625
665.6669468070977,275204.6875
665.6873799067398,275222.3125
665.7078128062712,275212.34375
665.7282459058042,275207.65625
665.7486789052127,275219.21875
665.7691119045121,275195.875
665.7895449038042,275208.40625
665.8099779031036,275204.8125
665.8304108021694,275200.65625
665.8508439012367,275213.3125
665.8712769002959,275173.625
665.8917097992453,275235.96875
665.9121428980725,275170.6875
665.9325758969062,275195.0625
665.9530087957392,275163.28125
665.9734418943408,275195.90625
665.9938748929344,275203.8125
666.014307991536,275157.75
666.0347408900125,275140.9375
666.0551738883805,275173.53125
666.0756069867493,275168.9375
666.0960398850002,275136.90625
666.1164728832446,275190.0625
666.1369059813806,275169.625
666.1573389795085,275190.75
666.1777718775265,275164.6875
666.2186379733248,275154.9375
666.2390709711108,275173.5625
666.2595039688968,275148.53125
666.279936966559,275151.15625
666.3003700641129,275140.84375
666.3208029616653,275111.625
666.3412359592112,275165.3125
666.3616689566479,275175.25
666.3821019539682,275137.0
666.4025349512813,275134.90625
666.4229679484852,275122.96875
666.4434009456891,275114.8125
666.4638339427693,275162.90625
666.4842669397403,275131.1875
666.5046999367114,275143.96875
666.5251330335595,275110.25
666.5455659304134,274010.9375
666.5659989271517,267732.96875
666.5864320238834,258233.859375
666.6068649205044,248289.9375
666.6272979171263,241342.265625
666.6477310136252,238855.015625
666.6681640100142,238179.1875
666.6885969064024,238949.421875
666.7090300027849,241874.25
666.7294629990574,249331.84375
666.7498959952136,259426.703125
666.7703289913625,268618.875
666.7907619874022,274331.375
666.8111950833263,275096.53125
666.8316279792416,275171.34375
666.8520609751649,275119.21875
666.8724940709653,275103.875
666.8929269666551,275140.6875
666.9133599623456,275108.28125
666.9337930580368,275142.875
666.9542259534865,275123.09375
666.9746589490605,275114.15625
666.9950920443953,275134.5625
667.0155249398522,275138.03125
667.0359580350778,275296.3125
667.0563909303019,275189.59375
667.0768239255194,275151.71875
667.0972570206286,275143.25
667.1176899156198,275157.59375
667.1381229106046,275148.0
667.1585560055973,275110.5
667.1789890003565,275108.40625
667.1994218952241,275141.03125
667.2198549898676,275100.5625
667.2402879846195,275100.0625
667.2607208791451,275100.5
667.2811539736722,275072.40625
667.3015869681913,275131.5625
667.322020062602,275089.8125
667.3424529570111,275068.03125
667.3628859512974,275119.78125
667.3833190454752,275124.3125
667.4037519396516,275071.375
667.4241849338214,275090.28125
667.4446180278828,275104.34375
667.4650509218263,275100.65625
667.4854839157633,275113.6875
667.5059170095919,275079.15625
667.526349903419,275087.75
667.5467828971232,275085.9375
667.5672159908354,275076.78125
667.5876488844297,275085.65625
667.6080819780182,275094.3125
667.6285149714968,275107.15625
667.6489479649754,275060.8125
667.6693809583303,275076.8125
667.6898139515761,275062.625
667.7102469448218,275084.21875
667.7306799380603,275065.15625
667.7511129311897,275078.78125
667.7715458243183,275089.46875
667.7919789173247,275099.75
667.8124119102213,275082.40625
667.8328449031178,275108.28125
667.8532778958906,275039.875
667.8737108886708,275066.09375
667.8941439814516,275080.34375
667.9145768741073,275101.4375
667.9350098666546,275070.21875
667.9554429591954,275083.25
667.9758758516255,275051.65625
667.9963088440563,275049.90625
668.0167419363715,275055.59375
668.037174828678,275044.34375
668.057607820876,275015.3125
668.0780409130675,275035.75
668.0984738051484,275039.84375
668.1189068972308,275045.375
668.139339889196,275030.78125
668.1597728811539,275060.59375
668.1802058731191,275043.71875
668.2006388648442,275068.96875
668.2210718565766,275015.78125
668.241504848309,275050.15625
668.2619378399249,275049.8125
668.2823708315336,275013.875
668.3028038230332,275041.21875
668.3232368145254,275022.84375
668.3436698059086,275034.34375
668.3641027972917,275047.8125
668.3845357885584,275055.90625
668.4049688798186,275061.28125
668.4254017709682,275039.71875
668.4458347621112,275054.03125
668.4662678531458,275033.125
668.486700744179,275036.09375
668.5071337350964,275035.125
668.5275668260074,275064.8125
668.5479997168077,275060.1875
668.5684327076015,275050.125
668.5888657982869,275049.34375
668.6092986889707,275051.09375
668.6297317795324,275079.8125
668.6501647701007,275047.34375
668.6705976605517,275058.84375
668.691030750997,275038.0625
668.7114637413324,275099.75
668.7318967316678,275075.75
668.7523297218795,275088.59375
668.7727627120985,275081.25
668.793195702201,275076.3125
668.8136286922963,275036.21875
668.8340616822825,275047.84375
668.8544947722694,275068.625
668.8749277622483,275047.5
668.8953606521172,275033.5625
668.9157937418713,275074.875
668.9362267316174,275055.59375
668.9566596212535,275058.6875
668.9770927108912,275051.90625
668.9975257005208,275079.0625
669.0179585900405,275032.0625
669.0383916794453,275047.40625
669.0588245689578,275083.46875
669.0792575582454,275025.09375
669.0996906475339,275044.1875
669.1201235368135,275039.3125
669.1405566249377,275055.59375
669.1609896139926,275007.25
669.201855592095,275095.5625
669.2222885811498,275067.8125
669.2427215699645,275089.53125
669.2631545589029,275075.34375
669.2835875476085,275053.5
669.3040205364232,275026.4375
669.3244535251288,275020.25
669.3448865137179,275077.40625
669.3653196023006,275010.90625
669.3857525908898,275085.53125
669.4061854793617,275063.4375
669.4266185677116,275049.1875
669.4470515560679,275033.625
669.4674844444235,275054.65625
669.4879175326569,275052.15625
669.5083505208968,275048.9375
669.5287834090195,274999.9375
669.5696494851436,275047.4375
669.5900823731499,275041.46875
669.6105154610341,275020.21875
669.6309484489248,275053.5
669.6513814366917,275047.53125
669.671814424466,274977.25
669.6922474122402,275010.0625
669.7126803998908,275039.6875
669.7331133875487,275041.375
669.7535463750901,274985.4375
669.7739793625078,275024.53125
669.7944123500492,275010.09375
669.8148453373578,275021.40625
669.8352783247756,274996.1875
669.8557113120842,275004.46875
669.8761443992771,275014.96875
669.896577386462,275035.5
669.9170102736534,275012.21875
669.93744336073,275023.65625
669.957876347682,275012.75
669.9783092346406,274989.03125
669.9987423216007,274970.75
670.0191753084364,275001.0
670.0396081952786,274971.34375
670.0600412821223,275008.46875
670.0804742687251,275009.25
670.1009071554508,274982.625
670.1213402420617,275020.21875
670.1417732286645,274987.09375
670.162206315159,274989.5
670.1826392015355,274972.84375
670.2030721880219,274997.9375
670.2235052742835,275017.625
670.24393816066,274953.6875
670.2643711469136,274956.4375
670.2848041330581,274996.4375
670.3052371192025,274999.5625
670.3256701053397,274982.65625
670.3461031913685,274980.0625
670.3665360773957,274991.8125
670.3869691633008,274991.84375
670.4074021492124,275001.59375
670.4278350350069,274970.28125
670.4482681207955,274992.15625
670.4687011065907,274975.46875
670.4891339922688,274964.9375
670.509567077941,274994.71875
670.5300000635034,274976.28125
670.550432949065,274993.09375
670.5708660345044,274980.84375
670.5912990199504,274970.15625
670.6117319053956,274948.46875
670.6321649907186,274967.3125
670.6525979759317,274956.5625
670.6730310612547,274967.6875
670.6934639463507,274928.03125
670.7138969315638,274958.40625
670.734330016654,274981.6875
670.7547629016335,274950.59375
670.7751958866138,274969.0625
670.7956289715876,274984.28125
670.8160618564507,274919.5625
670.8364948413146,274942.96875
670.8569279261719,274960.59375
670.8773609109194,274960.75
670.8977938955504,274967.5625
670.9182268801742,274912.75
670.9386598648052,274894.0
670.9590928493199,274919.78125
670.9795258338272,274924.90625
670.9999588183418,274947.1875
671.02039180274,274957.1875
671.0408247870146,274931.875
671.061257671412,274911.375
671.0816907555782,274918.90625
671.1021237398527,274923.09375
671.1225568240188,274948.65625
671.142989708067,274919.46875
671.1634226922251,274891.5
671.1838557761585,274911.28125
671.2042886602067,274952.125
671.2247216440155,274921.53125
671.2451547279488,274936.375
671.2655876117642,274934.5625
671.2860205955731,274913.8125
671.3064536792735,274943.25
671.3268865629725,274926.46875
671.3473195465485,274915.0
671.3677526301326,274922.0625
671.3881856137159,274919.0625
671.4086185971755,274933.15625
671.4290515806424,274923.25
671.4494845641093,274896.96875
671.4699175474525,274942.5
671.4903505306866,274906.53125
671.510783514037,274898.75
671.5312164971474,274890.59375
671.5516494803815,274896.21875
671.5720824634991,274937.1875
671.5925155466102,274891.53125
671.6129484296107,274881.34375
671.6333815126127,274878.375
671.6538143954895,274923.125
671.6742473783743,274904.71875
671.6946804612526,274913.875
671.7151133440202,274893.40625
671.7355463267886,274906.625
671.7559794094414,275131.3125
671.7764122922017,274908.25
671.7968452747373,274878.59375
671.8172783573827,274901.78125
671.8377112399176,274913.625
671.8581443223375,274845.59375
671.8785773047566,274919.46875
671.8990101871677,274893.4375
671.9194432694712,274871.78125
671.9398762517667,274853.59375
671.9603092340694,274871.0
671.9807422162557,274911.34375
672.0011751984421,274857.25
672.0216081805047,274905.84375
672.0420412625754,274881.6875
672.0624741446372,274868.84375
672.0829071265907,274844.34375
672.103340208545,274872.75
672.1237730904904,274854.875
672.1442061723283,274837.78125
672.185072035878,274845.78125
672.2055051175994,274894.9375
672.2259380992036,274838.3125
672.2463709809163,274824.78125
672.2668040624048,274867.75
672.2872370440091,274839.84375
672.3076699254889,274851.84375
672.3281030069775,274824.4375
672.3485358883481,274839.90625
672.368968969713,274859.59375
672.3894019510844,274837.375
672.4098348323387,274833.0625
672.4302679135872,274888.5625
672.4507008947257,274843.90625
672.4711338758643,274860.875
672.4915668569956,274870.9375
672.5119998381342,274839.5625
672.5324328191564,274845.21875
672.5528658000549,274928.25
672.573298781077,274844.8125
672.5937317618664,274848.21875
672.6141648427656,274869.4375
672.6345977235542,274847.6875
672.655030804337,274841.1875
672.6754637850099,274857.5625
672.6958966656821,274842.5625
672.7163297463558,274831.96875
672.7367627270214,274853.0625
672.7571956075772,274881.21875
672.7776286880107,274814.4375
672.7980616685672,274819.78125
672.8184945488902,274833.25
672.838927629331,274828.3125
672.8593606096474,274805.28125
672.8797935899711,274820.1875
672.9002265702875,274860.0
672.9206595504947,274833.3125
672.941092530702,274824.34375
672.9615255107929,274817.8125
672.9819584908764,274816.03125
673.0023914709673,274867.46875
673.0228244509344,274805.59375
673.0432574309089,274839.84375
673.0636904108833,274826.96875
673.0841233907413,274840.34375
673.104556370592,274828.59375
673.1249894504508,274820.625
673.1454223301844,274830.0625
673.1658554099267,274827.3125
673.1862883895519,274828.09375
673.2067212692928,274869.46875
673.2271543489114,274836.9375
673.2475873284202,274857.21875
673.2680202079209,274896.59375
673.2884532874305,274860.21875
673.3088862669392,274856.78125
673.3293191463308,274866.21875
673.3497522257167,274844.1875
673.3701852049926,274867.09375
673.390618284262,274841.34375
673.4110511635372,274847.625
673.4314841428131,274835.0
673.4519172219661,274839.375
673.4723501010085,274833.15625
673.492783080168,274811.71875
673.5132161592046,274892.78125
673.533649038247,274842.28125
673.5540820171736,274860.28125
673.5745150960938,274828.9375
673.5949479750197,274871.375
673.6153810538308,274857.84375
673.6358140327502,274881.21875
673.6562469114433,274879.34375
673.6766799902543,274864.1875
673.6971129689409,274893.125
673.717545847634,274887.0
673.7379789262122,274861.21875
673.7584119047824,274883.53125
673.7788447833591,274884.625
673.7992778618209,274880.875
673.819710840391,274891.375
673.8401437187349,274888.46875
673.8605767971967,274880.375
673.881009775534,274888.09375
673.9014428538794,274829.46875
673.9218757321069,274871.15625
673.9423087104442,274937.9375
673.9627417885567,274948.1875
673.9831746667842,274921.53125
674.0036076448887,274897.34375
674.0240407230012,274925.8125
674.0444736011123,274909.625
674.0649065791004,274923.78125
674.0853396570965,274941.3125
674.1057726350846,274959.75
674.1262056129635,274934.3125
674.1466385908425,274968.0625
674.1670715687214,274964.65625
674.1875045464767,274917.25
674.2079375242392,274976.46875
674.2283705019945,274941.0625
674.2488034796406,274976.28125
674.2692364572868,274982.59375
674.2896693349321,274954.125
674.3101024125717,274979.5625
674.3305353901014,274977.09375
674.3509684676246,274946.375
674.3714013450372,274978.03125
674.3918343225669,274976.34375
674.4122673999736,274997.4375
674.4327002772698,274983.6875
674.453133254683,275008.75
674.4735663319734,275033.875
674.4939992091531,275014.625
674.51443218645,275047.625
674.5348652636239,275023.75
674.5552981408036,275031.4375
674.5757311178677,275040.40625
674.5961641950416,275024.6875
674.6165970719885,275069.40625
674.6370301490533,275047.15625
674.6574631259937,275079.46875
674.6778961029413,275055.6875
674.6983290798889,275059.3125
674.7187620568293,275064.5
674.7391950336605,275068.71875
674.7596281103761,275102.90625
674.7800609871992,275070.375
674.800493963914,275129.8125
674.8209270406223,275117.53125
674.8413599173364,275135.03125
674.8617929939355,275138.4375
674.8822259705339,275128.09375
674.9026588471243,275127.0625
674.9230919237234,275146.375
674.9435248002046,275131.25
674.9639577766793,275136.59375
674.9843908530456,275119.5
675.0048237295268,275142.9375
675.0252567058851,275153.8125
675.0456897822514,275165.3125
675.0661226584998,275161.65625
675.0865557347424,275175.84375
675.1069887109916,275163.0625
675.1274216872407,275178.03125
675.1682876394989,275206.65625
675.1887206156243,275169.96875
675.2091535917571,275165.59375
675.2295865677734,275197.78125
675.2500195437897,275214.03125
675.270452619683,275234.71875
675.2908854956986,275212.96875
675.311318571592,275242.21875
675.3317515474919,275241.78125
675.3521844232746,275235.1875
675.3726174990516,275257.875
675.393050474835,275248.5625
675.4134833506178,275225.5
675.4339164263947,275269.6875
675.4543494020618,275259.5
675.4747822776699,275274.65625
675.4952153533304,275266.21875
675.5156483288811,275270.96875
675.5360812044892,275288.9375
675.5565142799751,275328.15625
675.5769471554668,275296.40625
675.59738023096,275321.84375
675.6178132063869,275346.78125
675.6382460817622,275298.8125
675.658679157139,275356.90625
675.6791121325077,275343.5
675.6995451078255,275357.71875
675.7199780830852,275324.75
675.7404110583375,275385.375
675.7608440335389,275360.8125
675.7812770087403,275356.09375
675.8017099838762,275381.78125
675.8221430590202,275363.78125
675.8425760341052,275402.15625
675.8630089091821,275398.125
675.8834419842096,275399.53125
675.9038749592364,275385.625
675.924307834197,275437.09375
675.9447409091663,275403.96875
675.9651738840766,275411.4375
675.985606758979,275394.09375
676.0060398338319,275432.65625
676.0264728086258,275445.65625
676.0469058834133,275476.4375
676.0673387582065,275434.40625
676.0877717329422,275457.625
676.1082048076714,275449.53125
676.1286376823482,275479.84375
676.1490706569675,275468.71875
676.1695037315803,275536.59375
676.1899366061989,275482.34375
676.21036958076,275487.0
676.2308025553139,275511.53125
676.2512355298168,275534.46875
676.2716686043132,275504.59375
676.2921014787571,275479.65625
676.3125344531436,275555.6875
676.3329675275891,275501.3125
676.3534005019101,275547.71875
676.3738333762376,275545.4375
676.3942664505594,275540.75
676.4146994248295,275571.3125
676.4351322990988,275570.875
676.4555653733114,275591.5625
676.475998347516,275583.59375
676.4964312217271,275558.4375
676.516864295816,275589.59375
676.5372972699697,275595.65625
676.5577303440659,275617.0625
676.5781632181024,275620.8125
676.5985961921324,275639.8125
676.6190292661122,275588.90625
676.6394621400832,275633.53125
676.6598951140622,275652.78125
676.6803281879838,275657.6875
676.7007610618457,275663.46875
676.7211940357593,275665.09375
676.7416271095644,275616.0
676.762059983419,275679.90625
676.782493057166,275654.3125
676.8029260309704,275691.125
676.8233590047093,275686.71875
676.8437919783973,275691.125
676.8642249520854,275676.59375
676.8846578257071,275700.6875
676.9050908993959,275685.09375
676.9255238729675,275727.53125
676.9459567465383,275735.71875
676.9663898201034,275698.125
676.9868227936167,275705.375
677.0072558671236,275713.875
677.027688740578,275732.03125
677.0481217140332,275749.84375
677.0685547874818,275752.5
677.088987660878,275727.59375
677.109420634275,275757.75
677.1298537076073,275804.3125
677.1502865809452,275763.40625
677.1707195542258,275794.34375
677.1911526274998,275778.125
677.2115855007214,275792.09375
677.2320185739445,275753.53125
677.2524515471596,275783.59375
677.272884420323,275818.03125
677.2933174934878,275820.96875
677.3137504665865,275844.90625
677.3341834396924,275830.15625
677.3546164127911,275862.3125
677.3750493858388,275815.625
677.3954823588283,275869.40625
677.415915331876,275842.6875
677.4363483048583,275870.03125
677.4567812777896,275849.6875
677.4772143507143,275865.03125
677.4976472235867,275889.25
677.5180802965187,275922.0625
677.5385131693329,275892.75
677.5589461421987,275902.125
677.5793792150143,275874.84375
677.599812087763,275897.21875
677.6202450605197,275925.5625
677.6406781332771,275899.96875
677.661111006033,275923.9375
677.6815439787242,275973.53125
677.7019770513652,275902.5
677.7224099239975,275978.15625
677.7428429966385,275944.375
677.7632759692206,275963.53125
677.7837088418019,275964.46875
677.8041419143774,275979.15625
677.8245748869012,275998.90625
677.8450078594178,275997.03125
677.8654408318835,276023.90625
677.8858738044073,275997.4375
677.9063067768075,275993.96875
677.9267397492731,276012.34375
677.9471727216223,275975.34375
677.9676057940233,276005.4375
677.9880387663725,276006.1875
678.008471638721,276051.21875
678.0289047110055,276026.40625
678.0493376832965,276018.375
678.0697705555867,276061.4375
678.090203627813,276028.0
678.1106366000458,276048.03125
678.151502544446,276078.46875
678.1719354166198,276058.78125
678.192368488737,276043.09375
678.2128014608461,276060.875
678.2332343329617,276104.65625
678.2536674050207,276118.53125
678.2741003770716,276065.28125
678.294533249129,276045.21875
678.3149663211298,276097.0625
678.3353992931225,276092.25
678.3558322651224,276084.34375
678.3762652370642,276084.75
678.3966982089987,276089.625
678.417131280883,276113.25
678.437564152824,276130.75
678.4579971246421,276096.5625
678.4784301965265,276132.46875
678.498863068351,276190.1875
678.5192960401691,276173.25
678.539729111937,276155.75
678.5601620837551,276108.90625
678.5805949554633,276177.6875
678.6010280272312,276199.375
678.6214609989402,276170.125
678.6418939706418,276178.375
678.6623269422926,276178.65625
678.682759913936,276166.96875
678.7031929855875,276165.03125
678.7236258571793,276177.875
678.74405882883,276184.90625
678.7644919003578,276206.75
678.7849247719496,276183.9375
678.8053577434766,276197.34375
678.825790715011,276183.4375
678.8462236864871,276192.40625
678.8666567580149,276210.125
678.887089629432,276206.375
678.9075226009081,276222.5625
678.9279556723195,276215.28125
678.9483885437367,276188.46875
678.9688215151546,276203.34375
678.9892545865077,276214.15625
679.0096874578667,276212.5625
679.0301204292264,276220.75
679.0505535005213,276188.59375
679.0709864718228,276237.0
679.0914193431236,276208.53125
679.1118524144185,276232.21875
679.1322853856618,276272.84375
679.1527183569051,276241.53125
679.1731513280829,276240.40625
679.1935842993262,276260.5625
679.2140173704538,276246.78125
679.2344502416308,276291.53125
679.2548832128159,276266.5625
679.2753162839435,276264.6875
679.2957491550624,276246.96875
679.316182126131,276247.625
679.3366151972004,276244.59375
679.3570480682611,276252.21875
679.3774811393305,276265.3125
679.3979141103409,276264.9375
679.4183469813433,276247.0625
679.4387800523546,276285.28125
679.4592129233642,276253.96875
679.4796458943092,276243.34375
679.5000789652622,276283.875
679.5205118362137,276276.25
679.5409448071005,276306.8125
679.5613778780535,276286.53125
679.5818108489475,276304.625
679.602243819776,276311.71875
679.6226767906119,276306.21875
679.6431097615059,276280.21875
679.6635427322763,276298.59375
679.6839757031121,276300.84375
679.7044086738897,276298.8125
679.7248417446608,276330.375
679.7452746154377,276318.09375
679.765707586208,276322.1875
679.7861406569282,276316.28125
679.8065735276468,276317.6875
679.8270065983597,276328.3125
679.8474395690209,276331.28125
679.8678724396814,276311.46875
679.8883055103361,276318.1875
679.9087384809973,276300.96875
679.9291713516577,276315.3125
679.9496044222542,276369.15625
679.9700373928572,276299.0625
679.9904702634594,276304.59375
680.0109033339977,276341.21875
680.0313363046007,276346.65625
680.0517692751455,276331.375
680.072202245683,276355.8125
680.0926352161696,276326.4375
680.1130681866562,276339.96875
680.1335011571937,276343.4375
680.153934127622,276357.84375
680.1743670981086,276314.5625
680.1948000685879,276329.625
680.2152330390163,276361.40625
680.2356661094454,276356.03125
680.2560989798076,276363.625
680.2765320502367,276349.3125
680.2969650206069,276345.4375
680.317397890969,276336.9375
680.3378309613399,276332.65625
680.3582639317101,276335.96875
680.378696802014,276366.6875
680.3991298723267,276326.84375
680.4195628426387,276368.78125
680.4399957129426,276352.9375
680.4604287832553,276349.59375
680.4808617535091,276385.53125
680.5012948237563,276370.53125
680.5217276940093,276361.46875
680.5421606642631,276353.25
680.5625937344521,276344.84375
680.5830266047051,276397.375
680.6034595749006,276348.46875
680.6238926450897,276390.5
680.6443255152844,276367.78125
680.6647584854218,276390.34375
680.6851915555526,276372.78125
680.7056245256899,276390.78125
680.72605749582,276397.0625
680.7464904659573,276371.21875
680.7669233360939,276366.03125
680.7873564061738,276360.34375
680.8077893762456,276393.3125
680.828222246324,276396.5625
680.8486553163966,276413.96875
680.8690882864757,276371.90625
680.8895211564959,276401.65625
680.9099542265176,276388.53125
680.9303871965894,276385.78125
680.9508202665529,276412.125
680.9712531365658,276387.4375
680.9916861065867,276413.21875
681.0121191765502,276381.625
681.0325520465121,276410.53125
681.0529850164676,276398.4375
681.073418086431,276408.78125
681.0938509563857,276418.0625
681.1347169962537,276413.28125
681.1551498661574,276393.125
681.1755829360554,276466.03125
681.1960159059599,276406.59375
681.216448875799,276396.40625
681.2368818457035,276410.53125
681.2573148155498,276437.40625
681.277747785447,276478.53125
681.2981807552933,276417.75
681.3186137251396,276455.90625
681.3390466949204,276431.6875
681.3594796647667,276456.875
681.3799126345548,276446.375
681.4003456043938,276388.59375
681.4207785741819,276446.375
681.44121154397,276436.4375
681.4616446137516,276473.53125
681.4820774835389,276440.75
681.5025104532688,276467.96875
681.5229435230503,276429.09375
681.5433763927795,276403.0625
681.5638093625093,276470.21875
681.5842424322327,276399.46875
681.6046753019618,276435.84375
681.6251083716925,276429.9375
681.6455413413569,276452.21875
681.665974211086,276500.25
681.6864072807584,276447.125
681.706840250481,276461.40625
681.727273120152,276413.9375
681.7477061898244,276421.6875
681.7681391594888,276444.5
681.7885721291022,276438.03125
681.8090050987739,276421.375
681.8294380684383,276400.09375
681.8498711380525,276461.0625
681.870304107666,276401.90625
681.8907369772714,276435.6875
681.9111700468857,276433.21875
681.9316030164919,276444.78125
681.9520358861046,276438.75
681.9724689557188,276430.6875
681.9929019253323,276417.0625
682.0133347948795,276424.9375
682.0337678644937,276434.5625
682.0542007340482,276413.46875
682.074633803597,276429.5625
682.0950667731522,276457.875
682.1154996427067,276468.15625
682.1359327122555,276435.78125
682.1563656818107,276390.9375
682.1767985513579,276408.5625
682.1972316208557,276417.9375
682.217664590411,276383.0
682.2380974599073,276430.0625
682.258530529456,276423.59375
682.2789634989531,276448.625
682.2993965684436,276426.1875
682.3198294379399,276433.53125
682.340262407437,276416.65625
682.3606954769275,276445.53125
682.3811283464238,276424.03125
682.4015613159208,276442.0625
682.4219943854114,276405.84375
682.4424273548502,276436.96875
682.4628602243465,276428.03125
682.4832932937788,276412.6875
682.5037262632177,276439.03125
682.5241592327147,276426.6875
682.5445922021463,276415.6875
682.5650251715851,276401.03125
682.585458141024,276430.75
682.6058911104556,276394.15625
682.6263240798944,276435.625
682.6467570493332,276445.15625
682.6671900187648,276406.78125
682.6876230882044,276423.03125
682.7080559576425,276387.21875
682.7284889270159,276414.25
682.7489219964555,276435.125
682.7693548658935,276463.9375
682.7897878352669,276469.25
682.8102209046483,276464.9375
682.8306537740864,276427.90625
682.8510867434597,276429.40625
682.8715198128994,276442.28125
682.8919526822792,276446.875
682.9123857516533,276436.1875
682.932818721034,276436.28125
682.9532516904146,276407.65625
682.973684659788,276463.3125
682.9941176291686,276403.5
683.014550598542,276413.21875
683.0349835679226,276402.65625
683.0554165373032,276426.84375
683.0758495066839,276437.9375
683.096282576058,276406.15625
683.1167154454379,276429.34375
683.137148514812,276432.28125
683.1575814841926,276376.9375
683.1780143535143,276424.84375
683.1984474228884,276407.34375
683.218880392269,276411.21875
683.2393132615907,276466.75
683.2597463309648,276417.15625
683.2801793003455,276473.71875
683.3006121697254,276427.9375
683.3210452390413,276458.96875
683.3414782084219,276431.375
683.3619111777443,276421.15625
683.3823441471177,276417.96875
683.4027770164394,276457.125
683.4232100858208,276445.28125
683.4436430551359,276443.78125
683.4640760245165,276424.96875
683.4845089938972,276423.71875
683.5049419632123,276435.125
683.5253749325348,276432.71875
683.5458079019154,276469.0
683.5662408712888,276454.625
683.586673940612,276445.0625
683.6071068099336,276434.25
683.627539779307,276429.1875
683.6479728486884,276391.6875
683.6684058180108,276434.09375
683.6888386873834,276447.15625
683.7092717567066,276426.90625
683.7297047260872,276438.625
683.7501375954016,276415.53125
683.770570664783,276412.8125
683.7910036341054,276435.78125
683.8114367034796,276448.6875
683.8318695728594,276443.59375
683.8523025421819,276441.8125
683.872735611556,276402.90625
683.8931684809359,276445.6875
683.9136014502583,276458.5
683.9340344196316,276427.75
683.9544673890123,276451.96875
683.9749003583929,276434.46875
683.9953333277663,276437.3125
684.0157662970887,276443.40625
684.0361993664701,276446.03125
684.0566322358427,276440.0625
684.0770652052233,276445.0625
684.1179312439781,276468.25
684.138364113358,276458.1875
684.1587971827394,276407.28125
684.1792301521127,276448.625
684.1996631215516,276466.5
684.2200960909249,276465.34375
684.2405290603056,276425.3125
684.260962129687,276449.03125
684.281394999125,276469.21875
684.3018279684984,276446.4375
684.322261037938,276397.53125
684.3426939073106,276447.4375
684.3631268766912,276430.53125
684.3835599461308,276431.5
684.4039928155689,276466.59375
684.424425884943,276439.1875
684.4448588543819,276440.0625
684.4652917238127,276453.84375
684.4857247932523,276422.28125
684.5061577626911,276474.8125
684.5265906321292,276437.8125
684.5470237015616,276416.78125
684.5674565710578,276444.84375
684.5878896404902,276454.90625
684.608322609929,276453.3125
684.6287555793679,276451.59375
684.6491885488576,276444.1875
684.6696215182965,276431.625
684.6900544877935,276443.9375
684.7104874572833,276472.0625
684.7309204267804,276439.34375
684.7513533962192,276439.65625
684.771786365709,276477.25
684.792219335206,276446.03125
684.8126523047031,276486.09375
684.8330853742518,276440.90625
684.8535182437481,276471.5
684.8739513132459,276452.15625
684.8943842827939,276440.625
684.9148171522902,276473.0
684.9352502218389,276472.90625
684.9556831913942,276487.53125
684.9761160609487,276452.5
684.9965491304465,276465.28125
685.0169820999945,276403.125
685.037414969549,276452.625
685.0578480391559,276424.625
685.0782810087112,276444.15625
685.0987140782672,276454.1875
685.1191469478799,276451.21875
685.1395799174861,276459.6875
685.1600129870421,276429.9375
685.1804458566476,276430.375
685.200878826261,276454.65625
685.2213117958745,276432.875
685.2417447655462,276470.75
685.2621778351531,276449.53125
685.2826107047658,276442.96875
685.3030436744302,276419.25
685.3234767441027,276433.0
685.3439097137161,276463.71875
685.364342583387,276462.71875
685.3847756530522,276478.9375
685.4052086227821,276455.21875
685.4256414924457,276496.75
685.4460745621182,276473.53125
685.466507531848,276508.28125
685.4869406015132,276437.46875
685.5073734712423,276457.6875
685.5278064409722,276458.6875
685.5482395106956,276440.53125
685.5686723804829,276448.5
685.5891053502128,276457.90625
685.6095384199361,276468.46875
685.6299712897235,276479.0625
685.6504042595116,276459.90625
685.6708373292931,276447.03125
685.6912701990805,276484.375
685.7117032688693,276480.96875
685.7321362386501,276447.34375
685.7525691084957,276472.75
685.7730021782845,276457.8125
685.7934351481235,276474.21875
685.8138681179698,276486.71875
685.8343010878161,276455.8125
685.8547340577134,276482.21875
685.8751670275597,276494.59375
685.895599997406,276495.03125
685.9160329673032,276467.25
685.9364659372077,276488.90625
685.9568989071122,276462.34375
685.9773318770676,276462.875
685.9977649469729,276488.78125
686.0181978169348,276470.5
686.0386307868321,276479.875
686.0590638567955,276479.71875
686.0794967267575,276477.21875
686.0999296967711,276462.28125
686.1203627667346,276468.75
686.1407956367548,276453.15625
686.161228706711,276459.84375
686.1816616767319,276498.59375
686.2020945468103,276492.15625
686.2225276168247,276498.96875
686.2429605868456,276462.1875
686.263393456924,276481.125
686.2838265269966,276472.9375
686.3042594970757,276473.78125
686.3246925671483,276503.125
686.3451254372267,276499.8125
686.365558407364,276496.0
686.3859914774948,276497.40625
686.4064243476314,276458.96875
686.4268573177687,276499.96875
686.4472903879578,276474.5
686.4677233580951,276496.9375
686.4881562282899,276497.75
686.5085892984789,276481.53125
686.5290221686737,276503.9375
686.5494552389282,276496.78125
686.5698882091165,276494.1875
686.5903210793695,276457.34375
686.610754149624,276482.09375
686.6311871198704,276403.0
686.6516199901816,275145.53125
686.6720530604362,273127.875
686.6924860307408,272245.34375
686.712918901052,272191.1875
686.733351971423,272253.4375
686.7537849417276,272212.53125
686.7742180120986,272504.65625
686.794650882468,274189.9375
686.8150838528309,276005.625
686.83551692326,276478.59375
686.8559497936294,276501.40625
686.8763827640505,276507.375
686.8968158344796,276451.125
686.9172487049073,276478.25
686.9376816753866,276534.1875
686.9581147458739,276498.34375
686.9785477163605,276520.65625
686.9989806868398,276523.4375
687.0194136573264,276480.03125
687.0398466278712,276518.0
687.0602795984087,276496.03125
687.1011455395565,276496.46875
687.1215785101522,276471.40625
687.142011480697,276499.5625
687.1624444513582,276498.5625
687.1828774219539,276495.78125
687.2033103926151,276492.84375
687.2237434632116,276477.34375
687.2441763339302,276484.09375
687.2646093045914,276508.65625
687.2850423753116,276525.40625
687.305475246023,276504.59375
687.3259082167424,276499.21875
687.3463412874553,276502.5
687.3667741582321,276518.40625
687.3872072290105,276525.0625
687.4076401997809,276516.71875
687.4280730706159,276513.8125
687.4485061414525,276553.28125
687.4689391122811,276508.3125
687.4893719831161,276568.1875
687.5098050539527,276533.6875
687.5302380248395,276483.90625
687.5506709957335,276532.0625
687.5711039666858,276503.125
687.5915369375725,276515.84375
687.6119700085255,276492.1875
687.6324028795352,276559.65625
687.6528358504802,276514.375
687.6732689214914,276536.5625
687.6937018925018,276530.1875
687.7141347635043,276498.25
687.7345678345737,276538.4375
687.7550008056423,276539.09375
687.775433676703,276513.03125
687.7958667477724,276545.5625
687.8162996188985,276533.65625
687.8367326900188,276531.625
687.8571656612039,276570.65625
687.87759853233,276513.59375
687.8980316035086,276494.1875
687.9184645746936,276506.625
687.9388974459362,276517.78125
687.9593305171729,276546.0625
687.9797634884162,276523.0
688.0001963596587,276530.0
688.0206294309537,276532.21875
688.0410624022552,276530.0625
688.0614954736084,276508.96875
688.0819283449091,276507.875
688.1023613162688,276527.65625
688.1227943876875,276553.5
688.1432272590391,276509.03125
688.163660230457,276512.96875
688.1840933018684,276527.53125
688.2045262733445,276507.0
688.2249591448199,276525.625
688.2453922162968,276519.34375
688.2658251877656,276517.75
688.2862581592999,276506.46875
688.3066911308852,276521.53125
688.3271241024195,276541.4375
688.3475571740128,276535.90625
688.3679900456045,276502.8125
688.3884230171898,276517.5
688.4088560888413,276515.28125
688.4292889605422,276529.5
688.4497220321937,276539.65625
688.4701549039019,276535.15625
688.4905878756108,276521.84375
688.5110209473714,276510.625
688.5314538190796,276524.34375
688.5518867908977,276540.71875
688.5723198626656,276554.46875
688.5927527344902,276558.9375
688.6131857063156,276550.125
688.6336187781926,276545.28125
688.6540516500754,276525.9375
688.6744847219525,276539.34375
688.694917693836,276515.03125
688.7153506657778,276515.3125
688.7357836377705,276559.03125
688.7562166097705,276517.84375
688.7766495817123,276535.09375
688.7970825537632,276514.75
688.8175155258214,276523.375
688.8583815699312,276525.84375
688.8788144420469,276554.71875
688.899247514164,276519.8125
688.9196804863313,276584.0625
688.9401133585052,276527.375
688.9605464306806,276586.21875
688.9809794029061,276545.0625
689.0014122751381,276600.0625
689.0218453473717,276529.9375
689.0422783196555,276540.9375
689.0627111919457,276572.5625
689.0831442642957,276557.59375
689.1035771366369,276536.21875
689.1240102089869,276558.65625
689.1444431813943,276571.75
689.1648760537937,276578.0625
689.1853091262019,276558.34375
689.2057420986675,276546.25
689.2261750711259,276588.0625
689.2466080436498,276565.875
689.2670410161736,276546.28125
689.2874740886909,276575.96875
689.3079069612722,276587.5
689.3283399338543,276560.1875
689.348773006488,276592.09375
689.3692059791283,276555.3125
689.3896388517678,276563.625
689.4100719244598,276602.53125
689.4305048971582,276574.6875
689.4509377699142,276570.0625
689.4713708426643,276572.0
689.491803815421,276557.65625
689.5122367882286,276596.53125
689.5326697610435,276575.3125
689.5531027339166,276595.03125
689.5735358067832,276588.3125
689.5939686796555,276567.53125
689.6144016525868,276601.6875
689.6348347255698,276557.40625
689.6552675985004,276600.0625
689.6757005714899,276571.59375
689.6961336445311,276578.25
689.716566517578,276617.15625
689.7369995906265,276564.34375
689.7574324637244,276576.9375
689.7778654368885,276580.21875
689.7982985099952,276581.375
689.8187313831513,276567.34375
689.8391643563737,276585.5
689.8595974295968,276589.90625
689.8800303028111,276577.0625
689.9004632760916,276601.21875
689.9208963493729,276569.375
689.9413293227044,276582.28125
689.9617622960432,276591.9375
689.9821952694401,276573.65625
690.0026282427716,276581.25
690.0230613162275,276600.1875
690.043494189682,276622.15625
690.084360236644,276604.53125
690.1047931101566,276604.28125
690.1252261837217,276617.75
690.1456591572933,276573.6875
690.1660920309223,276570.96875
690.1865251045456,276583.6875
690.2069580781754,276562.9375
690.2273909518626,276577.25
691.1468750964632,276665.78125
691.16730807149,276624.40625
691.1877410465167,276664.03125
691.2081740215363,276625.25
691.2286069966212,276660.25
691.2490400717652,276656.5625
691.2694729469004,276633.96875
691.2899059221018,276665.375
691.3103389972966,276656.3125
691.3307718725555,276665.09375
691.3512048478151,276651.3125
691.3716379231337,276657.21875
691.3920707984435,276607.71875
691.4125038738202,276671.34375
691.4329368492181,276661.4375
691.4533697246516,276603.0625
691.4738028001157,276668.0625
691.4942357756081,276615.8125
691.5146686511216,276595.34375
691.5351017267021,276647.46875
691.5555347022746,276640.625
691.5759676778835,276643.90625
691.5964006535505,276623.84375
691.6168336292467,276580.46875
691.6372666049647,276619.15625
691.65769958069,276599.21875
691.6781325564662,276601.125
691.6985655323078,276566.15625
691.7189985081495,276584.875
691.7394314840203,276567.46875
691.759864459942,276590.21875
691.780297435871,276558.65625
691.800730411851,276580.84375
691.821163487868,276610.34375
691.8415963639127,276546.0625
691.8620294399807,276586.28125
691.8824624160843,276595.9375
691.9028952922454,276591.03125
691.9233283684007,276593.5
691.9437613446207,276559.6875
691.9641942208691,276583.625
691.9846272971408,276548.6875
692.0050602734482,276570.09375
692.025493149813,276558.34375
692.045926226172,276557.96875
692.0663592025958,276559.96875
692.0867922790203,276558.40625
692.1072251555233,276539.96875
692.1276581320344,276561.3125
692.1480912085754,276558.8125
692.1685240851657,276548.875
692.1889570617932,276557.375
692.2093901384214,276545.9375
692.229823115129,276543.6875
692.250255991843,276575.75
692.2706890686168,276531.3125
692.2911220453825,276512.625
692.3115550222137,276542.6875
692.331987999074,276558.78125
692.3524208759845,276536.625
692.3728539529038,276543.4375
692.3932869298806,276560.84375
692.4137198068784,276491.1875
692.4341528839141,276502.5
692.4545858610072,276543.28125
692.4750189380939,276513.0
692.4954518152445,276512.96875
692.5158847924176,276494.25
692.5363178696571,276518.28125
692.556750746895,276520.5625
692.5771837241919,276506.15625
692.5976168015113,276544.15625
692.6180496788656,276491.03125
692.6384826562717,276512.3125
692.6589157336857,276511.9375
692.6793486111856,276525.65625
692.6997816886796,276511.40625
692.7202146662385,276554.21875
692.7406476437973,276510.25
692.761080621407,276488.3125
692.7815135990531,276500.8125
692.8019465767575,276503.9375
692.8223795544836,276507.3125
692.8428125322462,276497.5625
692.8632455100669,276494.28125
692.8836784878804,276512.375
692.9041114657593,276465.875
692.9245444436674,276487.96875
692.9449774216264,276479.96875
692.9654103996218,276489.21875
692.985843477647,276493.84375
693.0062763557216,276483.21875
693.047142411946,276490.40625
693.067575290137,276476.96875
693.0880082683652,276464.65625
693.1084413465942,276484.6875
693.1288742248726,276478.0
693.1493073032179,276460.875
693.1697402815917,276457.90625
693.1901731599864,276466.78125
693.2106062384482,276496.40625
693.2310392169384,276479.46875
693.2514721954503,276481.71875
693.2719051740278,276486.84375
693.2923381526052,276441.59375
693.3127711312627,276483.125
693.3332041099275,276483.125
693.3536370886504,276481.3125
693.374070167396,276438.1875
693.3945030462055,276456.6875
693.4149360250449,276467.125
693.4353691039069,276445.0
693.4558020828335,276458.6875
693.4762349617886,276489.8125
693.496668040767,276458.21875
693.5171009198093,276440.09375
693.5375338988815,276464.59375
693.5579669780054,276451.375
693.5783998571642,276446.71875
693.5988329363463,276465.40625
693.6192659155931,276442.8125
693.6396987948392,276440.40625
693.6601318741741,276438.96875
693.6805648535301,276432.5625
693.7009977329217,276407.6875
693.7214308123366,276466.53125
693.7418637918454,276424.34375
693.7622966713534,276421.0
693.7827297509211,276410.59375
693.8031627305099,276442.65625
693.823595810165,276425.96875
693.8440286898403,276384.1875
693.8644616695528,276412.59375
693.8848947493243,276390.5625
693.9053276291233,276409.25
693.9257606089741,276391.9375
693.946193688862,276377.46875
693.9666266688,276402.53125
693.9870595487737,276381.1875
694.007492628778,276387.875
694.0279256088324,276371.75
694.0483585889233,276371.59375
694.0687915690723,276367.03125
694.0892245492432,276370.375
694.1096576294804,276369.65625
694.1300905097451,276359.65625
694.1505234900615,276367.375
694.1709564703851,276335.90625
694.1913894507961,276369.3125
694.2118224312289,276354.90625
694.2322554116981,276367.25
694.2526883922255,276363.09375
694.2731214727755,276342.0625
694.2935543533895,276343.5625
694.3139873340333,276304.71875
694.3344204147288,276321.40625
694.3548532954883,276333.6875
694.3752862762485,276328.15625
694.3957193570604,276349.0
694.4161522379363,276341.28125
694.4365853188428,276330.90625
694.4570182997995,276303.0
694.4774512807926,276286.625
694.4978842618439,276328.15625
694.518317242917,276324.625
694.5387502240555,276276.125
694.5591832052232,276294.5625
694.5796161864127,276293.5625
694.6000491676969,276312.34375
694.6204822490108,276299.9375
694.6409151303451,276276.0625
694.6613482117464,276251.34375
694.6817811931687,276257.84375
694.7022140746558,276220.03125
694.7226471561735,276257.21875
694.7430801377486,276248.84375
694.7635130193739,276252.75
694.7839461010371,276262.0625
694.8043790827214,276243.9375
694.8248119644704,276234.125
694.8452450462792,276253.0625
694.8656779281446,276207.375
694.8861110100042,276210.90625
694.9065439919286,276196.15625
694.9269768739323,276180.0
694.9474099559447,276191.96875
694.9678429380147,276190.6875
694.9882759201064,276195.90625
695.0087089022636,276145.9375
695.0291418845081,276126.5625
695.0495748667454,276125.09375
695.0700078490481,276138.75
695.09044083138,276104.3125
695.1108739137635,276141.1875
695.1313068961827,276122.90625
695.1517397786884,276133.21875
695.1721728612174,276094.96875
695.1926058437821,276087.15625
695.2130387264042,276097.90625
695.2334718090788,276108.0
695.253904791789,276060.75
695.2743376745566,276085.0625
695.2947707573476,276066.3125
695.3152037402033,276080.125
695.335636823118,276080.0625
695.356069706082,276067.5
695.3765026890542,276047.25
695.3969357721071,276079.78125
695.4173686551949,276039.28125
695.4378016383416,276060.5
695.4582347215182,276032.34375
695.4786676047734,276031.40625
695.4991005880365,276031.8125
695.519533571387,276007.0
695.5399665547593,276022.84375
695.5603996381687,276022.21875
695.580832521664,276021.90625
695.6012655051818,275988.15625
695.6216985887368,275978.15625
695.6421314723775,276009.84375
695.6625644560118,275972.4375
695.6829975397413,276002.25
695.7034305234993,275956.28125
695.7238635073081,275948.09375
695.7442964911825,275959.09375
695.7647294750786,275955.5625
695.7851624590403,275947.8125
695.8055954430602,275968.78125
695.8260284271091,275908.125
695.8464615112098,275924.46875
695.8668943953744,275940.9375
695.8873273795616,275920.0625
695.9077604638151,275923.9375
695.9281933481543,275892.71875
695.9486264324878,275935.28125
695.969059416886,275924.8125
695.9894923013417,275909.625
696.0303583703935,275888.125
696.0507912549947,275876.625
696.0712243396483,275868.03125
696.0916573243376,275879.15625
696.1120902091134,275879.4375
696.1325232938834,275867.21875
696.1529561787465,275878.90625
696.1733892636403,275853.0625
696.1938222486133,275868.59375
696.2142552335936,275840.78125
696.2346882186612,275850.0625
696.2551212037797,275867.1875
696.2755541889346,275853.46875
696.2959871741477,275819.75
696.3164201593827,275797.40625
696.3368531446831,275798.09375
696.3572862300425,275826.3125
696.3777191154513,275852.0
696.3981522009271,275806.59375
696.4185851864604,275824.34375
696.4390180720147,275798.59375
696.4594511576361,275799.96875
696.4798841432857,275812.875
696.5003170290147,275794.34375
696.5207501147815,275755.78125
696.5411831006058,275809.25
696.5616159864803,275761.0625
696.5820490724218,275742.90625
696.6024820583916,275749.03125
696.6229151444131,275746.75
696.6433480304986,275755.375
696.663781016643,275710.6875
696.6842141028392,275738.25
696.7046469890702,275710.6875
696.7250799753601,275707.25
696.7455130617018,275720.375
696.7659459481074,275731.25
696.786378934572,275709.25
696.8068119210584,275697.78125
696.8272449076394,275742.25
696.847677994243,275696.6875
696.8681109809113,275692.84375
696.888543867608,275675.6875
696.9089769543934,275683.5625
696.9294099412291,275688.15625
696.9498428281004,275693.1875
696.9702759150241,275650.625
696.9907089020126,275676.40625
697.01114198906,275620.9375
697.0315748761641,275643.21875
697.0520078632908,275625.625
697.0724409504837,275648.9375
697.0928738377552,275626.875
697.1133068250638,275658.0625
697.1337399124313,275642.25
697.1541727998556,275646.21875
697.1746057873024,275589.3125
697.1950388748446,275641.09375
697.2154717624071,275610.53125
697.2359048500657,275595.90625
697.2563378377527,275594.6875
697.276770725497,275585.5
697.2972038132939,275573.9375
697.3176368011555,275577.09375
697.3380697890389,275561.84375
697.3585027770168,275584.96875
697.378935765053,275597.5625
697.399368753111,275551.6875
697.4198017412346,275569.1875
697.4402347294454,275572.34375
697.460667717678,275568.34375
697.4811007059761,275552.375
697.5015336943325,275523.90625
697.5219667827405,275555.625
697.5423996712125,275511.875
697.5628326597143,275529.34375
697.583265748297,275531.34375
697.6036986369436,275525.625
697.6241316256201,275536.1875
697.6445647143773,275529.34375
697.6649976031695,275503.9375
697.685430692014,275528.65625
697.7058636809234,275494.28125
697.7262965699192,275516.75
697.7467296589457,275545.6875
697.7671626480223,275510.8125
697.7875955371637,275503.53125
697.8080286263576,275504.8125
697.8284616156161,275481.65625
697.8488946049329,275483.0625
697.8693275943078,275516.0
697.8897605837337,275486.5
697.9101936732259,275459.21875
697.9306265627674,275456.90625
697.9510595523461,275461.5625
697.9714926420129,275467.90625
697.9919256317298,275449.28125
698.0123585215115,275426.8125
698.032791511323,275442.25
698.0532245012146,275435.90625
698.0736574911716,275437.03125
698.0940905811876,275443.40625
698.1145234712312,275430.84375
698.1349565613564,275378.21875
698.1553895515463,275441.3125
698.1758224417572,275403.40625
698.1962555320642,275420.25
698.2166885224287,275389.1875
698.2371214128216,275407.125
698.257554503296,275404.03125
698.2779874938351,275393.8125
698.2984203844244,275366.40625
698.3188534750807,275379.21875
698.3392864657653,275365.71875
698.3597195565308,275380.28125
698.3801524473602,275362.09375
698.4005854382485,275380.65625
698.4210185291886,275343.53125
698.4414514201926,275365.625
698.4618844112556,275395.90625
698.4823175023703,275331.875
698.5027503935489,275361.96875
698.5231833848156,275345.0625
698.543616476105,275335.875
698.564049467459,275316.1875
698.5844824589003,275345.03125
698.6049154503635,275341.46875
698.6253484419212,275346.28125
698.6457815335016,275336.96875
698.666214425175,275336.4375
698.6866474169074,275275.0
698.707080408698,275307.40625
698.7275134005395,275297.1875
698.7479462924457,275289.125
698.7683793844117,275289.5
698.7888123764278,275285.5625
698.8092454685102,275286.09375
698.8296783606493,275287.34375
698.8501113528691,275312.25
698.8705444451261,275289.0
698.8909773374689,275303.03125
698.9114103298634,275258.0625
698.9318434223242,275242.78125
698.9522763148125,275253.96875
698.9727094074115,275242.53125
699.0135753927316,275248.65625
699.0340083855117,275237.96875
699.0544413783209,275243.46875
699.0748743712174,275214.46875
699.0953073641649,275255.125
699.1157403571779,275234.59375
699.1361733502417,275219.375
699.1566064433719,275232.03125
699.1770393365878,275218.375
699.197472429827,275205.0
699.2179054231601,275208.625
699.2383383165507,275238.8125
699.2587714099645,275220.15625
699.2792044035014,275239.5625
699.2996372970665,275230.0625
699.3200703906841,275214.09375
699.3405033843956,275212.625
699.3609362781644,275180.53125
699.3813693719858,275219.875
699.4018022658711,275193.5
699.4222353598161,275177.03125
699.4426683538259,275194.3125
699.4631012479149,275219.53125
699.4835343420491,275183.84375
699.503967336248,275178.53125
699.5244002305408,275136.5625
699.5448333248642,275200.1875
699.5652663192523,275175.9375
699.5856993137204,275177.5
699.6061323082467,275180.15625
699.626565302824,275149.625
699.6469983974821,275153.4375
699.6674312922114,275157.0625
699.6878642869779,275169.78125
699.7082973818251,275109.21875
699.7287303767444,275159.71875
699.7491632716992,275135.46875
699.7695963667502,275115.1875
699.7900293618586,275117.53125
699.8104622570172,275108.59375
699.8308953522574,275143.1875
699.851328347555,275141.3125
699.8717614429188,275098.15625
699.8921943383466,275094.78125
699.9126273338479,275132.53125
699.9330603294002,275119.375
699.9534933250325,275097.15625
699.973926320723,275082.46875
699.994359316479,275092.5
700.0147923123004,275120.625
700.0352252081939,275131.625
700.0556583041398,275087.0625
700.0760913001504,275106.6875
700.0965243962419,275091.40625
700.1169572923973,275124.96875
700.1373902886116,275105.1875
700.1578233848923,275057.5
700.1782562812368,275086.9375
700.1986892776695,275085.5625
700.2191223741393,275082.46875
700.2395553706883,275068.75
700.2599882673094,275099.125
700.2804213639829,275042.21875
700.3008543607502,275070.0
700.3212873575467,275066.6875
700.3417203544377,275093.0625
700.3621533513942,275069.0
700.3825864484097,275061.28125
700.4030193455037,275064.125
700.4234523426494,275062.75
700.4438854398541,275032.46875
700.4643183371518,275054.625
700.4847513345157,275051.4375
700.5051844319241,275044.21875
700.525617329411,275041.125
700.5460504269649,275025.40625
700.5664833246046,275025.625
700.586916322296,275011.125
700.6073494200537,275022.1875
700.6277824178687,275032.84375
700.6482153157631,275004.65625
700.668648413739,275011.53125
700.6890813117716,275018.75
700.7095143098704,275027.375
700.7299474080355,275022.90625
700.7503803062864,274988.3125
700.7708134045897,274978.15625
700.7912464029723,274991.125
700.8116794014131,274965.6875
700.8321123999194,274944.78125
700.8525453985058,274970.71875
700.8729783971648,274963.15625
700.8934114958902,274946.4375
700.9138443946795,274959.1875
700.9342773935277,274991.6875
700.9547104924568,274915.4375
700.9751433914498,274953.1875
700.9955764905317,274934.15625
701.0160094896637,274922.5625
701.036442388875,274945.90625
701.0568754881388,274952.0625
701.0773084874963,274892.90625
701.0977413804503,274903.78125
701.1181744799396,274934.34375
701.1386074794937,274928.84375
701.159040379127,274918.875
701.1794734788273,274902.8125
701.1999064786214,274883.59375
701.2203394784592,274894.34375
701.2407724783698,274883.3125
701.2612054783458,274886.59375
701.2816384784164,274911.78125
701.302071478538,274888.21875
701.3225044787396,274883.5625
701.3429374790139,274869.75
701.3633704793465,274857.5625
701.3838034797736,274881.5625
701.4042365802379,274866.9375
701.4246694808098,274883.4375
701.4451025814196,274844.75
701.465535582116,274840.03125
701.4859684828989,274817.875
701.5064015837343,274845.9375
701.5268345846343,274854.65625
701.5472674856137,274834.9375
701.5677005866746,274818.71875
701.588133587793,274793.53125
701.6085666889921,274827.46875
701.6289995902698,274816.34375
701.649432591621,274802.28125
701.6698656930093,274806.96875
701.6902985945198,274815.9375
701.7107315960748,274784.59375
701.7311646976959,274782.75
701.7515975994102,274800.40625
701.7720306011834,274784.46875
701.7924637030228,274783.5
701.8128966049553,274776.21875
701.8333297069476,274795.125
701.8537627090045,274750.28125
701.8741957111561,274731.75
701.8946287133658,274762.09375
701.9150616156548,274736.15625
701.9354946180101,274748.34375
701.9559277204535,274782.9375
701.9967936255343,274710.625
702.0172267281814,274732.84375
702.0376597309078,274724.875
702.0580927337141,274713.21875
702.0785257365933,274728.375
702.0989587395234,274720.0625
702.1193918425488,274716.0
702.1398247456455,274683.3125
702.1602577488084,274698.78125
702.1806908520666,274701.96875
702.2011237553816,274713.9375
702.2419898622393,274710.96875
702.262422765787,274672.25
702.2828558693873,274694.25
702.3032888730813,274671.21875
702.3237217768619,274648.90625
702.344154880695,274626.03125
702.3645878846073,274662.65625
702.3850207886062,274654.09375
702.4054538926721,274651.4375
702.4258868968027,274623.46875
702.4463199010206,274626.875
702.466752905304,274580.0
702.487185909682,274617.6875
702.5076189141109,274616.8125
702.5280519186199,274600.71875
702.5484849232162,274607.75
702.5689179278779,274587.9375
702.5893509326343,274570.0625
702.6097839374488,274593.96875
702.6302170423442,274641.03125
702.6506499473035,274569.875
702.6710829523654,274610.3125
702.691516057479,274606.71875
702.7119489626857,274560.0
702.7323820679667,274532.5
702.7528150732978,274562.3125
702.7732479787373,274506.5
702.7936810842511,274549.0
702.8141140898297,274494.25
702.8345469954875,274520.09375
702.8549801012196,274515.75
702.8754131070309,274523.8125
702.8958460129361,274518.375
702.916279118901,274513.5
702.9367121249306,274491.03125
702.9571452310556,274476.6875
702.9775781372518,274483.90625
702.9980111435289,274562.1875
703.0184442498721,274524.625
703.0388771563157,274512.53125
703.059310162811,274479.53125
703.0797432694017,274455.6875
703.100176276057,274455.875
703.1206091828062,274444.625
703.1410422896297,274450.9375
703.1614751965244,274427.09375
703.1819083035007,274429.9375
703.2023413105417,274452.5625
703.2227742176838,274437.8125
703.2432073248783,274410.0625
703.2636403321812,274422.0625
703.2840732395416,274404.84375
703.3045063469835,274415.84375
703.3249393545047,274391.78125
703.3453722621125,274508.4375
703.3658053697873,274374.34375
703.3862383775559,274394.53125
703.4066714853761,274383.21875
703.4475374012909,274349.9375
703.4679705093731,274338.4375
703.4884034175338,274350.5
703.5088364257681,274329.4375
703.5292695340686,274328.125
703.5497024424767,274330.75
703.5701354509438,274354.34375
703.5905685594917,274405.59375
703.6110015681261,274328.5
703.6314345768405,274378.6875
703.6518675856278,274387.125
703.672300594495,274322.40625
703.6927336034569,274318.1875
703.7131666124842,274340.71875
703.7335996215988,274321.21875
703.7540327307943,274301.28125
703.7744656400537,274308.53125
703.7948986494084,274309.78125
703.8153316588505,274303.875
703.835764668358,274292.5
703.8561977779536,274305.375
703.876630687635,274269.96875
703.8970636973827,274275.09375
703.9174968072184,274282.1875
703.9379297171472,274248.0625
703.9583627271422,274246.8125
703.9787958372181,274271.96875
703.999228747387,274312.71875
704.0196617576221,274271.59375
704.0400948679453,274278.15625
704.0605277783543,274245.9375
704.0809608888376,274266.84375
704.1013938994147,274269.78125
704.1218269100646,274208.40625
704.1422599207872,274261.0
704.1626929316044,274218.21875
704.1831259425016,274237.25
704.2035589534789,274250.0625
704.2239919645435,274215.78125
704.2444249756809,274226.03125
704.264858086899,274215.8125
704.2852909982103,274211.90625
704.3057241095958,274227.15625
704.3261571210678,274248.53125
704.3465900326337,274181.15625
704.3670231442593,274213.8125
704.3874561559787,274211.9375
704.4078890677847,274205.21875
704.428322179665,274187.375
704.4487551916391,274230.78125
704.4691881036924,274189.8125
704.4896212158201,274158.125
704.5100541280408,274182.3125
704.5304872403431,274202.0625
704.5509202527246,274152.59375
704.5713531651927,274149.6875
704.5917862777496,274175.0625
704.6122192903786,274166.625
704.632652203094,274189.625
704.6530853158984,274177.875
704.6735183287819,274163.625
704.6939513417528,274154.34375
704.714384354811,274153.28125
704.7348173679493,274165.03125
704.755250481161,274150.1875
704.7756833944732,274170.59375
704.7961164078588,274106.9375
704.8165495213398,274179.9375
704.8369825349,274126.75
704.8574154485395,274115.625
704.8778485622679,274128.4375
704.8982815760828,274095.59375
704.918714489977,274115.875
704.93914760396,274114.59375
704.9800137321727,274080.53125
705.0004466464161,274085.6875
705.0208796607403,274077.59375
705.0413127751453,274057.9375
705.0617456896434,274100.09375
705.0821787042223,274061.5
705.1026117188812,274056.34375
705.1230447336347,274066.1875
705.1434776484748,274078.46875
705.1639107633891,274029.53125
705.1843437783973,274056.15625
705.2047768934935,274080.375
705.225209808661,274016.59375
705.2456428239311,274039.34375
705.2660759392747,274036.125
705.2865088547187,274038.65625
705.3069418702435,274079.40625
705.3273749858563,274042.28125
705.3478080015411,274035.6875
705.3682409173271,274031.90625
705.3886740331945,274038.875
705.4091070491486,274037.28125
705.4295400651972,274016.0
705.4499730813259,273989.65625
705.4704060975419,273998.0
705.4908392138386,273981.5625
705.5112721302285,273977.28125
705.5317051467064,274008.21875
705.5521382632724,273975.53125
705.5725711799314,273970.53125
705.593004196664,273984.4375
705.6134373134846,273921.6875
705.6338702303983,273997.4375
705.6543033474009,273960.875
705.6747363644972,273972.0625
705.6951692816801,273992.0
705.7156023989373,273929.90625
705.7360354162884,273922.21875
705.7564683337259,273957.09375
705.7769014512523,273938.71875
705.7973343688791,273949.4375
705.8177673865866,273931.28125
705.838200504375,273923.21875
705.8586335222499,273945.28125
705.8790665402194,273905.59375
705.8994995582761,273900.03125
705.9199325764275,273933.3125
705.9403655946589,273877.71875
705.9607986129922,273873.96875
705.9812316314055,273890.40625
706.0016647498996,273925.125
706.0220976684941,273897.46875
706.0425306871766,273872.65625
706.06296380594,273862.40625
706.0833967248036,273867.5
706.1038298437561,273854.96875
706.1242628627806,273851.40625
706.1446957819135,273880.34375
706.1651289011352,273884.9375
706.1855619204362,273862.8125
706.2059948398382,273848.71875
706.2264279593219,273855.6875
706.2468609788848,273838.0625
706.2672938985561,273858.75
706.2877270183162,273816.71875
706.3081600381556,273782.4375
706.3285931580904,273795.28125
706.3490260781255,273826.40625
706.3694590982414,273801.625
706.389892218438,273770.4375
706.4103251387423,273793.78125
706.4307581591274,273778.9375
706.4511911796071,273785.625
706.4716242001814,273801.6875
706.4920572208357,273791.5
706.5124903415781,273749.5
706.5329232624281,273739.59375
706.5533563833524,273760.0
706.5737894043777,273773.34375
706.5942223255042,273740.40625
706.614655446705,273743.5625
706.6350884679996,273765.9375
706.655521389388,273732.875
706.6759545108653,273735.9375
706.6963875324363,273736.625
706.7168204541085,273777.5625
706.737253575855,273699.125
706.7576865977098,273732.5625
706.7781197196382,273723.21875
706.7985526416742,273741.6875
706.8189856637982,273722.75
706.8394187860031,273696.96875
706.8598517083228,273698.65625
706.8802847307234,273662.375
706.900717853212,273671.375
706.9211507757936,273696.40625
706.9415837984707,273709.59375
706.9620169212358,273676.71875
706.982449944102,273623.90625
707.0028829670555,273650.75
707.0233159901036,273654.3125
707.0437489132455,273660.53125
707.0641820364763,273640.34375
707.0846150598009,273664.21875
707.1050479832193,273635.15625
707.1254811067338,273665.0
707.1459141303421,273682.78125
707.1663470540443,273656.5
707.186780177828,273607.96875
707.2072132017129,273573.65625
707.2276463256931,273644.5625
707.2480792497736,273624.875
707.2685122739349,273618.65625
707.2889453981988,273587.09375
707.3093783225631,273611.0
707.3298113470009,273601.1875
707.3502444715414,273586.84375
707.3706773961821,273596.5625
707.391110420911,273582.3125
707.4115435457352,273585.1875
707.431976470667,273567.34375
707.4524095956731,273574.53125
707.4728426207803,273568.0
707.4932755459886,273567.8125
707.5137086712784,273586.3125
707.5341416966767,273559.15625
707.5545747221622,273550.21875
707.5750077477423,273558.125
707.5954407734243,273551.4375
707.6158737991937,273246.78125
707.6363069250583,268887.9375
707.6567398510233,260122.578125
707.6771729770771,249956.421875
707.6976059032386,241473.859375
707.7180389294881,237718.65625
707.7384720558184,236587.78125
707.7589049822636,236855.59375
707.7793380088042,238766.8125
707.7997711354328,244512.984375
707.8202040621618,254199.765625
707.8406370889861,264092.75
707.8610702159058,271394.96875
707.8815031429185,273534.09375
707.9019362700274,273647.84375
707.92236929723,273577.03125
707.963235351941,273525.375
707.9836683794347,273549.9375
708.0041014070302,273512.65625
708.0245344347204,273527.34375
708.0449674624979,273514.46875
708.0654004903845,273538.09375
708.085833518373,273509.53125
708.1062665464415,273514.125
708.1266996746199,273467.78125
708.1471327028921,273503.78125
708.1675656312509,273483.8125
708.1879987597204,273477.90625
708.2084317882836,273490.1875
708.2288647169407,273532.375
708.2492978457012,273552.65625
708.2697308745628,273466.96875
708.290163803511,273464.96875
708.3105969325552,273466.40625
708.3310299617078,273491.6875
708.3514629909478,273461.6875
708.3718960202968,273479.59375
708.3923289497397,273460.84375
708.4127620792788,273498.625
708.4331951089189,273473.53125
708.4536280386528,273496.0625
708.4740611684756,273473.65625
708.494494198414,273480.75
708.5149271284536,273487.46875
708.5353602585747,273489.71875
708.5557932888041,273470.1875
708.5762264191362,273467.125
708.5966593495614,273481.625
708.6170923800819,273485.9375
708.6375255106977,273456.59375
708.6579584414212,273469.96875
708.6783914722473,273479.4375
708.6988246031688,273435.90625
708.719257634184,273464.03125
708.7396905653077,273476.53125
708.7601236965129,273479.34375
708.7805567278338,273474.09375
708.8009897592565,273479.75
708.8214227907738,273506.96875
708.841855822393,273472.78125
708.8622889541075,273487.625
708.8827218859224,273475.78125
708.9031549178326,273515.84375
708.9235880498527,273477.21875
708.9440209819732,273469.1875
708.9644541141824,273497.6875
708.9848870465066,273510.78125
709.0053200789189,273510.5
709.0257532114338,273498.34375
709.046186144049,273494.1875
709.0666191767668,273516.0625
709.08705230958,273526.875
709.1074852425081,273507.46875
709.1279182755243,273504.875
709.1483514086431,273485.09375
709.1687843418695,273534.40625
709.1892174751847,273487.78125
709.2096505086083,273505.625
709.2300835421338,273502.65625
709.2505165757539,273509.78125
709.2709496094903,273529.3125
709.2913826433214,273566.21875
709.3118156772471,273546.4375
709.3322487112819,273531.03125
709.3526817454112,273563.28125
709.373114879636,273546.0625
709.3935478139756,273536.90625
709.4139809484186,273555.5625
709.4344139829554,273558.125
709.4548469176007,273555.03125
709.4752800523493,273562.40625
709.4957130871917,273565.625
709.5161460221352,273572.71875
709.5365791571894,273583.96875
709.5570121923374,273628.65625
709.5774451275938,273575.71875
709.5978782629536,273611.53125
709.6183112984072,273600.0625
709.6387443339772,273610.21875
709.6591773696346,273590.1875
709.6796103054076,273636.15625
709.7000434412766,273630.34375
709.7204764772541,273625.03125
709.7409094133327,273604.65625
709.7613425495147,273647.0625
709.7817755857977,273620.09375
709.8022086221827,273656.4375
709.8226416586695,273642.125
709.8430746952654,273642.6875
709.8635078319567,273663.25
709.8839408687563,273664.625
709.9043738056644,273694.96875
709.9248069426685,273693.3125
709.945239979781,273714.28125
709.9656729169947,273674.71875
709.9861060543117,273683.03125
710.0065390917371,273713.0
710.0269720292708,273736.09375
710.0474051668934,273726.9375
710.0678382046317,273719.21875
710.0882713424653,273735.40625
710.1087042804211,273767.25
710.1291373184649,273754.5625
710.1495704566114,273746.59375
710.1700033948728,273777.28125
710.1904364332368,273767.25
710.2108694717026,273781.8125
710.2313025102776,273771.953125
710.2517355489617,273762.09375
710.2721686877339,273802.34375
710.292601626621,273784.125
710.3130347656115,273798.34375
710.3334677047096,273807.34375
710.3539007439176,273818.03125
710.3743338832282,273813.6875
710.3947669226327,273843.40625
710.4151998621601,273822.96875
710.4356330017836,273830.96875
710.4560660415082,273837.3125
710.4764989813484,273842.25
710.496932121292,273878.03125
710.5173651613368,273910.21875
710.5377982014907,273872.375
710.5582312417537,273903.40625
710.5786642821186,273904.0625
710.599097422586,273890.71875
710.6195303631685,273915.90625
710.6399634038462,273917.875
710.6603965446411,273959.59375
710.6808294855437,273961.875
710.7012625265415,273954.375
710.7216956676566,273945.4375
710.7421286088793,273968.53125
710.7625617501908,273964.34375
710.7829947916252,273984.3125
710.8034277331681,273956.3125
710.823860874807,274001.15625
710.8442939165616,273990.53125
710.8647269584253,274015.46875
710.8851600003909,273977.71875
710.9055930424656,274019.5
711.436852374296,274170.9375
711.4572853193022,274160.4375
711.477718364411,274204.03125
711.4981514096289,274202.40625
711.5185844549633,274217.5625
711.5390175003995,274196.40625
711.5594505459449,274218.28125
711.5798835916066,274253.875
711.6003167373638,274236.6875
711.6207497832438,274251.40625
711.6411827292395,274332.71875
711.6616158753313,274316.875
711.6820489215388,274263.5625
711.7024818678619,274262.75
711.7229150142884,274256.46875
711.7433480608306,274303.03125
711.7637810074812,274298.9375
711.7842141542278,274294.03125
711.8046472011047,274320.6875
711.8250803480842,274335.40625
711.8455132951785,274345.71875
711.8659463423828,274325.46875
711.8863794896897,274343.09375
711.9068124371188,274318.3125
711.9272454846578,274349.53125
711.9476786322994,274336.5625
711.9681115800558,274374.0
711.9885446279295,274380.25
712.0089777759058,274376.09375
712.0294107240043,274390.40625
712.0498438722061,274375.0625
712.0702769205236,274366.5
712.0907099689503,274340.59375
712.111143017486,274401.9375
712.131576066131,274401.65625
712.1520091148996,274429.6875
712.1724421637773,274410.875
712.1928752127642,274433.25
712.2133082618602,274448.59375
712.2337413110727,274460.90625
712.2541743603942,274410.3125
712.2746075098257,274455.75
712.2950404593721,274477.09375
712.3154735090357,274474.90625
712.3359066587946,274481.3125
712.3563396087047,274447.25
712.3767726586957,274513.15625
712.3972058088111,274465.15625
712.4176387590269,274501.21875
712.4380718093598,274516.78125
712.4585049598172,274528.53125
712.4789379103677,274507.4375
712.4993710610433,274541.65625
712.519804111842,274548.40625
712.5402370627417,274533.96875
712.560670213752,274543.65625
712.5811032648853,274556.875
712.601536316135,274566.65625
712.6219693674939,274543.5
712.6424024189473,274587.40625
712.6628354705463,274583.09375
712.6832685222253,274563.15625
712.7037015740425,274587.75
712.7241347259769,274638.96875
712.7445677780051,274616.34375
712.7650007301563,274612.15625
712.7854338824254,274614.09375
712.8058668348167,274631.46875
712.8262998873033,274652.90625
712.8467330399144,274611.625
712.8671659926476,274642.6875
712.8875990454835,274682.375
712.9080321984366,274693.0
712.9284651515118,274694.78125
712.9488983046831,274694.4375
712.9693313579919,274713.9375
712.9897643113945,274686.28125
713.0101974649297,274689.15625
713.0306305185804,274684.0625
713.051063472325,274705.59375
713.0714966261949,274699.875
713.0919296801876,274708.90625
713.1123628343048,274739.1875
713.1327957885223,274708.25
713.1532288428571,274731.9375
713.1736619973017,274753.8125
713.1940949518685,274764.65625
713.2145280065452,274733.5625
713.2349611613463,274776.15625
713.2553942162631,274783.21875
713.2758271712955,274773.4375
713.2962603264386,274784.53125
713.3166933817047,274785.40625
713.3371264370799,274806.1875
713.3575594925787,274786.71875
713.377992548194,274835.875
713.3984256039184,274831.28125
713.418858659752,274836.03125
713.4392917157165,274845.59375
713.4597247717902,274854.65625
713.4801578279876,274828.6875
713.5005908843013,274851.59375
713.5210239407243,274913.1875
713.5414569972709,274952.65625
713.5618901539201,274912.4375
713.582323110706,274898.125
713.6027561676019,274896.15625
713.6231893246149,274918.5
713.6436222817501,274916.65625
713.6640553389952,274918.65625
713.6844884963575,274939.84375
713.704921453842,274930.0
713.7253545114509,274949.0625
713.7457876691624,274945.15625
713.7662206269815,274967.46875
713.7866537849404,274945.59375
713.807086843015,274936.375
713.8275199011987,274958.59375
713.8479529595061,274977.53125
713.8683860179444,275000.875
713.8888190764628,275030.875
713.9092522351348,274990.5
713.9296851939216,275018.96875
713.9501182528038,275049.375
713.970551411825,275011.71875
713.9909843709611,275076.8125
714.0114175302078,275040.9375
714.0318505895921,275034.5
714.0522835490774,275121.78125
714.0727167086734,275086.4375
714.0931496684207,275100.1875
714.113582728256,275098.375
714.195315068835,275135.0625
714.2157480292808,275101.78125
714.2361811898445,275130.0625
714.2566142505166,275145.5625
714.2770472113261,275159.09375
714.2974803722464,275214.625
714.317913433275,275197.09375
714.3383464944491,275189.46875
714.358779555725,275212.9375
714.3792126171247,275199.96875
714.3996457786343,275225.15625
714.4200787402806,275260.5625
714.4405118020513,275246.21875
714.4609449639247,275276.8125
714.481378025921,275291.125
714.5018109880402,275302.96875
714.522244150292,275300.84375
714.542677212652,275273.4375
714.5631101751351,275301.15625
714.583543337736,275294.71875
714.6039764004454,275345.03125
714.6244095633083,275329.53125
714.6448425262715,275347.6875
714.6652755893447,275335.375
714.6857087525568,275358.6875
714.7061417158839,275380.59375
714.7265747793208,275335.375
714.7470078429105,275380.28125
714.7674409066021,275373.21875
714.7878738704021,275404.4375
714.8083070343419,275394.15625
714.8287400983972,275374.90625
714.8491732625771,275442.84375
714.8696062268791,275422.96875
714.8900392913129,275452.9375
714.9104724558274,275441.625
714.9309054204932,275428.71875
714.9513384852908,275432.28125
714.9717716501982,275443.125
714.9922047152286,275483.1875
715.0126376803892,275474.03125
715.0330708456459,275481.53125
715.0535039110546,275485.28125
715.0739369765797,275489.15625
715.094370042214,275462.5
715.114803107972,275523.0625
715.1352362738544,275498.25
715.1556692398735,275522.59375
715.1761023060099,275522.46875
715.1965354722633,275532.4375
715.216968438639,275538.09375
715.2374015051537,275535.65625
715.2578346717637,275542.53125
715.278267638525,275588.53125
715.2987008053751,275580.40625
715.3191338723627,275596.75
715.3395668394878,275558.65625
715.3600000067308,275584.1875
715.3804330740968,275588.21875
715.4008660415857,275590.5
715.4212992091925,275619.28125
715.4417321769433,275639.1875
715.4621653447757,275609.6875
715.4825984127601,275598.21875
715.5030314808682,275673.40625
715.5234645491,275659.78125
715.5438976174628,275662.15625
715.5643306859347,275660.125
715.5847637545303,275675.09375
715.6051968232714,275686.5625
715.6256298921071,275689.96875
715.646062961081,275698.03125
715.666496030186,275693.09375
715.6869291994008,275714.71875
715.7073622687531,275720.78125
715.7277952382356,275742.375
715.7482284078142,275745.125
715.7686614775448,275733.03125
715.7890944473911,275742.25
715.8095276173626,275764.21875
715.8299606874571,275775.53125
715.8503936576817,275739.9375
715.8708268280316,275760.71875
715.8912598985044,275778.03125
715.9116930691089,275797.75
715.932126039821,275789.53125
715.9525591106722,275808.8125
715.9729922816332,275821.1875
715.9934252527455,275800.65625
716.013858323975,275819.46875
716.0342913953355,275828.0625
716.054724466805,275835.875
716.0751575383983,275873.4375
716.0955906101372,275844.71875
716.1160236819851,275849.96875
716.136456853972,275879.75
716.1568899260747,275869.96875
716.1773228983002,275899.3125
716.1977560706655,275908.90625
716.2181891431392,275893.90625
716.2386221157649,275913.34375
716.2590552885085,275894.875
716.2794883613824,275878.5
716.2999213343646,275919.53125
716.3203545074721,275893.625
716.340787580717,275933.46875
716.3612207540864,275916.875
716.3816537275998,275944.625
716.4020868012303,275935.78125
716.4225199749708,275950.75
716.4429529488625,275950.3125
716.4633860228641,276003.53125
716.4838191969902,275985.125
716.5042521712603,275965.03125
716.5246852456476,276010.84375
716.5451184201738,275965.375
716.5655513948223,276011.90625
716.5859845695813,275996.6875
716.6064176444779,276037.125
716.62685071952,276001.5625
716.6472837946567,276003.4375
716.6677168699462,276010.59375
716.6881498453658,276015.875
716.7085830208962,275999.84375
716.729016096564,276026.6875
716.7494490723766,276030.78125
716.7698822482998,276040.6875
716.790315324346,276024.5
716.8107484005232,276022.125
716.8311814768385,276060.0
716.8516145532631,276052.75
716.8720477298339,276042.375
716.8924807065414,276039.0625
716.9129137833588,276067.5625
716.9333469603225,276116.46875
716.9537799373938,276084.375
716.9742131146195,276076.6875
716.9946461919462,276047.1875
717.0150791694105,276067.0625
717.0355123469999,276081.96875
717.0559454247341,276138.34375
717.0763784026058,276085.96875
717.0968115805736,276082.8125
717.1172446587152,276131.1875
717.1376777369369,276106.4375
717.1581108153114,276099.34375
717.1785438938314,276112.3125
717.1989770724613,276131.40625
717.2194100512133,276130.9375
717.260276309149,276143.46875
717.2807092883086,276160.0625
717.3011423675853,276139.6875
717.321575547001,276146.21875
717.3420085265388,276159.5625
717.362441606223,276169.6875
717.382874786017,276161.375
717.4033077659624,276198.78125
717.4237409460184,276195.71875
717.4441740262264,276198.53125
717.4646070065501,276179.5
717.4850401870208,276160.84375
717.5054732675999,276245.5
717.525906248331,276198.625
717.5463394291728,276202.90625
717.5667725101666,276208.09375
717.5872054912761,276195.375
717.6076386725035,276184.53125
717.6280717538975,276198.84375
717.648504935416,276223.375
717.6689379170421,276239.6875
717.6893709987926,276238.46875
717.7098041806894,276212.65625
717.7302371627593,276236.25
717.75067024491,276250.125
717.7711034271852,276229.9375
717.7915364096261,276238.84375
717.8119694921916,276246.0
717.8324026748742,276249.34375
717.8528357576943,276233.5
717.8732688406672,276296.0
717.8937019237565,276276.9375
717.9141350069549,276251.0
717.9345680903061,276279.625
717.9550011738029,276266.09375
717.975434157408,276305.1875
717.9958673411675,276302.53125
718.0163004250426,276285.5625
718.0367336090567,276304.46875
718.0571665932221,276289.5
718.0775996775046,276281.09375
718.0980328619262,276277.75
718.1184658464699,276337.21875
718.1388989311308,276305.5625
718.1593321159307,276293.125
718.179765100911,276332.0625
718.2001981859794,276294.375
718.2206313711868,276322.875
718.2410643565454,276345.40625
718.2614975420147,276355.8125
718.2819306276069,276356.25
718.302363613373,276312.375
718.322796799257,276342.84375
718.3432298852495,276372.71875
718.3636629714238,276320.1875
718.3840960576781,276383.5
718.4045291441143,276325.28125
718.4249622306379,276334.0
718.4453953173361,276387.25
718.4658284041434,276351.6875
718.4862615911043,276363.0
718.5066946781735,276385.46875
718.5271276653948,276379.125
718.5475608527631,276380.0
718.5679939402398,276382.8125
718.5884269278686,276354.28125
718.6088601156152,276384.09375
718.6292931034986,276339.0
718.6497261915356,276369.1875
718.6701593796897,276405.71875
718.6905923679878,276404.34375
718.7110255564257,276392.46875
718.7314586449866,276415.84375
718.7518916336849,276429.25
718.7723248225375,276405.09375
718.7927579115058,276445.0625
718.8131909006188,276397.65625
718.8336240898425,276425.125
718.8540571792473,276398.28125
718.874490368733,276420.5
718.894923358399,276413.4375
718.915356448153,276416.6875
718.9357896380752,276450.84375
718.9562226281487,276394.4375
718.9766557183393,276435.28125
718.997088908669,276462.21875
719.0175219991215,276394.875
719.0379549897189,276451.15625
719.058388180456,276460.84375
719.0788212713451,276448.78125
719.0992543623215,276460.3125
719.1196874534653,276431.4375
719.1401205447619,276464.15625
719.1605536361749,276480.34375
719.1809867277261,276468.25
719.201419819401,276487.6875
719.2218529112506,276435.78125
719.2422860032093,276474.28125
719.2627190952917,276468.40625
719.2831521875487,276446.0625
719.3035852799148,276494.40625
719.3240184724054,276455.84375
719.3444514650691,276480.875
719.3648845578427,276455.46875
719.3853177507699,276450.09375
719.405750743841,276448.71875
719.4261838370221,276469.1875
719.4466170303567,276494.0625
719.4670500238353,276510.28125
719.4874831174238,276508.25
719.507916311195,276503.96875
719.5487824990778,276516.90625
