time,flux
808.5568772374027,39303.2265625
808.5773116344353,39310.6328125
808.5977460317663,39301.55078125
808.6181805292144,39300.296875
808.6386149268874,39297.078125
808.6590492247997,39296.515625
808.6794837228881,39313.6015625
808.6999181212013,39301.2578125
808.7203524196957,39310.57421875
808.7407869184244,39339.69140625
808.7612213173779,39306.125
808.7816556164544,39311.22265625
808.8020901158161,39305.796875
808.8225245153008,39303.1484375
808.8429590150772,39295.90625
808.8633933150268,39308.0390625
808.8838277151444,39303.140625
808.9042621155022,39306.82421875
808.9246965160273,39312.2578125
808.9451309167926,39293.2421875
808.9655653177906,39300.16015625
808.9859997189633,39290.58203125
809.0064342203041,39289.55859375
809.0268685218834,39294.39453125
809.0473029236309,39314.98046875
809.0677374256193,39314.60546875
809.0881717278389,39317.62109375
809.1086061301758,39306.91796875
809.1290406327971,39310.6640625
809.1494749355988,39326.94140625
809.1699093385687,39292.765625
809.1903438417794,39307.015625
809.210778245164,39299.4296875
809.2312126487741,39300.08203125
809.2516470525661,39321.66796875
809.272081456591,39313.6171875
809.2925158607832,39319.3203125
809.3129502651573,39323.375
809.3333846698224,39307.69921875
809.3538191745974,39301.10546875
809.3742534796111,39301.11328125
809.394687984859,39324.21875
809.4151223902736,39316.1171875
809.4355566958693,39298.18359375
809.4559912016994,39311.8984375
809.476425607696,39309.4609375
809.496859913932,39290.30078125
809.5172944204023,39292.703125
809.537728826981,39307.953125
809.5581631337991,39309.92578125
809.5785976408515,39310.4140625
809.5990319480698,39303.5859375
809.6194664555296,39309.79296875
809.6399008631633,39320.40234375
809.6603351709637,39299.23828125
809.6807696790056,39289.6328125
809.7012040872214,39285.92578125
809.7216384956628,39298.4296875
809.742072904286,39306.21875
809.7625073130839,39313.5625
809.7829417221074,39299.13671875
809.8033761313709,39319.4921875
809.8238105407509,39308.62109375
809.8442450504153,39322.4921875
809.8646794602028,39301.96484375
809.8851137702222,39295.55859375
809.9055482804688,39323.95703125
809.9259826908965,39303.59375
809.946417001498,39309.35546875
809.9668515123267,39308.828125
809.9872859233365,39307.1328125
810.0077204345725,39306.703125
810.028154745989,39306.49609375
810.0485891575809,39311.828125
810.069023669399,39309.3515625
810.0894579813976,39293.66796875
810.1098923936297,39312.90234375
810.13032690603,39298.79296875
810.1507612186106,39314.5703125
810.1711956314248,39316.7421875
810.1916301444071,39326.0390625
810.212064457628,39312.921875
810.232498971025,39325.890625
810.2529332845879,39320.24609375
810.2733676983917,39319.234375
810.2938022123708,39327.9921875
810.314236526523,39317.08984375
810.3346709409016,39318.2265625
810.3551054554628,39305.0703125
810.3755398702488,39308.4375
810.3959742852167,39320.10546875
810.4164087004174,39305.203125
810.4368431157272,39307.6484375
810.4572775312772,39312.515625
810.47771194706,39326.2578125
810.4981463630102,39302.10546875
810.518580879143,39321.6328125
810.5390151954489,39322.3046875
810.5594496119811,39311.85546875
810.5798841287542,39310.4375
810.6003184456422,39315.22265625
810.6411873801117,39310.078125
810.6616216975817,39310.140625
810.6820562152789,39313.671875
810.7024906332153,39313.34375
810.7229249512675,39299.78125
810.7433594696049,39320.3046875
810.7637938880653,39312.421875
810.7842284067592,39305.01171875
810.804662725619,39330.45703125
810.8250971446614,39311.30078125
810.8455316639302,39333.24609375
810.8659659833793,39325.8125
810.886400403062,39323.46875
810.9068348229193,39314.85546875
810.927269242944,39307.16796875
810.9477036631506,39326.7109375
810.96813808359,39321.94140625
810.9885725041968,39317.8125
811.0090070249862,39329.18359375
811.0294413460069,39329.515625
811.0498757671958,39330.84765625
811.0703102886255,39321.9296875
811.0907447101636,39326.328125
811.111179031941,39317.3515625
811.1316135538946,39331.15625
811.1520479760802,39319.75
811.1724822984324,39338.125
811.1929168209681,39317.03125
811.2133512436703,39333.84375
811.2337857666134,39331.55078125
811.2542200897296,39325.5
811.2746545130722,39313.87890625
811.2950890365391,39326.5703125
811.3155233602374,39317.8125
811.335957784162,39331.2265625
811.3563923082111,39330.33203125
811.3768266324914,39320.44921875
811.3972611569407,39329.35546875
811.4176955816292,39331.94921875
811.4381299064335,39329.4765625
811.4585644314648,39323.5625
811.4789988566772,39341.5078125
811.4994331821217,39313.65234375
811.5198677077351,39319.5859375
811.5403020335289,39335.3359375
811.560736459498,39328.32421875
811.5811709856353,39318.03515625
811.6016054120118,39345.09765625
811.6220398386213,39330.79296875
811.6424742653398,39330.44140625
811.6629086922985,39322.41796875
811.6833431194318,39328.1484375
811.7037775467325,39337.59765625
811.724211974215,39331.515625
811.7446465019311,39334.3046875
811.7650808298131,39328.60546875
811.7855153578785,39321.74609375
811.8059497861104,39332.13671875
811.8263841145817,39332.26171875
811.8468186432292,39327.46875
811.8672530720505,39337.25390625
811.8876874010384,39331.01953125
811.908121930268,39336.08203125
811.9285563596641,39324.44921875
811.9489906892413,39323.28515625
811.9694252189947,39312.25
811.9898596489802,39321.76953125
812.0102941791338,39339.046875
812.0307285094677,39340.84765625
812.0511629399698,39339.5859375
812.0715973706538,39331.39453125
812.0920318015706,39330.9453125
812.112466232662,39335.49609375
812.1329007639215,39325.265625
812.1533350954196,39327.0546875
812.1737696270284,39339.3828125
812.1942039588757,39337.19140625
812.2146383908985,39332.1484375
812.2350729230893,39345.23046875
812.2555073555195,39330.52734375
812.2759416880654,39338.765625
812.2963762208383,39327.37890625
812.3168106537923,39345.96484375
812.3372449869203,39326.8828125
812.3576795202753,39335.35546875
812.3781139537532,39343.37109375
812.3985484874647,39357.61328125
812.4189828213421,39336.6796875
812.4394172554021,39333.453125
812.4598517896957,39343.56640625
812.4802861240969,39327.78125
812.500720558739,39347.296875
812.5211550935564,39343.51953125
812.5415894285397,39353.59765625
812.5620239637065,39346.36328125
812.5824583991052,39340.1484375
812.6028927346124,39342.1875
812.6233272703612,39349.7265625
812.643761706342,39353.99609375
812.6641960424313,39336.515625
812.684630578704,39343.17578125
812.7050650152087,39340.8984375
812.7254994518225,39344.6875
812.7459338886765,39344.65625
812.7663683257051,39338.73828125
812.7868027629011,39352.6484375
812.8072372003371,39346.90625
812.8276716378896,39362.546875
812.8481060756676,39348.8984375
812.8685405135693,39346.23828125
812.8889749517039,39338.2109375
812.9094094900065,39347.4375
812.9298438285477,39335.5546875
812.9502783672069,39342.2578125
812.9707128060909,39355.2109375
812.9911471450978,39359.89453125
813.0115816843318,39338.734375
813.0320161237469,39341.95703125
813.0524504633358,39354.6796875
813.072885003101,39348.18359375
813.0933194430327,39363.15234375
813.1137537832037,39339.25390625
813.1341883234854,39345.25390625
813.1546227640065,39359.12109375
813.1750573047029,39349.37109375
813.1954916455725,39352.7734375
813.2159260866101,39355.5078125
813.2363606278304,39362.484375
813.2567949692748,39367.4453125
813.2772294108436,39354.484375
813.297663952646,39360.25390625
813.3180982945632,39364.24609375
813.3385328367076,39370.2265625
813.3589672790331,39355.8828125
813.3794017215259,39357.78125
813.3998361642007,39369.8046875
813.4202705070493,39358.8828125
813.4407049500733,39360.29296875
813.4611394933236,39352.296875
813.4815739366968,39354.1484375
813.5020082802948,39361.19140625
813.5224428240181,39363.3125
813.5428772679734,39356.953125
813.5633118120968,39365.09765625
813.5837461564006,39362.88671875
813.6450494903547,39360.46484375
813.6654839353578,39373.2265625
813.6859184805871,39365.38671875
813.7063528259387,39364.66796875
813.7267873715246,39372.87109375
813.7472218172188,39388.5234375
813.7676561631524,39367.66796875
813.7880907092622,39376.9140625
813.8085251554803,39373.60546875
813.8289595019378,39377.30078125
813.8493940485714,39365.390625
813.8698284953716,39370.3046875
813.890262842353,39368.85546875
813.9106973895105,39373.3828125
813.9311318368345,39369.8046875
813.9515663843413,39377.921875
813.9720007320138,39365.84765625
813.9924351799273,39368.8203125
814.0128696279571,39373.76171875
814.0333040761616,39367.27734375
814.0537385245916,39374.12890625
814.0741729731453,39370.27734375
814.0946074219246,39380.5625
814.1150419708283,39355.953125
814.1354764199641,39377.2890625
814.1559107692156,39376.7109375
814.1763453186941,39363.984375
814.1967797683537,39375.59375
814.2172141181218,39364.33203125
814.2376486681314,39358.3984375
814.258083118315,39380.8125
814.2785174686724,39362.0546875
814.2989520191986,39367.3515625
814.3193864698478,39355.69921875
814.3398210207233,39359.22265625
814.3602553717792,39368.25390625
814.3806898230105,39374.859375
814.4011243744098,39364.81640625
814.4215587259896,39375.31640625
814.4419931776865,39375.87109375
814.4624277296098,39357.65234375
814.4828620817134,39372.375
814.5032966339932,39359.36328125
814.5237310864395,39368.90234375
814.5441655390678,39360.6796875
814.5645999918706,39364.55859375
814.5850344448409,39367.3515625
814.605468897993,39346.05078125
814.6259033513197,39353.62890625
814.6463378047556,39351.28515625
814.6667722584316,39367.07421875
814.6872067122822,39359.2109375
814.7076411663002,39361.5546875
814.7280756205,39358.9296875
814.7485100748745,39356.68359375
814.7689445293581,39353.44921875
814.7893790840826,39349.85546875
814.8098134389802,39372.46484375
814.8302478939877,39363.0078125
814.850682449236,39365.2890625
814.8711168046575,39359.73828125
814.8915512601889,39350.04296875
814.9119858159611,39348.890625
814.9324201718482,39351.6796875
814.9528547279624,39369.30859375
814.9732891841995,39362.75390625
814.9937235406687,39349.68359375
815.0141580972486,39359.859375
815.0345925540096,39354.68359375
815.0550269109444,39351.22265625
815.0754614681064,39342.51171875
815.0958959253912,39349.9453125
815.1163304828442,39352.12890625
815.1367648404776,39357.20703125
815.1571992982863,39349.35546875
815.1776338562631,39355.52734375
815.1980682144203,39346.77734375
815.218502672753,39361.97265625
815.2389372312537,39349.47265625
815.2593716898773,39368.2734375
815.279806048733,39355.3046875
815.3002406076994,39358.75390625
815.3206749669043,39345.1171875
815.3411095262272,39340.8359375
815.3615439857749,39348.60546875
815.3819783454455,39355.03125
815.4024129052923,39340.82421875
815.4228473653056,39340.9921875
815.4432817255001,39349.1640625
815.4637162858708,39350.72265625
815.484150746408,39364.55078125
815.5045853071279,39351.96484375
815.5250196679626,39353.4296875
815.5454541290237,39338.5546875
815.5658886902092,39341.703125
815.5863230516261,39347.828125
815.6067575131528,39339.78125
815.6271920748623,39340.828125
815.6476264367448,39340.5703125
815.6680608987954,39343.19140625
815.6884954610287,39326.74609375
815.7089298233768,39349.359375
815.7293643859521,39331.77734375
815.7497988487085,39355.81640625
815.7702333115813,39338.94140625
815.7906677746214,39349.87109375
815.8111022379017,39345.765625
815.8315367012983,39338.91015625
815.8519711648623,39352.0
815.87240562855,39344.0703125
815.8928401924641,39332.0703125
815.9132746565592,39330.73828125
815.93370902077,39317.80859375
815.954143585157,39326.86328125
815.974577949768,39335.35546875
815.9950124145034,39325.8828125
816.0154469793488,39321.3359375
816.0358813444327,39335.34375
816.056315809692,39311.96875
816.0767503750685,39308.15625
816.0971847406108,39300.70703125
816.1176193063948,39310.9375
816.1380537722871,39322.8984375
816.1584881383606,39321.8125
816.178922704552,39326.921875
816.1993571709754,39323.49609375
816.2197915375073,39325.28515625
816.2402261042807,39320.66796875
816.2606605711626,39307.12890625
816.2810951382271,39308.27734375
816.3015295054065,39311.49609375
816.3219639728195,39328.04296875
816.3423985404006,39319.453125
816.3628329081039,39309.58203125
816.3832673759753,39303.03515625
816.4037019440293,39312.34765625
816.4241364122572,39313.19921875
816.4445707805935,39294.66015625
816.4650053491714,39310.3125
816.485439817865,39314.078125
816.5058742867259,39311.94140625
816.5263087557687,39317.1953125
816.5467432249861,39311.94140625
816.5671776943127,39317.9921875
816.5876121638212,39301.58984375
816.6284811033547,39294.20703125
816.6489155733871,39326.29296875
816.6693501435948,39302.62890625
816.6897845139101,39293.53125
816.7102189844081,39293.35546875
816.7306535550742,39301.3515625
816.7510879259207,39296.4296875
816.7715223968844,39298.73046875
816.7919569680816,39291.10546875
816.8123913393865,39300.87109375
816.8328258108158,39299.568359375
816.8532603824715,39298.265625
816.8736947542493,39303.6171875
816.8941293262615,39305.98828125
816.9145637983893,39296.88671875
816.9349981706837,39280.68359375
816.9554327431033,39285.578125
816.9758672157477,39289.9765625
816.9963016885158,39288.0078125
817.0167361614003,39291.12890625
817.0371706345177,39283.70703125
817.0576052078031,39288.23046875
817.0780395812108,39291.69921875
817.0984740547865,39298.26171875
817.1189086284867,39281.41015625
817.1393431024189,39280.12109375
817.1597774764668,39277.16796875
817.1802120506836,39268.86328125
817.2006465250815,39270.5
817.2210808995878,39274.328125
817.2415154743358,39289.57421875
817.2619498491404,39274.91796875
817.282384424172,39278.59765625
817.3028188993849,39280.453125
817.3232532747134,39274.51953125
817.3436878502107,39282.05078125
817.3641223258892,39275.06640625
817.3845567016833,39265.921875
817.4049912776463,39276.66796875
817.4254257537905,39269.8046875
817.44586033011,39263.1640625
817.4662947065372,39261.37109375
817.486729183147,39262.18359375
817.5071637599322,39268.7265625
817.5275981368832,39256.41796875
817.5480326139586,39256.1875
817.5684671912095,39248.2265625
817.588901568568,39264.61328125
817.6093360461673,39254.73828125
817.6297706238838,39248.61328125
817.6502051017669,39246.421875
817.6706395797737,39238.55078125
817.6910740580133,39236.0703125
817.7115085363621,39251.3359375
817.7319430148345,39243.0234375
817.7523774935398,39239.6171875
817.7728119723542,39248.1328125
817.7932464512924,39250.19140625
817.8136809304633,39237.59765625
817.8341155097442,39238.33984375
817.8545499892061,39254.36328125
817.8749843687838,39222.34375
817.8954189485885,39236.21875
817.9158533284572,39220.078125
817.9362878085594,39240.08203125
817.9567223888298,39239.80859375
817.9771567691641,39231.6640625
818.0180258304099,39234.6484375
818.0384602112681,39231.01953125
818.0588947922952,39220.04296875
818.0793292734452,39211.55078125
818.099763654769,39213.1953125
818.1201982362691,39207.4453125
818.1406327178775,39224.7265625
818.1610671996677,39223.62890625
818.1815016816254,39227.3203125
818.2019361637067,39209.55859375
818.2223706459627,39198.0859375
818.2428051283932,39227.140625
818.2632396109329,39209.0703125
818.2836741936553,39218.47265625
818.3041086765443,39209.3203125
818.3245430595562,39200.29296875
818.3449776427442,39219.7421875
818.3654121260988,39215.078125
818.3858465095764,39198.2890625
818.4062810931719,39199.44140625
818.4267155769921,39045.765625
818.4471500609361,38971.39453125
818.4675845450547,38940.9296875
818.4880190292824,38940.61328125
818.5084535136921,38934.078125
818.5288879982763,38934.5625
818.549322382969,38952.06640625
818.569756967845,39037.578125
818.5901914528367,39192.12109375
818.6106258380605,39195.765625
818.6310604233367,39194.91015625
818.6514949088523,39195.13671875
818.6719294944778,39194.51953125
818.6923638802255,39204.09765625
818.7127983661485,39196.97265625
818.7332329522396,39186.81640625
818.7536673385111,39190.9453125
818.7741018248998,39200.609375
818.7945364113984,39203.8125
818.8149708981364,39194.16796875
818.8354053849325,39187.734375
818.8558398719542,39193.80078125
818.8762743590996,39192.109375
818.8967088464196,39199.30859375
818.9171433338488,39187.41015625
818.9375778214599,39193.6953125
818.9580123091873,39196.6328125
818.9784467970821,39192.578125
818.9988812851589,39191.3671875
819.0193158733455,39182.42578125
819.0397502617125,39189.1484375
819.0601848501974,39186.203125
819.0806192388554,39198.5
819.1010537276234,39199.71484375
819.1419227056904,39192.796875
819.1623571949312,39202.98046875
819.1827917843475,39206.34765625
819.2032261738786,39190.70703125
819.2236607635787,39210.41015625
819.2440952534598,39195.8515625
819.2645296434494,39186.58984375
819.2849642335641,39197.07421875
819.3053987238527,39186.15625
819.3258331143152,39213.984375
819.3462677048883,39192.015625
819.3667021956426,39196.82421875
819.387136686506,39215.65234375
819.4075711775513,39204.109375
819.4280056687712,39191.70703125
819.448440260101,39202.375
819.4688747515538,39204.49609375
819.4893091431804,39213.19140625
819.5097437349759,39215.44140625
819.5301782268943,39200.87890625
819.5506126189866,39216.96875
819.5710472111896,39218.390625
819.6119162960676,39206.3125
819.632350688742,39219.93359375
819.6527851815335,39227.99609375
819.6732197745005,39210.54296875
819.693654167575,39209.8125
819.7140886608322,39223.2109375
819.7345231542349,39224.3515625
819.7549576477759,39215.71875
819.7753921414696,39216.1171875
819.7958266352798,39223.8828125
819.8162611292573,39219.14453125
819.8366957233884,39219.25390625
819.8571301176635,39231.4375
819.8775646120775,39209.3125
819.8979992066452,39226.69921875
819.9184336013568,39228.07421875
819.9388680961783,39226.640625
819.9593026911825,39229.9453125
819.9797370863307,39241.078125
820.0001716816187,39217.11328125
820.0206061770587,39221.484375
820.0410406726442,39238.640625
820.0614751683679,39235.9921875
820.0819096642153,39228.58984375
820.1023441602301,39241.71875
820.1227786563977,39249.90625
820.1432131526817,39232.578125
820.1636476491403,39237.33984375
820.184082245738,39237.5546875
820.2045166424577,39259.5859375
820.2249512393464,39247.1484375
820.245385736358,39249.703125
820.2658201335144,39252.44921875
820.2862547308105,39258.45703125
820.3066892282586,39252.03515625
820.3271236258515,39247.46875
820.3475582235842,39249.953125
820.3679927214689,39265.59375
820.3884271194984,39258.58203125
820.4088617176385,39268.51953125
820.429296115959,39273.5859375
820.4497307144266,39258.15234375
820.4701652130025,39272.63671875
820.4905996117304,39270.41015625
820.5110342106345,39284.59765625
820.531468709647,39273.36328125
820.5519032087832,39280.73828125
820.572337708094,39277.4140625
820.592772207543,39278.05078125
820.6132068071456,39280.578125
820.6336412068631,39282.8671875
820.6540757067196,39304.86328125
820.6745103067296,39291.3671875
820.6949448069136,39295.0234375
820.7153792071767,39296.27734375
820.7358138076233,39285.60546875
820.7562483082147,39303.359375
820.7766827089144,39290.37109375
820.7971173097685,39294.73046875
820.8175518107673,39298.1640625
820.8379864119051,39288.765625
820.8584208131651,39287.859375
820.8992899161458,39291.5078125
820.9197243178423,39305.82421875
820.9401588196852,39310.30078125
820.960593421667,39307.359375
820.981027823771,39320.578125
821.0014624260511,39322.21875
821.0218968284389,39312.60546875
821.0423313309511,39320.83203125
821.0627659336315,39320.1953125
821.083200336434,39308.05859375
821.1036348394118,39323.7578125
821.1240694425069,39316.49609375
821.1445038457096,39327.046875
821.1649383490949,39328.97265625
821.1853729525901,39328.15234375
821.2058073562366,39346.390625
821.2262419600302,39328.125
821.2466764639685,39332.203125
821.2671109680159,39329.34375
821.2875454722162,39331.71484375
821.3079799765546,39336.66796875
821.3284144810168,39341.5546875
821.3488490856544,39334.55078125
821.3692834903777,39341.66015625
821.3897180952699,39351.61328125
821.4101526002851,39347.40234375
821.4305870054377,39334.6171875
821.4510216107446,39356.53515625
821.4714561161964,39335.390625
821.4918905217346,39325.04296875
821.5123251274708,39346.33203125
821.5327596333009,39346.99609375
821.5531940392684,39344.6171875
821.5736286453903,39347.77734375
821.5940631516569,39351.6875
821.6144977580334,39337.1171875
821.6349321645612,39364.484375
821.6553666712352,39350.90625
821.6758011780184,39352.77734375
821.6962356849544,39361.4765625
821.716670192036,39349.40625
821.7371046992266,39361.6484375
821.7575392065701,39356.9375
821.7779738140598,39356.609375
821.7984082216572,39348.859375
821.8188427294081,39354.09375
821.8392773372761,39364.84375
821.8597118453108,39352.859375
821.8801462534393,39357.234375
821.9005808617367,39360.80078125
821.921015370157,39366.16796875
821.9414497786929,39363.03515625
821.9618843873759,39364.15234375
821.9823188961964,39379.67578125
822.0027534051696,39360.4609375
822.023187914252,39363.8046875
822.0436224234872,39345.41015625
822.0640570328396,39367.359375
822.0844914423069,39363.07421875
822.1049259519423,39364.82421875
822.1253605617021,39371.203125
822.1457949715987,39362.32421875
822.1662294816197,39358.01171875
822.1866640917578,39356.28125
822.2070985020691,39369.640625
822.2275331124911,39367.1875
822.247967623036,39373.34375
822.2684020337183,39374.9140625
822.2888366445259,39388.22265625
822.3092711554782,39361.0
822.3297055665753,39355.7734375
822.350140177783,39371.45703125
822.370574589142,39377.84765625
822.3910092006117,39359.296875
822.4114437122334,39368.5703125
822.4318782239716,39355.47265625
822.452312735848,39376.2578125
822.472747247848,39357.87109375
822.4931817599936,39379.44921875
822.5136162722483,39365.83984375
822.5340507846558,39373.23828125
822.5544852971798,39361.25390625
822.5953543226278,39364.4375
822.61578893556,39374.51953125
822.6362234486005,39381.16796875
822.6566578617931,39372.171875
822.6770924751036,39378.515625
822.6975269885515,39369.609375
822.7179614021225,39362.578125
822.7383960158404,39363.81640625
822.7588305296667,39369.921875
822.7792651436466,39369.78515625
822.7996995577414,39385.51171875
822.8201340719461,39372.1484375
822.8405686863043,39379.26953125
822.8610031007775,39373.6171875
822.8814376153896,39375.0078125
822.9018721301254,39376.34765625
822.9223066449777,39376.37890625
822.9427411599972,39374.97265625
822.9631756751114,39371.2578125
822.9836101903711,39356.22265625
823.0040448057698,39359.75390625
823.0244792212616,39367.94140625
823.0449137368996,39367.6015625
823.0653483526767,39371.51171875
823.0857828685766,39359.32421875
823.1062172845923,39371.83984375
823.1266519007477,39356.09765625
823.147086417026,39366.88671875
823.1675209334207,39373.2578125
823.1879554499537,39365.32421875
823.2083899666104,39363.53515625
823.2288245834061,39373.09765625
823.249259000324,39358.6953125
823.269693517359,39371.3046875
823.290128134533,39362.80078125
823.3105625518292,39361.75
823.3309970692717,39354.33984375
823.351431686795,39359.49609375
823.3718661044695,39333.8671875
823.3923007222911,39335.375
823.412735240192,39359.9921875
823.4331696582449,39345.7578125
823.4536042764448,39352.58984375
823.4740387947531,39352.50390625
823.4944732131844,39333.62890625
823.5149078317336,39342.07421875
823.5353423504203,39340.71875
823.5557768692306,39335.33984375
823.5762113881574,39342.140625
823.5966459072224,39349.95703125
823.6170804264111,39345.30078125
823.6375149457162,39355.09765625
823.6579494651305,39348.0390625
823.6783839846976,39333.3203125
823.698818504381,39338.9765625
823.7192530242028,39331.37109375
823.739687644149,39337.07421875
823.7601220641809,39332.5078125
823.7805566843817,39331.67578125
823.8009912046764,39346.44921875
823.8214256250867,39330.15625
823.8418602456368,39328.56640625
823.8622947663389,39334.92578125
823.8827291871276,39342.66796875
823.903163808056,39336.09765625
823.9235983291073,39338.19921875
823.9440329502686,39323.08203125
823.964467371552,39354.68359375
823.9849018929817,39336.06640625
824.0053365145286,39332.58984375
824.0257709361831,39320.84375
824.0462054579621,39320.66015625
824.06664007988,39315.38671875
824.087074501891,39321.26953125
824.1075090240483,39328.15234375
824.1279436463228,39321.2890625
824.1483780687049,39322.2734375
824.1688126912413,39332.45703125
824.1892471138635,39338.0078125
824.2096817366255,39325.625
824.2301162595104,39334.89453125
824.250550682511,39322.078125
824.2709852056214,39322.97265625
824.2914198288854,39311.69921875
824.3118543522578,39320.7734375
824.3322888757539,39329.58984375
824.3527233993664,39326.37109375
824.373157923088,39318.89453125
824.3935924469333,39336.0
824.4140269709242,39338.671875
824.4344614950242,39322.44140625
824.4548961192195,39327.33984375
824.4753305435588,39312.2734375
824.495765068008,39331.3046875
824.5161996926108,39316.97265625
824.5366341172994,39314.1953125
824.5570687420986,39315.26171875
824.5775032670208,39328.10546875
824.5979376920877,39322.02734375
824.6183723172653,39304.2890625
824.6592412679529,39308.41796875
824.6796758934797,39324.06640625
824.7001104191586,39310.7265625
824.7205450449255,39308.12109375
824.7409794708001,39301.24609375
824.7614139968282,39314.4296875
824.7818486229371,39316.578125
824.8022830491682,39316.9609375
824.8227175755455,39308.90625
824.8431521020393,39316.43359375
824.8635866286131,39293.0078125
824.8840211553397,39309.30859375
824.9044556821536,39308.671875
824.9248902091058,39321.8359375
824.9453248361824,39309.15234375
824.9657593633747,39314.64453125
824.9861937906753,39304.5703125
825.0066284181012,39306.3359375
825.0270629456354,39293.9765625
825.0474973732926,39302.7578125
825.0679320010677,39304.99609375
825.0883665289584,39304.83203125
825.1088011569591,39302.19921875
825.1292355850965,39303.30859375
825.1496701133292,39312.79296875
825.1701047417009,39303.24609375
825.190539170173,39308.796875
825.2109736987622,39304.89453125
825.2314083274614,39309.921875
825.2518427562827,39297.1015625
825.2722772852139,39296.6484375
825.2927119142696,39313.09375
825.3131463434402,39301.96484375
825.3335809727214,39308.9140625
825.3540155021255,39292.3125
825.3744500316461,39296.921875
825.3948845612758,39308.30078125
825.4153190910147,39302.58203125
825.43575362087,39306.53515625
825.4561881508489,39297.546875
825.4766226809224,39305.31640625
825.4970572111415,39311.91796875
825.5174917414552,39310.08984375
825.5379262718925,39296.81640625
825.5787953330946,39296.70703125
825.5992298638812,39284.6015625
825.6196644947704,39290.67578125
825.6400989257672,39286.48046875
825.6605334568885,39279.9453125
825.680968088127,39299.7578125
825.7014025194585,39289.29296875
825.7218371509152,39300.375
825.7422716825022,39290.96875
825.7627061141684,39281.09375
825.7831407459744,39282.13671875
825.8035752778815,39278.984375
825.8240097098969,39283.25
825.8444443420376,39292.96484375
825.8648788742794,39287.42578125
825.8853133066295,39288.10546875
825.9057479391049,39291.36328125
825.9261824716959,39286.7734375
825.9466171043969,39292.3359375
825.9670515372054,39289.2734375
825.9874860701311,39284.44140625
826.0079207031667,39286.2734375
826.0283551362954,39272.15625
826.0487896695558,39283.03125
826.0692243029262,39280.16015625
826.0896587364041,39284.46875
826.1100933699927,39294.7109375
826.1305279037042,39278.296875
826.1509623375023,39286.6796875
826.1713969714328,39289.9453125
826.1918315054572,39273.015625
826.2122659396045,39285.88671875
826.232700573848,39287.40625
826.2531351082143,39277.4765625
826.2735695426964,39269.63671875
826.2940041772817,39279.59765625
826.3144387119755,39288.83984375
826.3348733467938,39300.19140625
826.3553077816905,39296.34765625
826.3757423167117,39279.7265625
826.3961769518501,39280.34765625
826.4166113871033,39290.45703125
826.4370459224374,39304.04296875
826.457480557925,39297.40625
826.4779149934766,39284.6796875
826.4983496291679,39300.0859375
826.5187841649604,39271.14453125
826.5392186008539,39296.37109375
826.5596532368581,39286.2109375
826.5800877729853,39293.46484375
826.6005223091925,39282.921875
826.6209568455233,39311.12890625
826.6413913819706,39286.83984375
826.6618259185125,39294.26171875
826.682260455178,39280.19921875
826.7026949919455,39289.1796875
826.7231296288228,39287.81640625
826.7435640657932,39286.02734375
826.7639986028807,39291.58203125
826.7844332400782,39286.609375
826.8048676773687,39295.953125
826.8253022147765,39300.74609375
826.8457368522941,39300.82421875
826.8661712899338,39291.03515625
826.8866058276617,39294.72265625
826.9070404654849,39286.75390625
826.9274749034303,39297.12890625
826.947909541479,39311.50390625
826.9683440796362,39297.87890625
826.9887785178871,39314.15234375
827.0092131562706,39289.4140625
827.0296476947333,39299.63671875
827.0500821333189,39288.98828125
827.0705167720153,39285.953125
827.0909513108054,39279.26953125
827.1113859497127,39296.625
827.1318203887204,39287.7890625
827.1522549278088,39286.18359375
827.1726895670363,39294.46875
827.1931240063423,39300.07421875
827.2135585457581,39286.91015625
827.2339931853057,39284.26953125
827.2544277249326,39275.7265625
827.2748621646679,39305.80078125
827.2952968045211,39289.73046875
827.3157313444535,39282.6328125
827.3361658845097,39289.57421875
827.3566004246823,39300.28125
827.3770349649349,39302.08984375
827.3974695052966,39297.94140625
827.4179040457748,39299.05078125
827.4383384863322,39308.609375
827.4587731270149,39302.3828125
827.4792076677986,39286.34375
827.4996423086777,39288.97265625
827.5200767496499,39301.54296875
827.5405112907538,39298.6328125
827.5609459319385,39288.140625
827.5813803732453,39308.72265625
827.6018149146403,39296.484375
827.6222495561451,39312.48828125
827.642683997743,39302.17578125
827.6631185394581,39305.00390625
827.683553181254,39309.4609375
827.703987623172,39308.609375
827.7244222651789,39304.1796875
827.7448568072941,39306.40234375
827.765291349504,39305.6171875
827.7857258918302,39319.1328125
827.8061604342438,39315.453125
827.8265949767665,39306.6953125
827.8470295193983,39314.19140625
827.8674640621175,39308.46875
827.8878986049458,39305.84375
827.908333147876,39306.16796875
827.9287676909007,39316.06640625
827.9492023340354,39311.5546875
827.9696368772711,39331.51171875
827.9900713205861,39302.9765625
828.0105059640191,39306.921875
828.0309404075524,39321.8828125
828.0513749511738,39308.51171875
828.0718095949196,39304.86328125
828.092244038744,39312.16796875
828.112678682679,39316.671875
828.1331132267151,39301.2265625
828.153547670845,39312.22265625
828.1739823150783,39326.0859375
828.1944168594127,39328.81640625
828.214851303841,39325.9453125
828.2352859483581,39315.984375
828.2557204929908,39305.6171875
828.2761549377174,39320.640625
828.2965895825473,39310.40625
828.3170241274784,39316.953125
828.3374587724975,39320.1328125
828.3578932176242,39308.22265625
828.3783277628463,39313.578125
828.3987624081637,39343.41015625
828.4191968535815,39317.24609375
828.4396313991019,39309.14453125
828.4600660447104,39323.5859375
828.4805005904273,39319.03125
828.5009351362387,39323.57421875
828.5213696821447,39305.66796875
828.5622387742551,39312.30078125
828.5826733204522,39326.76171875
828.6031078667511,39329.05859375
828.6235425131526,39316.625
828.64397695964,39328.1484375
828.66441150623,39339.671875
828.6848460529145,39316.6796875
828.7052805996864,39317.35546875
828.7257152465754,39315.8359375
828.7461496935503,39320.12890625
828.7665842406132,39307.97265625
828.7870188877932,39330.99609375
828.8074533350518,39315.1015625
828.8278878824058,39325.5625
828.8483225298696,39317.46875
828.8687569774193,39326.2890625
828.8891915250642,39335.30078125
828.9096261728046,39334.9765625
828.9300606206452,39327.40234375
828.9504952685747,39312.2734375
828.9709298166126,39334.6796875
828.9913643647378,39342.453125
829.0117989129503,39335.04296875
829.0322334612647,39330.63671875
829.0526680096809,39335.7421875
829.0731025581772,39341.12890625
829.0935371067753,39332.53515625
829.1139717554615,39323.77734375
829.1344063042488,39358.41796875
829.15484075313,39345.3828125
829.1752754021072,39338.18359375
829.195709951171,39331.96875
829.2161444003359,39338.015625
829.2365790495896,39327.25390625
829.2570135989445,39343.87109375
829.2774480483858,39346.26953125
829.2978826979161,39337.2421875
829.3183172475474,39334.28515625
829.338751797266,39327.125
829.3591863470792,39331.49609375
829.3796207969863,39333.93359375
829.4000554469967,39337.58984375
829.4204899970937,39353.36328125
829.4409244472699,39344.5859375
829.4613590975569,39330.4921875
829.481793647923,39334.9921875
829.5022282983846,39328.98046875
829.5226627489392,39355.1015625
829.5430972995819,39329.76953125
829.5635319503272,39327.578125
829.5839664011582,39339.85546875
829.6044009520774,39343.03125
829.6248356030992,39332.89453125
829.6452701542075,39341.65625
829.6657046053951,39342.921875
829.6861392566861,39338.7421875
829.7065738080637,39346.83203125
829.7270083595286,39330.8125
829.7474429110953,39344.05078125
829.7678774627493,39341.609375
829.7883121144914,39349.19921875
829.8087465663193,39350.62890625
829.8291811182498,39348.54296875
829.8496157702612,39359.10546875
829.8700502223583,39354.43359375
829.8904848745588,39345.55859375
829.9109193268305,39355.5
829.9313538792048,39351.69921875
829.9517885316745,39345.6875
829.9722229842228,39347.87890625
829.9926575368663,39351.01953125
830.0130921896052,39352.05859375
830.0335266424154,39343.4921875
830.0539611953209,39349.02734375
830.0743958483217,39359.80078125
830.0948303014084,39350.40234375
830.1152649545911,39345.4296875
830.1356995078604,39357.12890625
830.1561339612017,39361.03125
830.1765686146537,39354.4140625
830.1970031681776,39353.015625
830.2174377217889,39350.6171875
830.237872275502,39350.1171875
830.2583068292952,39358.17578125
830.2787413831757,39346.109375
830.2991759371507,39350.66796875
830.3196104911985,39361.9296875
830.3400451453563,39350.2734375
830.3604796995933,39352.65234375
830.3809141539023,39351.18359375
830.4013488083074,39353.1171875
830.4217833628063,39339.734375
830.4422178173772,39336.97265625
830.4626524720516,39357.8828125
830.4830870268124,39366.39453125
830.5035216816541,39355.30078125
830.5239561365743,39359.859375
830.5443906915898,39357.48828125
830.5648252466854,39355.33203125
830.5852598018682,39355.625
830.6056943571457,39359.98828125
830.6261289125032,39375.15234375
830.646563467948,39358.125
830.6669979234721,39363.140625
830.6874325790923,39357.83203125
830.7078671347845,39359.4375
830.7283017905793,39360.45703125
830.748736246438,39359.11328125
830.7691708023995,39356.86328125
830.7896054584489,39371.78125
830.8100399145696,39376.08984375
830.8304744707784,39373.875
830.8509091270826,39357.4921875
830.8713436834514,39369.12890625
830.8917782399221,39374.50390625
830.9122127964729,39361.4609375
830.9326473531037,39373.73046875
830.9530819098218,39366.47265625
830.9735164666272,39360.78515625
830.9939510235054,39370.76953125
831.0143856804789,39374.953125
831.0348201375236,39375.83984375
831.0552546946565,39382.4921875
831.0756893518846,39366.078125
831.0961238091841,39377.6640625
831.116558466565,39381.765625
831.1369930240398,39376.85546875
831.1574274815866,39384.97265625
831.177862139215,39368.3671875
831.1982965969291,39369.7734375
831.2187311547314,39364.09375
831.2391658126144,39372.06640625
831.2596002705759,39361.16015625
831.2800348286255,39368.72265625
831.3004694867559,39380.07421875
831.3209039449648,39372.16015625
831.3413386032553,39374.05078125
831.361773161625,39372.8203125
831.3822077200821,39371.078125
831.4026422786192,39370.15234375
831.4230768372436,39369.546875
831.4435113959407,39370.76171875
831.4639459547252,39369.1796875
831.4843805135752,39376.99609375
831.5048151725277,39363.28515625
831.5456841906489,39354.6015625
831.5661188498489,39354.4609375
831.5865534091063,39365.52734375
831.6069878684502,39355.296875
831.627422527883,39356.0234375
831.6478570873805,39362.31640625
831.6682915469646,39372.09765625
831.6887262066448,39370.3828125
831.7091607663824,39371.13671875
831.7295954262227,39378.52734375
831.7704644460973,39358.1171875
831.7908991061704,39354.3359375
831.8113335663147,39355.5859375
831.8317681265326,39374.63671875
831.8522026868377,39350.1171875
831.8726372472229,39354.3515625
831.8930719076816,39362.484375
831.9135063682115,39356.421875
831.9339409288295,39350.7578125
831.9543755895284,39358.640625
831.9748100502984,39352.125
831.9952446111565,39350.734375
832.0156792720882,39340.6953125
832.0361138330991,39341.8203125
832.0565482941747,39343.58203125
832.0769829553392,39345.625
832.0974175165829,39356.92578125
832.1178520779067,39347.24609375
832.138286639296,39350.58984375
832.1587212007726,39341.85546875
832.1791557623292,39344.0703125
832.199590323944,39344.0625
832.2200248856534,39348.60546875
832.2404595474363,39336.671875
832.2608940092905,39341.4296875
832.2813286712335,39337.6015625
832.3017632332412,39346.6171875
832.3221976953209,39341.81640625
832.3426323574895,39335.59765625
832.36306691973,39350.8046875
832.3835013820426,39330.3359375
832.403936044444,39351.83203125
832.4243706069028,39331.33203125
832.4448050694482,39336.08203125
832.4652397320679,39331.19921875
832.4856742947595,39347.5078125
832.5061088575312,39340.984375
832.526543420383,39331.20703125
832.5469778832994,39335.91796875
832.5674125462974,39336.3046875
832.5878471093602,39334.71875
832.6082816725029,39333.8515625
832.6287162357257,39340.54296875
832.6491507990213,39342.65234375
832.6695853623823,39324.63671875
832.6900200258387,39343.68359375
832.7104544893518,39341.875
832.7308891529392,39334.859375
832.7513237166058,39348.46875
832.7717581803445,39341.62109375
832.7921928441574,39334.5859375
832.8126274080423,39338.140625
832.8330618720065,39327.9375
832.8534965360304,39323.35546875
832.8739311001409,39332.47265625
832.8943657643249,39322.875
832.9148002285729,39335.9765625
832.9352347929016,39339.8828125
832.9556694572966,39327.0546875
832.9761039217628,39337.60546875
832.9965384863099,39335.4609375
833.0169731509304,39324.140625
833.0374076156077,39327.3125
833.057842180373,39335.5234375
833.0782768452191,39323.59765625
833.0987113101,39320.328125
833.119145975099,39321.6875
833.13958044014,39327.515625
833.1600150052618,39324.1796875
833.1804496704644,39333.92578125
833.2008841357238,39337.40625
833.2213187010348,39331.89453125
833.2417533664557,39315.46875
833.262187931934,39321.359375
833.2826224974779,39321.09375
833.3030570631017,39320.875
833.3234916287765,39318.43359375
833.3439261945314,39305.78125
833.3643607603735,39316.78515625
833.3847953262739,39311.703125
833.405229992255,39316.78515625
833.4256644583002,39307.1875
833.446099024397,39302.3671875
833.4665336905891,39305.20703125
833.486968156838,39302.265625
833.5074028231538,39297.26171875
833.527837389549,39308.3515625
833.5482718560015,39296.94921875
833.5687065225356,39313.58984375
833.58914108912,39296.3515625
833.6095755558053,39291.2578125
833.6300102225432,39296.01953125
833.6504447893458,39299.98046875
833.6708793562211,39294.8671875
833.6913139231619,39294.41796875
833.7117484901682,39303.140625
833.7321831572481,39288.8125
833.7526176243919,39290.7578125
833.7730521916164,39295.21484375
833.7934867588992,39294.9296875
833.8139213262475,39289.6953125
833.8343558936613,39294.390625
833.8547904611623,39299.3828125
833.8752250287143,39294.1484375
833.8956596963471,39293.8359375
833.9160942640374,39291.83203125
833.9365287317924,39298.03125
833.9569633996143,39277.21484375
833.9773979675228,39318.78515625
833.997832435467,39278.4609375
834.0182671035072,39280.5859375
834.0387016715904,39283.69140625
834.0591361397383,39278.41015625
834.0795708079822,39286.59765625
834.1000053762691,39293.78125
834.1204400446368,39284.08984375
834.1408745130539,39261.98828125
834.161309081559,39274.66015625
834.1817437501013,39276.3828125
834.2021782187221,39267.796875
834.2226127874164,39267.859375
834.243047456177,39272.01171875
834.263481924987,39281.37109375
834.283916593864,39275.2734375
834.3043511628202,39267.25390625
834.324785631834,39281.296875
834.3452203009219,39269.27734375
834.3656548700746,39280.25390625
834.3860894392783,39279.28125
834.4065240085329,39267.78125
834.426958577882,39281.99609375
834.4473930472886,39260.47265625
834.4678277167695,39264.328125
834.4882622863006,39265.203125
834.5291314255446,39262.0546875
834.5495659952576,39270.73828125
834.5700006650586,39272.828125
834.5904351349163,39277.28125
834.6108697048257,39260.296875
834.6313043748014,39262.27734375
834.651738844841,39254.33984375
834.6721735149476,39248.62109375
834.6926080851263,39252.99609375
834.7130425553551,39247.40234375
834.7334772256509,39254.19140625
834.7539117960041,39257.8046875
834.7743462664075,39250.046875
834.794780936907,39257.6015625
834.8152155074495,39255.2734375
834.835649978042,39236.75
834.8560846487162,39248.48828125
834.8765192194478,39249.1484375
834.8969538902456,39242.1796875
834.9173883610929,39240.44140625
834.9378229320137,39256.21484375
834.9582576029861,39254.0859375
834.9786920740225,39251.23828125
834.9991266451325,39257.02734375
835.0195612162934,39257.109375
835.0399958875059,39251.56640625
835.0604303587897,39266.53515625
835.0808650301406,39248.8125
835.1012995015408,39249.67578125
835.121734173008,39236.890625
835.1421687445254,39244.421875
835.1626032161148,39238.41796875
835.1830378877785,39230.4765625
835.2034724594632,39234.9296875
835.2239069312418,39243.70703125
835.2443416030728,39232.796875
835.264776174954,39258.8359375
835.2852108469087,39250.76953125
835.3056453189056,39243.2890625
835.3260798909687,39241.65234375
835.346514563098,39244.22265625
835.3669490352768,39238.99609375
835.3873836075218,39239.75390625
835.4078182798257,39243.890625
835.4282527521864,39260.3203125
835.4486873246133,39250.79296875
835.4691219970919,39240.875
835.4895564696199,39239.67578125
835.5099911422294,39231.734375
835.5304257148819,39236.41796875
835.5508602875852,39245.859375
835.5712948603541,39244.01953125
835.5917294331957,39230.10546875
835.6121640060883,39248.32421875
835.6325985790318,39228.31640625
835.6530331520335,39226.3671875
835.6734677250861,39244.13671875
835.6939022982042,39244.35546875
835.7143368713805,39232.08984375
835.7347714446078,39230.421875
835.7552060179005,39240.84765625
835.7756405912514,39227.05078125
835.7960752646541,39237.62890625
835.8165097380916,39242.234375
835.8369443116171,39237.00390625
835.8573789851944,39223.56640625
835.8778134588065,39245.20703125
835.8982481325074,39240.80859375
835.9186827062586,39233.4921875
835.9391171800453,39178.6015625
835.9595518538918,39045.31640625
835.9799864278175,39013.31640625
836.0004209017497,39020.37109375
836.0208555757999,38997.30859375
836.0412901498712,39012.375
836.0617248240087,39019.9375
836.0821592981738,39049.7421875
836.1025938724197,39160.625
836.1230285467318,39246.953125
836.1434630210715,39240.63671875
836.1638975954629,39247.078125
836.1843322699497,39241.26953125
836.204766744464,39236.9765625
836.22520131903,39243.09765625
836.2456359936623,39238.44921875
836.2660705683229,39238.80078125
836.2865051430636,39230.52734375
836.3069397178697,39258.6484375
836.3273742926976,39253.2578125
836.3478088675911,39254.96875
836.3682434425427,39234.8203125
836.3886779175518,39248.87890625
836.4091125925843,39244.87890625
836.4295471677106,39254.3203125
836.4499816428652,39257.609375
836.4704163180722,39241.93359375
836.490850893344,39259.6328125
836.5112855686675,39254.41015625
836.5317200440259,39258.5390625
836.5521546194723,39270.20703125
836.5725892949413,39267.296875
836.5930237704742,39267.68359375
836.6134583460662,39246.94921875
836.6338930216807,39266.8046875
836.6543274973883,39265.91796875
836.6747621731265,39262.98828125
836.6951967489149,39266.05078125
836.7156312247389,39269.19140625
836.7360659006517,39271.4453125
836.7565004765856,39260.19140625
836.776935052585,39263.4296875
836.7973696286426,39266.5703125
836.817804204722,39261.2421875
836.8382387808961,39260.15625
836.8586733570992,39269.23828125
836.8791079333241,39276.5078125
836.8995426096444,39279.19921875
836.9199770859923,39292.23828125
836.9404116623919,39288.8671875
836.9608463388577,39284.46875
836.9812808153802,39285.34765625
837.0017153919252,39286.52734375
837.0221500685366,39294.6796875
837.0425845451755,39293.9296875
837.0630192218669,39291.31640625
837.0834537986229,39289.06640625
837.1038882754365,39300.125
837.1243229522734,39300.36328125
837.144757529175,39294.1484375
837.165192006134,39301.3359375
837.1856266831455,39301.4296875
837.2060612601927,39302.2578125
837.2264957372972,39299.68359375
837.2469304144252,39292.671875
837.2673649916178,39316.37890625
837.2877996688621,39305.77734375
837.3082341461704,39315.21484375
837.3286687235086,39312.85546875
837.3491034009057,39322.171875
837.3695378783232,39315.03125
837.3899724558069,39320.80078125
837.4104071333422,39328.47265625
837.4308417109423,39320.5078125
837.4512761885417,39315.70703125
837.4717108662226,39330.49609375
837.5125800217429,39317.38671875
837.5330145995395,39346.96484375
837.5534491774015,39325.609375
837.5738837553217,39318.2734375
837.5943183332638,39327.59375
837.6147529112714,39329.50390625
837.6351874893371,39334.2734375
837.6556220674247,39322.47265625
837.6760567455785,39227.0859375
837.69649122376,39109.30859375
837.716925801993,39083.28125
837.7373604802633,39080.8125
837.7577949586193,39071.36328125
837.7782295369689,39081.390625
837.7986642153846,39086.6015625
837.8190986938571,39146.5390625
837.8395332723812,39311.8046875
837.8599679509134,39342.52734375
837.8804024295314,39340.6171875
837.9008371081727,39339.421875
837.9212716868496,39352.4765625
837.9417062656139,39338.69921875
837.9621408443709,39350.52734375
837.9825754231933,39349.41796875
838.003010002074,39357.32421875
838.0234445809765,39351.671875
838.0438791599445,39353.67578125
838.0643138389423,39362.0859375
838.0847483179896,39345.453125
838.105182897074,39362.5703125
838.1256175762101,39344.5546875
838.1460521553818,39351.25390625
838.1664866346109,39384.0703125
838.1869213138998,39351.5625
838.2073557931799,39356.27734375
838.2277903725262,39359.5390625
838.2482250519242,39366.15234375
838.2686595313571,39360.4453125
838.2890942108497,39355.4375
838.3095287903707,39364.0
838.3299632699418,39363.0625
838.3503979495508,39344.6484375
838.3708325291809,39356.26171875
838.3912670088757,39346.43359375
838.4117016886012,39367.625
838.4321362684132,39367.5
838.4525707482171,39365.546875
838.4730054280881,39377.79296875
838.4934400079801,39362.36328125
838.5138746879384,39370.296875
838.5343091679242,39371.32421875
838.5547437479399,39372.6015625
838.5751784280073,39376.16796875
838.5956130081104,39365.20703125
838.6160474882636,39370.42578125
838.6364821684547,39380.4453125
838.6569167487032,39386.85546875
838.6773513289445,39360.0390625
838.6977859092804,39372.8828125
838.7182204896162,39349.42578125
838.7386551700329,39365.29296875
838.7590896504553,39363.53125
838.7795242309367,39356.91796875
838.7999589114406,39372.640625
838.8203933920086,39373.03125
838.8408279725772,39368.3359375
838.861262553226,39382.01953125
838.881697133882,39372.8203125
838.902131814626,39374.0859375
838.9225662953613,39362.23046875
838.9430008761628,39358.40234375
838.9634355569942,39372.06640625
838.9838700378459,39356.6171875
839.0043046187639,39376.2578125
839.0247392997117,39373.58203125
839.0451737806798,39379.90625
839.0656084617149,39386.31640625
839.0860430428074,39364.26953125
839.106477523892,39371.9921875
839.1269122050435,39374.53515625
839.1473467861942,39376.80859375
839.167781367425,39375.12890625
839.1882159486631,39361.63671875
839.2086505299594,39387.68359375
839.2290851113066,39358.2890625
839.2495196926611,39378.73828125
839.2699542740738,39372.1484375
839.2903889555091,39374.49609375
839.31082353698,39363.96484375
839.3312580185084,39362.19921875
839.3516927000601,39369.26171875
839.3721272816474,39364.16015625
839.3925617632631,39358.6171875
839.4129964449312,39371.45703125
839.4334310266349,39375.88671875
839.4538657083613,39375.37109375
839.4743001901516,39360.38671875
839.4947347719426,39366.60546875
839.5151693537919,39372.29296875
839.535603935663,39378.88671875
839.5560384175697,39373.80078125
839.5764730995288,39371.23828125
839.5969076815236,39356.8359375
839.6173421635467,39387.6171875
839.6377768456005,39355.203125
839.6582114277044,39374.47265625
839.6786461098163,39371.5234375
839.6990805919777,39353.8359375
839.7195151741762,39352.34765625
839.7399498564337,39363.85546875
839.7603843386896,39363.91796875
839.7808189209973,39369.8984375
839.801253603313,39350.9296875
839.8216881856788,39362.30859375
839.8421227681101,39357.3046875
839.8625573505415,39361.390625
839.8829919330237,39373.73046875
839.9034265155133,39355.60546875
839.923861098061,39356.12890625
839.9442956806306,39356.49609375
839.9647303632373,39351.625
839.9851648458716,39361.21484375
840.0055994285285,39346.1640625
840.0260341112516,39343.8125
840.0464685940024,39352.11328125
840.0669032767764,39357.359375
840.0873378595861,39365.1796875
840.1077723424241,39367.71875
840.1282070252855,39361.3671875
840.1486415081818,39333.16015625
840.169076091137,39354.05859375
840.1895107741148,39352.81640625
840.2099452570983,39364.46875
840.2303798401408,39346.32421875
840.2508145232059,39359.93359375
840.2712490062768,39350.125
840.2916836894001,39352.734375
840.3121182725881,39343.87890625
840.3325527557754,39357.64453125
840.3529874389933,39346.265625
840.3734220222323,39360.7734375
840.3938566055367,39352.4375
840.4142911888339,39340.16015625
840.4347257721965,39355.17578125
840.4551604555891,39347.0703125
840.4960295224228,39345.421875
840.5164642059026,39342.45703125
840.5368987893744,39356.91015625
840.5573332729109,39347.66796875
840.577767956478,39345.94140625
840.5982025400663,39351.3203125
840.6186370236901,39365.21484375
840.6390717073446,39345.87890625
840.6595062910201,39345.5390625
840.679940874732,39348.48828125
840.700375458473,39335.0546875
840.7208100422358,39341.98828125
840.7412447260067,39330.83203125
840.7616792098343,39339.3125
840.7821137937135,39329.37109375
840.8025483776,39339.16015625
840.8229829614866,39349.3515625
840.8434176454248,39334.46484375
840.863852129427,39332.2265625
840.8842867134299,39329.0390625
840.9047213974263,39338.6171875
840.9251558814867,39332.90625
840.9455904655479,39345.30859375
840.9660251496607,39326.22265625
840.9864597338383,39351.296875
841.0068942179569,39333.703125
841.0273289021861,39326.57421875
841.0477634864219,39333.44921875
841.0681980706577,39318.34765625
841.0886326549444,39336.31640625
841.1090672392384,39341.8671875
841.1295018235323,39335.28125
841.1499364079355,39329.41796875
841.1703709922876,39339.30859375
841.1908056766988,39337.3671875
841.2112401611594,39323.96875
841.2316748456287,39333.82421875
841.2521094300901,39319.89453125
841.2725439146161,39340.1796875
841.2929785991437,39324.28515625
841.3134131837287,39323.484375
841.3338476683057,39324.5390625
841.3542823529497,39323.76953125
841.3747169375856,39328.88671875
841.3951514222281,39319.671875
841.4155861069303,39331.1875
841.4360206916317,39324.6640625
841.4564552763841,39319.140625
841.4768898612019,39322.75
841.4973243459608,39318.71484375
841.5177590307721,39321.09375
841.5381936156482,39313.1484375
841.5586282005243,39299.63671875
841.579062785393,39291.89453125
841.5994973703273,39294.0234375
841.619932055255,39309.89453125
841.6403665402468,39321.421875
841.6608011252392,39301.390625
841.6812358102252,39308.5546875
841.7016703952759,39297.66796875
841.7221048803258,39316.29296875
841.7425395654282,39308.09765625
841.762974150537,39322.68359375
841.7834086357034,39309.1015625
841.803843320864,39308.5
841.824277906031,39305.4921875
841.8447125912571,39312.234375
841.8651470764162,39301.2890625
841.8855816616997,39302.84765625
841.906016346984,39311.77734375
841.9264508322594,39302.73828125
841.9468854176012,39286.59375
841.9673201029436,39291.265625
841.9877545882773,39306.26171875
842.008189273678,39292.73828125
842.0286237590772,39291.8671875
842.0490583444698,39274.70703125
842.0694930299287,39277.2734375
842.0899275154443,39300.15625
842.1103621008951,39286.1328125
842.1307967864122,39283.74609375
842.151231271986,39283.66015625
842.1716658574951,39285.80078125
842.1921005431286,39293.46484375
842.2125351287032,39276.12109375
842.2329697143286,39278.59765625
842.2534042999614,39283.3984375
842.2738388856524,39276.578125
842.2942734712778,39290.0078125
842.314708057027,39280.50390625
842.335142642718,39284.875
842.3555773284606,39296.50390625
842.376011814209,39283.7734375
842.3964464000164,39300.18359375
842.4168810858173,39281.4765625
842.4373155716239,39284.75390625
842.457750257483,39284.19140625
842.4781848433486,39280.7890625
842.4986193292134,39294.625
842.519054015138,39278.08984375
842.5394886010545,39283.46484375
842.5599230869775,39274.890625
842.580357772953,39290.67578125
842.600792358935,39287.86328125
842.6212270449178,39287.046875
842.6416615309499,39272.1171875
842.6620961169319,39275.45703125
842.6825307030304,39270.9375
842.7029652890633,39271.97265625
842.7233998751617,39269.15234375
842.7438344612601,39279.4609375
842.7642690474095,39275.24609375
842.7847036335079,39280.07421875
842.8051382196645,39271.83203125
842.8255728058721,39278.01171875
842.8460074920295,39282.6796875
842.8664420783025,39274.46484375
842.8868765645093,39277.52734375
842.9073112507249,39274.80078125
842.9277458369979,39274.3515625
842.9481803232629,39276.421875
842.9686150095949,39258.02734375
842.989049595868,39268.8046875
843.0094842821927,39285.91796875
843.0299187685814,39264.4765625
843.0503533549127,39276.51171875
843.0707880412956,39287.890625
843.0912225276843,39272.95703125
843.111657114132,39275.45703125
843.1320918005149,39268.4453125
843.1525262869618,39255.20703125
843.1729608734095,39261.59765625
843.1933955599088,39258.20703125
843.2138300464139,39270.2109375
843.2342647329206,39285.3125
843.2546993194192,39269.29296875
843.2751338059243,39273.42578125
843.2955684924818,39259.65234375
843.3160029790452,39268.46484375
843.3364376656682,39277.04296875
843.3568722522323,39268.52734375
843.3773067388465,39285.38671875
843.3977414254696,39278.9765625
843.4181760120846,39276.12890625
843.4386105987651,39273.515625
843.4794797721261,39275.14453125
843.4999143587993,39274.5390625
843.5203489454798,39267.56640625
843.5407835322112,39264.47265625
843.5612181189499,39283.203125
843.5816528056894,39263.3203125
843.6020872924855,39268.91015625
843.6225219792177,39275.3984375
843.6429565660146,39284.0625
843.6633910528035,39277.75
843.6838257396594,39266.59375
843.7042603264563,39268.3125
843.7246948133106,39284.39453125
843.7451295001592,39279.18359375
843.7655640870144,39279.45703125
843.785998773863,39297.26171875
843.8064332607755,39273.54296875
843.8268678476888,39284.5234375
843.8473025345957,39282.27734375
843.8677370215082,39275.265625
843.8881716084215,39278.20703125
843.9086062953866,39276.73046875
843.9290407823573,39284.3515625
843.9494753693289,39288.51953125
843.9699099562931,39275.390625
843.9903445432647,39283.4140625
844.0107792302952,39281.484375
844.0312137172587,39283.05078125
844.0516483043466,39274.11328125
844.0720829913771,39284.19140625
844.0925175783996,39287.01171875
844.1129520654285,39296.30859375
844.1333867525173,39279.26953125
844.1538213395979,39289.9921875
844.1742558266851,39284.515625
844.1946905137738,39276.796875
844.2151251009127,39274.51171875
844.2355597880014,39283.8984375
844.2559942751468,39281.359375
844.2764288622857,39270.17578125
844.2968635494326,39278.2578125
844.317298036578,39286.5625
844.3377326237169,39295.73046875
844.358167310922,39298.5390625
844.3786017980674,39280.87890625
844.3990364852652,39283.87109375
844.4194710724696,39281.41015625
844.4399055596732,39273.58203125
844.460340246871,39294.58203125
844.4807748341336,39273.63671875
844.5012094213307,39292.859375
844.5216440085933,39282.84375
844.5420785958559,39291.0546875
844.5625131831184,39297.63671875
844.5829477703737,39306.01171875
844.6033823576363,39281.97265625
844.6238169448916,39283.1796875
844.6442515322124,39289.51953125
844.6646861194749,39291.11328125
844.6851207067957,39290.14453125
844.7055552941092,39301.73046875
844.72598988143,39302.3125
844.7464245687443,39282.12109375
844.7668590560643,39286.76953125
844.787293743444,39301.16796875
844.8077283307575,39301.953125
844.8281628181358,39304.82421875
844.8485975054573,39311.10546875
844.869032092829,39289.64453125
844.8894665802072,39300.46875
844.909901267587,39284.39453125
845.6251120286761,39283.2109375
845.6455466161642,39294.30078125
845.6659811037171,39295.1484375
845.6864157912132,39289.484375
845.7068503787596,39290.73828125
845.727284966255,39286.55859375
845.7477195538086,39277.234375
845.7681541412967,39287.91796875
845.7885888288511,39292.20703125
845.8090233164039,39303.66796875
845.829457903892,39297.53125
845.8498925914464,39298.76953125
845.8703270789993,39286.71875
845.8907616664874,39302.40625
845.9111963540417,39301.05859375
845.9316308415946,39302.234375
845.9520654291409,39302.2421875
845.9725001166371,39299.05078125
845.9929346041899,39305.28515625
846.013369291737,39299.92578125
846.0338038792324,39298.8359375
846.0542383667853,39297.38671875
846.0746730543324,39297.609375
846.095107641886,39320.68359375
846.1155421293806,39295.60546875
846.1359768169277,39300.1484375
846.1564114044813,39301.52734375
846.1768460919702,39311.921875
846.1972805795231,39300.98828125
846.2177151670767,39311.015625
846.2381498545728,39306.62890625
846.2585843421184,39309.57421875
846.2790189296138,39318.6796875
846.2994536171609,39302.9609375
846.3198881046555,39311.27734375
846.3403226922092,39297.765625
846.3607573797053,39301.75
846.3811919672517,39301.51171875
846.401626554747,39303.71484375
846.4220611422352,39322.296875
846.4424957297888,39299.1328125
846.4629303172842,39317.63671875
846.4833649047796,39320.0859375
846.5037994922677,39310.38671875
846.5242340797631,39310.81640625
846.5446686672512,39308.1171875
846.5651032547466,39294.15625
846.585537842242,39304.61328125
846.6059724297374,39299.5859375
846.6264071172263,39317.99609375
846.6468416046628,39326.6015625
846.6672761921509,39310.27734375
846.687710879647,39308.87890625
846.7081453670835,39317.98828125
846.7285799545789,39311.4296875
846.7490146420096,39291.2265625
846.769449129446,39309.4296875
846.7898838169349,39308.85546875
846.8103184043721,39316.03125
846.8307528918085,39309.75390625
846.8511875792392,39315.31640625
846.8716221666764,39311.828125
846.8920567541136,39311.3828125
846.9124913415435,39321.48828125
846.9329259289807,39318.6953125
846.9533605163597,39312.95703125
846.9737951037896,39301.01953125
846.9942296911686,39297.4453125
847.0146643786065,39319.50390625
847.0350988659775,39313.72265625
847.0555334533565,39299.84375
847.0759681407362,39306.6328125
847.0964027281079,39328.125
847.1168372154862,39321.5859375
847.1372719028659,39351.734375
847.1577063901786,39327.64453125
847.1781410775584,39314.34765625
847.1985756648792,39334.19140625
847.2190101521919,39307.359375
847.2394448395717,39329.82421875
847.2598794268924,39328.4609375
847.280313914147,39323.390625
847.3007486014685,39326.8359375
847.3211831887893,39320.609375
847.341617676102,39328.78125
847.3620523633654,39323.6015625
847.3824869506279,39332.64453125
847.4029216379422,39326.89453125
847.4233561251458,39324.22265625
847.4437907124666,39318.76953125
847.4642253996644,39319.14453125
847.4846598869262,39332.42578125
847.5050944741306,39330.046875
847.5255291613867,39330.54296875
847.5459636485903,39337.35546875
847.5663983357954,39325.9375
847.5868329229925,39340.41015625
847.6072675101968,39323.94921875
847.6277020973357,39337.32421875
847.6481366845401,39333.25390625
847.6685712716862,39345.46875
847.6890058588324,39335.40234375
847.7094404459713,39335.34765625
847.7298750331174,39341.609375
847.7503097202571,39327.04296875
847.7707442073443,39351.41015625
847.791178894433,39345.984375
847.8116133815201,39338.203125
847.8320479686008,39327.57421875
847.8524826556895,39333.4140625
847.8729171427694,39314.41015625
847.8933517297992,39337.30859375
847.9137864168879,39323.015625
847.9546554908811,39331.1171875
847.9750901779116,39338.30859375
847.9955246649333,39344.32421875
848.0159593519056,39336.07421875
848.0363939388772,39345.7421875
848.0568284258406,39331.1484375
848.077263112813,39331.94921875
848.0976976997845,39333.58984375
848.1181322866905,39344.953125
848.1385668736038,39325.7421875
848.1590014605172,39334.61328125
848.179436147424,39327.8984375
848.1998706342783,39336.79296875
848.2203052211917,39332.80859375
848.2407399080403,39340.91796875
848.2611744948954,39339.2578125
848.2816089816915,39346.47265625
848.3020436685401,39341.53515625
848.322478255337,39342.33203125
848.3429127421332,39338.05859375
848.3633474289236,39342.21484375
848.3837820157205,39333.22265625
848.4042166024592,39337.3828125
848.4246511891906,39346.4609375
848.4450857759293,39338.41796875
848.4655203626608,39344.3359375
848.4859549493995,39324.8515625
848.5063894360792,39333.66015625
848.5268241227604,39345.4609375
848.5472587093755,39326.57421875
848.5676933960567,39346.47265625
848.588127882671,39347.80859375
848.6085624692932,39325.96875
848.6289971559163,39332.96484375
848.6494316425378,39330.90625
848.6698662290946,39353.62109375
848.6903009156595,39340.65234375
848.7107354022155,39348.8203125
848.7311699887214,39349.0703125
848.751604675228,39360.42578125
848.7720392617848,39348.5703125
848.7924738482325,39346.51171875
848.8129084347383,39342.27734375
848.8333430211787,39322.45703125
848.8537776076264,39339.8125
848.8742121940741,39338.0625
848.8946467804562,39341.77734375
848.9150814668465,39329.328125
848.9355159532352,39328.88671875
848.9559506396181,39336.109375
848.9763852259493,39319.0859375
848.9968197122798,39335.53515625
849.0172543986046,39341.54296875
849.0376888848768,39343.90625
849.0581234711499,39332.49609375
849.0785581574164,39331.53125
849.0989926436887,39337.5625
849.1194272299035,39338.1640625
849.1398619161118,39329.234375
849.1602964023259,39323.0625
849.1807310884833,39325.359375
849.2011656746326,39330.8046875
849.2216001607885,39323.80859375
849.2420348468877,39324.87109375
849.262469433037,39331.38671875
849.2829039191347,39332.52734375
849.3033386051757,39318.9453125
849.3237731912668,39327.5234375
849.3442078773078,39339.02734375
849.364642363289,39332.51953125
849.3850769492637,39329.75390625
849.4055116352465,39337.453125
849.4259461212278,39323.421875
849.4463807071443,39329.30859375
849.4668153930688,39334.34765625
849.4872499789926,39317.45703125
849.5076844649084,39322.2890625
849.5281191507747,39321.4140625
849.5485537365748,39311.125
849.5689884224412,39327.046875
849.5894229082478,39319.0
849.6098574940552,39336.15234375
849.6302921797978,39335.3515625
849.6507266655462,39328.37890625
849.6711612512881,39339.359375
849.6915958369791,39327.09375
849.7120304226701,39328.9140625
849.7324651083545,39316.984375
849.7528995939865,39305.0703125
849.7733341796193,39325.81640625
849.7937688651873,39319.0234375
849.8142033508193,39313.3359375
849.8346379363938,39332.35546875
849.8550726219037,39328.33984375
849.8755071074193,39316.7734375
849.8959416929356,39325.98828125
849.9163763783872,39318.24609375
849.9368108638446,39311.390625
849.9572455493035,39325.5234375
849.9776801346961,39316.79296875
849.998114720096,39303.85546875
850.018549305496,39313.21484375
850.0389838908304,39309.2734375
850.0594184761721,39318.26953125
850.0798530614557,39312.328125
850.1002876467319,39312.40625
850.1207223320162,39305.08984375
850.1411569172415,39327.453125
850.1615914024587,39300.046875
850.1820260876266,39309.12890625
850.2024606728519,39294.35546875
850.2228951579527,39310.72265625
850.2433298430624,39303.57421875
850.2637644281713,39294.67578125
850.2841989132721,39305.15625
850.3046335983236,39298.08203125
850.3250680833735,39300.98046875
850.3455027683594,39298.53515625
850.3863718382854,39308.80078125
850.4068065232132,39301.10546875
850.4272411081474,39286.21484375
850.4476755930227,39302.3359375
850.4681102778923,39282.13671875
850.4885448627101,39300.6015625
850.5089795475214,39294.8515625
850.5294140323385,39311.16796875
850.5498486170982,39297.3359375
850.5702833018586,39299.3046875
850.590717786552,39302.51171875
850.6111523712534,39296.26953125
850.6315870558901,39284.015625
850.6520216405333,39284.12890625
850.6724561251176,39288.65625
850.6928908096961,39288.98828125
850.7133253942811,39286.30078125
850.7337599788079,39296.30078125
850.7541945633275,39304.078125
850.7746291477961,39285.6484375
850.7950638322654,39298.44921875
850.815498316726,39303.3671875
850.8359329011364,39299.65625
850.8563675855476,39298.01953125
850.8768020698335,39286.578125
850.8972367541282,39300.44921875
850.9381058227082,39294.234375
850.9585405070029,39254.69921875
850.9789749911797,39304.02734375
850.99940957535,39289.859375
851.0198442595283,39302.16796875
851.0402787437051,39300.4765625
851.060713327759,39297.03515625
851.0811480119373,39302.09765625
851.1015824958813,39285.62890625
851.1220171799359,39299.7890625
851.1424517639971,39290.45703125
851.1628863479418,39284.95703125
851.1833209318793,39293.6796875
851.203755515824,39297.17578125
851.2241900996523,39288.41015625
851.2446246834734,39284.65234375
851.2650592673017,39297.74609375
851.2854939511308,39311.9296875
851.305928434951,39298.2734375
851.326363018663,39296.625
851.3467977023683,39308.96875
851.3672322860803,39301.02734375
851.387666769675,39289.2734375
851.4081014532712,39284.96875
851.4285360368594,39288.3359375
851.4489705204542,39280.23828125
851.4694052040431,39279.76171875
851.4898397875222,39285.81640625
851.510274471002,39291.00390625
851.5307089544804,39287.23046875
851.5511435378357,39289.39453125
851.5715782211992,39284.72265625
851.5920127045538,39304.765625
851.6124472879164,39287.67578125
851.6328818711627,39301.25390625
851.6533164545253,39304.8984375
851.6737511376487,39288.9453125
851.6941856208941,39305.30859375
851.7146202040167,39283.39453125
851.7350548871473,39292.625
851.7554893702763,39300.16796875
851.7759239534062,39303.29296875
851.7963586364131,39291.97265625
851.8167932194265,39282.0703125
851.8372277024318,39306.89453125
851.8576623853296,39297.90625
851.878096968343,39294.80078125
851.8985315511163,39298.01171875
851.9189661340133,39312.8671875
851.9394007167939,39296.31640625
851.9598353996844,39294.75
851.9802698823478,39292.56640625
852.0007044651284,39300.78515625
852.021139147786,39300.98828125
852.0415736304494,39297.86328125
852.0620083131143,39315.56640625
852.0824428956548,39307.8828125
852.1028773782018,39302.203125
852.1233120607503,39300.97265625
852.1437466432908,39300.046875
852.1641811257214,39296.65625
852.1846158081535,39297.57421875
852.2050503905775,39298.03515625
852.2254848728917,39292.484375
852.2459195552074,39294.58984375
852.2663540375142,39296.72265625
852.2867887197135,39291.83203125
852.3072233020284,39304.66796875
852.3276577841025,39296.1875
852.3480924663018,39281.95703125
852.3685270483838,39292.28125
852.3889616304587,39298.91796875
852.4093962125407,39305.81640625
852.4298307946228,39310.734375
852.4502653765812,39309.52734375
852.4706999585469,39293.16796875
852.4911345403962,39308.9375
852.5115692222389,39305.7890625
852.5320038040882,39313.16015625
852.5524382859367,39304.0703125
852.572872967663,39295.0859375
852.5933075493958,39299.19140625
852.6137420311279,39334.45703125
852.6341767127378,39322.69921875
852.6546112943543,39314.296875
852.6750459759642,39314.19140625
852.6954804575798,39300.43359375
852.7159150390798,39293.3359375
852.7363497205733,39307.11328125
852.7567842019562,39300.46875
852.7772187833398,39310.54296875
852.7976534647169,39307.8046875
852.8180879460997,39320.51953125
852.8385225273669,39320.96484375
852.8589572086275,39323.19921875
852.8793916897775,39314.4375
852.8998263710455,39306.4375
852.9202608521882,39306.89453125
852.9406954332226,39313.49609375
852.9611301143741,39308.484375
852.9815645954077,39315.046875
853.0019991763183,39318.34765625
853.0224338573535,39315.63671875
853.0428684382641,39319.84765625
853.0633030190656,39317.98828125
853.0837375999836,39314.58203125
853.1041721807778,39323.67578125
853.1246067614629,39321.09765625
853.1450413422644,39317.59765625
853.1654759229423,39331.41796875
853.1859106035117,39328.41796875
853.2063450841961,39331.89453125
853.2267796647575,39321.40234375
853.2472143452105,39322.30078125
853.2676488257785,39327.17578125
853.2880835062242,39319.55859375
853.3085180865601,39326.2578125
853.3289525670116,39316.8671875
853.3493872473409,39322.2578125
853.3698218275604,39315.8125
853.3902563078955,39320.87890625
853.4106909881084,39325.17578125
853.4311255682114,39325.01171875
853.4515601483145,39336.35546875
853.4719947284102,39328.17578125
853.4924293085132,39327.79296875
853.5128638884926,39337.08203125
853.5332984684792,39329.07421875
853.5537330483494,39327.03515625
853.5741676282196,39321.359375
853.5946022080825,39342.78515625
853.6150367879527,39337.87890625
853.6354713676992,39328.73046875
853.655905947453,39336.94140625
853.6763406270911,39333.83203125
853.6967752067212,39338.82421875
853.7172096863578,39329.5234375
853.7376443658795,39332.50390625
853.7580789453932,39344.81640625
853.778513424797,39337.24609375
853.7989481043187,39340.5859375
853.8193826835995,39333.4609375
853.8398173630048,39333.40234375
853.8602518422922,39345.02734375
853.880686421573,39335.66015625
853.9215555799165,39344.7265625
853.9419901590809,39328.09375
853.9624248381369,39337.33984375
853.9828593171915,39335.953125
854.0032938962395,39345.53515625
854.0237285751791,39336.98828125
854.0441630541172,39343.14453125
854.0645977329332,39341.0234375
854.0850323117556,39342.0546875
854.1054667905773,39338.2734375
854.1259014692769,39336.08984375
854.1463359479822,39347.4765625
854.1667706265725,39329.13671875
854.1872052052713,39330.8203125
854.2076397837445,39336.76171875
854.2280742623334,39341.8671875
854.2485089408001,39338.72265625
854.2689435191569,39347.4140625
854.2893780976301,39332.28125
854.3098126758632,39318.7578125
854.33024725422,39325.15625
854.3506818324604,39336.36328125
854.3711164106935,39329.5859375
854.3915509888175,39337.796875
854.4119856669422,39350.97265625
854.4324201449417,39345.1875
854.4528548230664,39355.6953125
854.4732894009503,39344.1015625
854.4937238788407,39338.48828125
854.5141585567326,39345.265625
854.5345931346237,39347.09375
854.5550276123904,39351.9609375
854.5754622901659,39346.43359375
854.5958968678169,39354.35546875
854.6163313454745,39343.3359375
854.6367660231335,39349.1328125
854.6572006006754,39355.328125
854.6776352782108,39363.78515625
854.6980697556355,39351.38671875
854.7185043330537,39359.68359375
854.7389389104792,39364.671875
854.7593734877883,39353.8203125
854.7798080649809,39361.17578125
854.8002426422827,39352.9296875
854.8206772194753,39347.3125
854.841111896545,39360.46484375
854.8615463736205,39356.91015625
854.8819809506967,39355.02734375
854.90241562765,39357.83203125
854.9228502046099,39352.2421875
854.9432846814525,39346.09375
854.9637193582894,39348.37890625
854.9841539351328,39344.203125
855.004588411859,39357.6328125
855.0250230885795,39327.5390625
855.04545766519,39348.015625
855.0658923418014,39340.73828125
855.0863268182875,39356.3359375
855.1067613948981,39349.4921875
855.1271960712766,39345.10546875
855.1476305477627,39348.58984375
855.168065124024,39349.68359375
855.1884998004025,39350.296875
855.2089342766558,39360.6015625
855.2293689528015,39349.265625
855.2498035289464,39365.8359375
855.2702380050832,39355.6171875
855.2906726811125,39346.18359375
855.311107257141,39350.8828125
855.331541733045,39344.34375
855.3519764089579,39362.61328125
855.3724109848699,39360.3671875
855.3928455606583,39356.078125
855.4132801363376,39353.26953125
855.4337147121332,39345.78515625
855.4541492876888,39358.5234375
855.474583863368,39356.07421875
855.4950184389309,39385.875
855.51545301437,39373.8828125
855.5358875898164,39369.19140625
855.5563221652628,39373.65625
855.5767568405863,39379.6640625
855.5971913157991,39377.515625
855.6176259911299,39356.56640625
855.6380605662198,39365.3671875
855.6584950414326,39359.8046875
855.6789297165233,39359.03125
855.699364291504,39365.56640625
855.719798766484,39391.62109375
855.7402334413491,39356.2734375
855.7606680162062,39361.203125
855.7811024910698,39364.01171875
855.8015371658112,39360.16796875
855.8219717405591,39352.0390625
855.8424064151914,39357.9140625
855.8628408898148,39375.30859375
855.8832754643299,39351.5390625
855.9037101388458,39358.84765625
855.9241446133528,39353.81640625
855.9445791877515,39359.1640625
855.9650138620345,39348.62890625
855.9854483363088,39365.42578125
856.005882910591,39362.24609375
856.0263175847576,39363.00390625
856.0467520589154,39357.5703125
856.0671867329656,39356.30859375
856.0876213068987,39364.546875
856.1080558809408,39360.109375
856.1284904548738,39373.05078125
856.1489250286904,39343.77734375
856.169359502499,39351.2890625
856.1897941761999,39347.71484375
856.2102287499001,39349.8046875
856.2306634234774,39360.30859375
856.2510978970604,39362.6328125
856.2715324706442,39342.40625
856.291967144105,39358.23828125
856.3124016174552,39342.79296875
856.3328361908061,39357.7109375
856.3532708641505,39346.765625
856.3737053373843,39361.8125
856.3941399106188,39343.2109375
856.4145745837304,39343.9921875
856.4350090567314,39340.6953125
856.4554437298502,39346.83984375
856.4758783027282,39356.703125
856.4963127756128,39351.7109375
856.5167474484915,39350.79296875
856.5371820212604,39344.73046875
856.5576165940292,39347.89453125
856.5780511666817,39349.03125
856.5984857393269,39345.76171875
856.6189204118637,39355.69921875
856.6393548843917,39331.21484375
856.6597894568113,39336.29296875
856.6802241292316,39330.8203125
856.7006586015341,39339.1328125
856.72109317383,39338.94140625
856.7415277460168,39337.19140625
856.7619623181963,39338.203125
856.7823968903831,39333.34765625
856.8028315624542,39319.83984375
856.8232660344074,39334.90234375
856.8437007063549,39341.93359375
856.8641352781924,39330.3984375
856.9050044217438,39342.8828125
856.9254389934649,39212.75
856.9458734650689,39096.52734375
856.9663081366671,39072.69921875
856.9867427081554,39060.14453125
857.0071773796371,39053.62890625
857.0276118510083,39088.6875
857.0480464223801,39075.73046875
857.0684810936291,39134.25
857.0889155648838,39287.6171875
857.1093501360228,39319.79296875
857.1297848071554,39308.20703125
857.1502192781772,39326.328125
857.1706538491999,39331.9453125
857.1910885200996,39318.1640625
857.2115229908886,39321.1796875
857.2319576617956,39318.1484375
857.2523922324617,39327.92578125
857.2728268031351,39332.6328125
857.2932613738085,39307.6171875
857.3136959443582,39318.875
857.334130414798,39321.87890625
857.3545650852393,39332.3359375
857.3749996556726,39313.99609375
857.3954342259967,39311.94921875
857.4158687962044,39335.88671875
857.4363033664049,39319.21875
857.456738036497,39310.8984375
857.4771725065875,39306.1328125
857.4976070766716,39301.828125
857.5180417465308,39299.04296875
857.5384762163885,39300.6953125
857.5589107862397,39304.6875
857.5793454559825,39310.53515625
857.5997799257239,39293.22265625
857.620214595343,39298.20703125
857.6406491649686,39302.015625
857.6610836344771,39281.08984375
857.6815183038634,39295.2734375
857.7019528732562,39298.05859375
857.7223874426418,39301.84375
857.7428220119182,39296.0390625
857.7632565810782,39298.078125
857.7836912502316,39293.203125
857.8041257192745,39300.44140625
857.824560288318,39289.0078125
857.8449949572387,39295.01953125
857.8654295260494,39300.68359375
857.8858639948594,39299.0703125
857.9062986636636,39267.6328125
857.926733232358,39315.6328125
857.9471677009351,39275.73046875
857.9676023695065,39288.765625
857.9880368379672,39282.83984375
858.0084715064295,39276.33984375
858.0289060747673,39295.75
858.0493405431116,39283.359375
858.069775211341,39275.45703125
858.0902097795624,39265.73046875
858.1106442476739,39279.5234375
858.1310789156705,39279.73046875
858.1515134836591,39285.96875
858.1719481515393,39287.71484375
858.1923826194179,39293.328125
858.2128171871736,39283.046875
858.2332518549374,39266.953125
858.2536863225832,39269.9765625
858.2741208901061,39284.40234375
858.2945555576371,39266.5625
858.3149900250501,39273.12109375
858.3354245924565,39285.90234375
858.3558592597547,39257.890625
858.3762937270512,39270.7265625
858.3967283942256,39257.81640625
858.4171629614066,39271.1796875
858.4375975283547,39261.9453125
858.4580320954119,39258.7421875
858.47846666236,39282.484375
858.4989012291917,39260.16015625
858.5193357958997,39259.44140625
858.5397703627314,39268.265625
858.5602049293229,39256.24609375
858.5806395959225,39247.87890625
858.6010740624042,39249.71484375
858.6215087288801,39256.9140625
858.6419431952454,39263.4375
858.6623777616114,39257.59765625
858.6828124278545,39253.09375
858.703246893987,39256.3359375
858.7236814601201,39252.84375
858.7441161261304,39246.046875
858.7645505921464,39260.28515625
858.7849852580475,39264.75
858.8054198238242,39249.71484375
858.8258542896074,39245.8515625
858.8462889553921,39252.65234375
858.8667235209359,39239.45703125
858.8871579864863,39240.2421875
858.9075926520381,39265.21875
858.9280272174656,39248.76953125
858.9484617827839,39241.3984375
858.9688963481021,39245.65625
858.9893309132967,39250.578125
859.0097655784994,39239.8828125
859.0302000434676,39245.65625
859.0506346085458,39238.39453125
859.0710692735156,39248.16015625
859.0915038383682,39237.35546875
859.1119383030964,39252.27734375
859.1323729678334,39253.97265625
859.1528075325696,39255.26171875
859.1732420970657,39253.3671875
859.193676661569,39243.13671875
859.2141112260724,39239.98046875
859.2345458904529,39236.33984375
859.2549803547226,39238.171875
859.2754148189924,39257.9765625
859.29584948314,39258.48828125
859.3162840471778,39240.31640625
859.3367185112147,39239.06640625
859.3571531751295,39243.203125
859.3775877390508,39233.8359375
859.3980224028492,39243.4765625
859.4184568665369,39234.78125
859.4388914302253,39237.41015625
859.4593260937982,39235.02734375
859.4797605573622,39236.6640625
859.5001951208178,39243.796875
859.5206297841505,39238.4140625
859.541064247489,39243.62890625
859.5614989107125,39231.30859375
859.5819334738189,39224.58984375
859.602368036918,39234.6171875
859.622802599908,39242.05078125
859.6432371628907,39234.03125
859.6636717257643,39237.3203125
859.6841062885214,39231.83203125
859.7045408512786,39235.1796875
859.724975413912,39231.83203125
859.7454100764371,39230.82421875
859.7658445389534,39232.33984375
859.786279201362,39233.69140625
859.80671376377,39236.1875
859.8271482260607,39234.65625
859.8475828882292,39220.86328125
859.8884519123385,39229.79296875
859.9088865743979,39219.5546875
859.9293210363394,39228.6484375
859.9497556981587,39223.9765625
859.9701902598681,39233.1328125
859.9906247215768,39230.484375
860.0110593831632,39236.91796875
860.0314939447562,39220.4921875
860.0519284061156,39217.96484375
860.0723630674693,39226.9921875
860.0927976288294,39241.09375
860.1132321900732,39230.9453125
860.1336667511932,39225.25
860.1541013123206,39223.953125
860.1745359733322,39219.95703125
860.1949704342187,39213.61328125
860.2154049951132,39221.74609375
860.235839655892,39222.43359375
860.2562741165457,39213.82421875
860.2767086772074,39214.75
860.2971433377534,39220.28125
860.3175778982913,39213.54296875
860.3380124586038,39223.5
860.3584470189162,39209.390625
860.3788815792213,39213.15625
860.3993161394174,39209.796875
860.419750699497,39198.94921875
860.4401852594528,39207.62890625
860.460619819416,39213.0859375
860.4810543792628,39217.16796875
860.5014889391023,39193.921875
860.5219234987162,39194.79296875
860.5423580584466,39206.0703125
860.5627927179376,39203.87109375
860.5832271774343,39202.08203125
860.6036617368154,39205.71875
860.62409639619,39212.4921875
860.6445308553375,39200.765625
860.6649654144858,39199.38671875
860.6854000736275,39207.03515625
860.7058345326586,39188.3984375
860.7262691915676,39186.5234375
860.7467037503666,39206.390625
860.7671382091648,39204.7421875
860.7875728678482,39200.8828125
860.8080074264071,39208.6875
860.8284419849733,39188.96875
860.8488765434158,39195.2109375
860.8693111018656,39189.6640625
860.8897456600826,39191.2265625
860.9101802182995,39220.4609375
860.9306147765092,39183.64453125
860.951049434494,39197.68359375
860.9714839924709,39194.578125
860.9919184503378,39194.078125
861.0123531082063,39190.5625
861.0327876659503,39187.66796875
861.0532221235844,39193.8203125
861.07365678122,39195.6484375
861.0940913387312,39210.5546875
861.1145258961333,39193.7421875
861.1349604534189,39200.421875
861.1553950106972,39197.0
861.1758295678665,39191.2578125
861.1962641249193,39192.9296875
861.216698581964,39189.0
861.2371332389012,39199.6484375
861.2575677957211,39188.265625
861.278002252533,39194.39453125
861.2984369092374,39196.62109375
861.3188714658245,39183.52734375
861.3393061224051,39202.65625
861.3597405787586,39198.37890625
861.380175135113,39198.89453125
861.4006097914607,39207.3125
861.4210442475814,39208.9375
861.4414788037029,39199.4296875
861.4619134598179,39195.08203125
861.4823480157065,39189.94921875
861.5027824715944,39195.99609375
861.5232171273601,39188.37890625
861.5436516831323,39204.82421875
861.5640862386645,39195.88671875
861.5845207942039,39205.625
861.6049553497432,39202.1875
861.6253900050433,39204.65625
861.6458244603491,39207.41796875
861.6662590155393,39197.359375
861.6866936707229,39211.51953125
861.7071281257959,39200.24609375
861.7275627807539,39205.2421875
861.7479973355876,39207.890625
861.7684317903113,39214.12890625
861.7888664450365,39195.47265625
861.809300899753,39206.23046875
861.8297354542447,39218.43359375
861.8501701087371,39212.62109375
861.8706045631116,39217.90234375
861.8910391173631,39208.12890625
861.9114737715063,39222.36328125
861.9319082256407,39214.49609375
861.9523428796674,39219.82421875
861.9727774336934,39220.07421875
861.9932119874793,39223.2265625
862.0136465412725,39212.86328125
862.0340810949492,39230.64453125
862.0545156486187,39218.75390625
862.0749502020626,39216.2421875
862.0953847555065,39218.9609375
862.1158193088268,39224.359375
862.136253962155,39219.8671875
862.1566884153654,39214.27734375
862.1771230684535,39228.84375
862.1975576214318,39224.1953125
862.2179920744093,39235.0234375
862.2384267271482,39245.78515625
862.2588612798936,39216.9609375
862.2792957326383,39229.0078125
862.2997303851444,39222.62109375
862.320164937657,39226.42578125
862.3405995900539,39232.84375
862.361034042442,39230.21484375
862.3814685946054,39232.65234375
862.4019031467687,39238.890625
862.4223376988084,39242.5703125
862.4427722507389,39249.35546875
862.4632068026694,39230.1015625
862.4836413544763,39241.51953125
862.504075906174,39236.29296875
862.5245104577552,39246.83203125
862.5449450093292,39252.08984375
862.5653796607949,39260.94921875
862.5858141121425,39245.24609375
862.6062486633673,39245.60546875
862.6266833146001,39254.9375
862.6471177657149,39245.4375
862.6675523167069,39257.1171875
862.6879869675904,39258.5625
862.7084215183568,39261.546875
862.7288560691159,39267.9921875
862.7492906197658,39255.62890625
862.7697251702921,39263.32421875
862.7901598208264,39261.234375
862.8105942712427,39268.38671875
862.8310288215434,39275.09765625
862.8718979217883,39277.66796875
862.8923324718489,39274.9140625
862.9127671218012,39267.05078125
862.9332015716354,39266.34765625
862.9536362213476,39271.4453125
862.9740707710662,39292.68359375
862.9945052206676,39283.4765625
863.0149398701469,39276.84765625
863.0353744195163,39279.93359375
863.0558088688849,39296.8046875
863.076243518015,39300.20703125
863.0966779671508,39285.296875
863.1171125161709,39292.71875
863.1375471651845,39311.65625
863.1579816139711,39297.37890625
863.1784162627591,39296.7421875
863.1988508114227,39293.0546875
863.2192853599772,39292.359375
863.2397199085317,39291.0078125
863.2601544569625,39289.640625
863.2805890051677,39301.515625
863.3010235534894,39301.2890625
863.3214581015709,39293.0
863.3418927495441,39308.3046875
863.3623272975165,39304.94140625
863.3827617453644,39295.90625
863.4031963931047,39325.0625
863.4236309408443,39317.49609375
863.444065388343,39322.7265625
863.4645000358505,39310.53515625
863.4849345832408,39307.48046875
863.5053690305067,39319.4609375
863.5258036777814,39317.51953125
863.5462382248224,39302.66796875
863.566672871857,39310.45703125
863.5871073187809,39321.4921875
863.6075418655892,39317.33203125
863.6279765123909,39319.4765625
863.6484109589655,39328.2421875
863.668845505541,39311.59375
863.6892801519934,39333.48046875
863.7097145983353,39335.82421875
863.7301491446706,39318.78515625
863.7505836908967,39326.72265625
863.7710182368901,39326.01953125
863.7914528828769,39340.953125
863.8118873287531,39324.640625
863.83232187463,39324.52734375
863.8527565202676,39324.1640625
863.8731910659117,39323.04296875
863.8936255114386,39339.45703125
863.9140601568433,39342.24609375
863.9344947022546,39329.796875
863.9549291474323,39339.24609375
863.9753637926042,39332.19140625
863.9957983376662,39337.36328125
864.0162329826126,39347.48046875
864.0366674274337,39329.68359375
864.0571019722629,39343.359375
864.07753661686,39334.30859375
864.0979710614483,39335.41015625
864.1184056059283,39357.88671875
864.1388402502926,39345.70703125
864.1592746945316,39347.0234375
864.1797093387795,39354.21875
864.2001438829102,39347.30859375
864.2205783268,39354.41796875
864.2410129706986,39356.48828125
864.2614475145965,39331.1328125
864.2818819582535,39342.8984375
864.3023166019193,39353.33984375
864.3227511453515,39367.4375
864.3431855887757,39375.03125
864.3636202320922,39374.03515625
864.3840547752916,39368.875
864.4044893184837,39375.19921875
864.4249238614502,39375.3125
864.4453584044168,39361.2109375
864.4657929472596,39378.8359375
864.4862274899933,39378.94140625
864.5066620326106,39380.88671875
864.5270965751042,39390.15625
864.5475311176051,39379.55859375
864.5679656599896,39382.48046875
864.5884003022511,39372.45703125
864.608834744402,39398.578125
864.629269386438,39389.7890625
864.6497039283495,39374.984375
864.6701383702675,39376.44140625
864.690573011947,39376.82421875
864.711007553633,39385.328125
864.7314419952017,39396.42578125
864.7518766366557,39372.43359375
864.7723111779851,39380.4375
864.7927456193211,39382.5390625
864.8131802604184,39373.9453125
864.8336148015223,39383.2421875
864.8540494425106,39391.66796875
864.8744838833809,39413.015625
864.8949184241283,39382.00390625
864.9153530647673,39391.37890625
864.935787505281,39366.3125
864.9562220458029,39373.6328125
864.976656686209,39387.80859375
864.9970911264973,39388.62109375
865.0175256666626,39396.4140625
865.0379603067195,39375.375
865.0583947466512,39385.22265625
865.0788293864753,39389.48828125
865.0992639262986,39394.96875
865.1196983660047,39396.09375
865.1401330054723,39407.59765625
865.1605675449464,39379.48046875
865.181001984296,39396.1484375
865.2014366236544,39404.5625
865.2218711627793,39390.484375
865.2423058018976,39406.5390625
865.2627402407888,39392.1328125
865.2831747796808,39398.96484375
865.3036094184499,39389.44140625
865.3240438571083,39399.60546875
865.3444783956511,39381.0390625
865.3649130340709,39397.92578125
865.3853474723801,39400.03515625
865.40578201069,39402.14453125
865.426216648877,39403.8828125
865.4466510868369,39400.64453125
865.4670857247984,39387.34765625
865.4875202626354,39391.3046875
865.5079548003632,39389.32421875
865.5283893379747,39400.81640625
865.5488238755788,39407.55859375
865.5692584129574,39403.23828125
865.589692950336,39401.6875
865.610127487591,39400.8671875
865.6305620246203,39400.22265625
865.6509965616497,39397.64453125
865.6714310985553,39404.1328125
865.6918656353519,39403.44921875
865.7123001721484,39406.734375
865.7327347087048,39404.453125
865.7531693452693,39392.57421875
865.7736037815994,39389.94921875
865.794038317923,39404.6015625
865.8144729541382,39398.97265625
865.8553419260934,39404.71484375
865.8757765620758,39400.51953125
865.8962109978238,39400.19140625
865.9166456334497,39393.3125
865.937080169082,39402.078125
865.9575146044808,39395.734375
865.9779492398739,39399.7109375
865.9983837750406,39404.2421875
866.0188183102,39399.45703125
866.0392528452503,39401.51953125
866.0596873801842,39398.99609375
866.0801219150017,39410.05859375
866.1005564496954,39389.7421875
866.1209909843965,39388.83203125
866.1414256188582,39403.87109375
866.1618600533257,39399.109375
866.182294587561,39402.69921875
866.2027292217899,39402.953125
866.2231637559089,39398.5859375
866.2435981897943,39393.13671875
866.2640328236739,39398.3203125
866.2844672574429,39389.0
866.3049017910962,39385.23828125
866.325336424743,39395.109375
866.3457708581627,39386.1875
866.3662054914676,39399.3984375
866.3866400247643,39384.4140625
866.4070744578348,39406.80859375
866.4275090909068,39377.90234375
866.4479436238544,39382.953125
866.4683780565756,39391.62890625
866.4888126892984,39400.27734375
866.5092472218967,39394.40234375
866.5296818543866,39380.8046875
866.5501162867586,39386.1953125
866.5705508190076,39389.484375
866.5909854512647,39376.375
866.6114198832875,39396.51953125
866.6318544151873,39384.74609375
866.6522890470951,39381.01171875
866.6727234787686,39376.51171875
866.6931580104356,39380.6484375
866.7135926418778,39375.9296875
866.7340271733119,39378.1484375
866.7544617046369,39384.88671875
866.7748962358455,39376.2578125
866.7953307669377,39373.19921875
866.8157652979062,39378.63671875
866.8361998287655,39372.59765625
866.8566343595012,39371.0234375
866.8770689901285,39361.0390625
866.8975034206378,39368.9140625
866.9179379510315,39379.29296875
866.9383724814179,39357.91796875
866.9588070115788,39371.1875
866.9792416417331,39369.3828125
866.9996760716604,39374.421875
867.0201106015884,39353.640625
867.0405452312771,39356.6328125
867.0609796609715,39368.44921875
867.0814141905503,39360.0390625
867.1018488198897,39359.8671875
867.1222832492349,39345.23828125
867.1427177784644,39344.51171875
867.163152407571,39353.0703125
867.183586836567,39358.91015625
867.204021465448,39356.234375
867.2244559942046,39354.25390625
867.2448905228521,39341.5859375
867.2653250514995,39351.73046875
867.2857595799069,39337.8515625
867.3061941082051,39342.60546875
867.3266286363869,39361.96484375
867.3470631645614,39345.05859375
867.3674976925104,39340.91796875
867.3879323204601,39331.3515625
867.4083667481682,39339.3359375
867.4288013758851,39333.10546875
867.4492359033684,39331.69140625
867.4696703308437,39350.4765625
867.4901049580949,39323.48828125
867.5105394853454,39336.53515625
867.5309739124714,39339.57421875
867.5514085393734,39344.3125
867.5718430662746,39329.44140625
867.5922774930514,39329.734375
867.6127121197205,39333.37890625
867.6331465462717,39336.42578125
867.6535811725844,39338.1640625
867.6740156989035,39325.890625
867.6944501251055,39340.77734375
867.7148847511853,39308.82421875
867.7353192771552,39320.9921875
867.7557538030087,39318.66796875
867.7761883287385,39307.2734375
867.7966228543592,39311.375
867.8170573798634,39330.98828125
867.8374919053604,39316.7265625
867.8579264306318,39317.78515625
867.8783610557875,39313.32421875
867.8987955808188,39309.875
867.9192300057402,39318.12890625
867.9396646305395,39303.16015625
867.9600991553452,39307.0078125
867.9805335799174,39307.18359375
868.0009682043747,39318.671875
868.0214027287075,39303.46484375
868.0418371530468,39294.0703125
868.0622717771475,39303.90625
868.0827063011384,39312.47265625
868.10314092513,39308.55859375
868.1235753488872,39304.99609375
868.1440098725216,39312.2578125
868.1644444961639,39310.03125
868.1848789195647,39297.1484375
868.205313442857,39303.33984375
868.2257480661501,39293.90234375
868.2461824892089,39314.34375
868.2666170121447,39303.66796875
868.2870515350878,39307.2734375
868.3074860577908,39294.90625
868.3279206805018,39302.49609375
868.3483551029785,39304.03125
868.3687896253396,39297.40234375
868.3892242476941,39288.58984375
868.4096586698215,39314.171875
868.430093191826,39300.25
868.4505278138386,39289.953125
868.4709623356175,39309.73828125
868.4913968572728,39293.16796875
868.5118313789353,39292.7265625
868.532265900365,39290.875
868.552700421671,39293.39453125
868.5731349429843,39295.0
868.5935694640648,39291.01171875
868.6140040850223,39287.36328125
868.6344385059856,39281.91015625
868.6548730267168,39286.3125
868.6753076473251,39284.13671875
868.6957420678227,39295.59375
868.7161766883219,39300.8515625
868.7366112085801,39309.046875
868.7570456287285,39288.1953125
868.777480248762,39288.5234375
868.7979147687875,39290.5546875
868.8387838082708,39289.23828125
868.8592183278306,39297.40234375
868.8796527472805,39298.4375
868.9000873666082,39303.69921875
868.9205217858253,39299.04296875
868.9409564049274,39299.68359375
868.9613909239124,39298.78125
868.9818254427737,39295.9140625
869.0022599615259,39304.96484375
869.0226944801543,39310.2421875
869.0431289986736,39313.19140625
869.0635635170765,39309.2265625
869.083998035363,39318.12109375
869.1044325534094,39300.16796875
869.1248671714638,39301.27734375
869.1453015893931,39305.44921875
869.1657362072146,39303.890625
869.1861707248027,39293.19140625
869.2066051423899,39297.23046875
869.227039759855,39296.94140625
869.2474742770937,39291.328125
869.2679086943244,39311.9140625
869.2883433113311,39300.296875
869.3087778282206,39310.63671875
869.3292122451094,39311.0078125
869.3496468617595,39297.8984375
869.3700813784162,39315.16015625
869.3905159948335,39315.16015625
869.4109504111402,39305.21484375
869.4313849273312,39305.10546875
869.4518195435157,39314.10546875
869.4722539594732,39308.0625
869.4926884753149,39309.1484375
869.5131230910338,39311.77734375
869.533557506642,39314.80859375
869.5539920220181,39315.97265625
869.5744265373869,39294.40234375
869.5948610526466,39313.71875
869.6152956677906,39308.94921875
869.6357301828102,39304.1328125
869.6561645976035,39304.16015625
869.6765992123983,39311.56640625
869.6970337269522,39324.33984375
869.7174681415127,39304.65234375
869.7379027558418,39302.0546875
869.7583372701629,39319.15234375
869.7787716842577,39305.12109375
869.7992062982376,39316.78515625
869.8196408122094,39309.89453125
869.8400754259565,39322.78515625
869.8605098395856,39322.5
869.8809443530918,39315.70703125
869.9013789664896,39309.9609375
869.921813379653,39310.91015625
869.94224789281,39321.6875
869.9626825058585,39317.26171875
869.9831169187892,39319.81640625
870.0035514314804,39324.26171875
870.0239860441798,39328.86328125
870.0444204566447,39313.2890625
870.0648550691039,39336.6484375
870.0852895813368,39330.6796875
870.105724093446,39337.71484375
870.1261586055625,39341.30859375
870.1465931174462,39342.30859375
870.1670276292134,39325.671875
870.187462140857,39332.78515625
870.2078966523914,39345.32421875
870.2283310636922,39335.00390625
870.2487656749872,39331.0859375
870.2692001861724,39326.44921875
870.2896347971182,39333.4296875
870.3100692080698,39340.625
870.3305037187893,39345.21484375
870.3509383295022,39339.01953125
870.3713727399881,39336.33984375
870.3918072503584,39341.8359375
870.4122418606057,39343.8671875
870.4326762707424,39338.80859375
870.4531107807634,39336.12890625
870.4735453906615,39335.8359375
870.4939798004489,39342.05078125
870.514414410005,39343.4765625
870.534848919553,39332.92578125
870.5552833288748,39358.23828125
870.5757179381981,39344.9609375
870.5961524472805,39332.875
870.6165869562537,39339.43359375
870.6370214651106,39329.89453125
870.6574559738438,39346.73828125
870.6778904824678,39340.99609375
870.6983249909754,39348.578125
870.7391941075184,39350.81640625
870.7596286156768,39336.39453125
870.7800630235943,39351.18359375
870.8004976315206,39339.66015625
870.8209320392125,39345.0625
870.8413665467815,39337.1328125
870.8618011542421,39343.234375
870.8822355615848,39352.37109375
870.9026700686882,39353.62109375
870.9231046757996,39354.375
870.943539082793,39359.57421875
870.9639736895479,39351.51953125
870.9844081963092,39350.90625
871.004842602837,39364.6171875
871.0252772092426,39359.75390625
871.0457117155383,39356.640625
871.0661461217169,39353.41015625
871.0865807277733,39355.1171875
871.1070152337197,39362.30859375
871.1274497394334,39360.921875
871.1478842451397,39360.6875
871.1683187506205,39355.77734375
871.1887532559849,39364.16015625
871.209187761342,39347.55078125
871.2296222664736,39373.8359375
871.2500568713731,39359.35546875
871.2704912762638,39375.84765625
871.2909257810461,39374.734375
871.3113603855891,39346.08203125
871.3317948901386,39367.26171875
871.3522292944544,39369.2421875
871.3726638986482,39370.68359375
871.393098402732,39351.57421875
871.4135328066986,39371.07421875
871.4339674105431,39358.8984375
871.4544019142777,39362.34765625
871.4748364177794,39374.35546875
871.4952709212739,39366.40234375
871.5157053245421,39362.96875
871.5361399276953,39363.82421875
871.5565744307241,39355.5234375
871.577008833643,39382.38671875
871.5974434364471,39365.35546875
871.6178779390102,39366.01171875
871.6383123415799,39365.06640625
871.6587469439182,39372.140625
871.6791814462485,39365.7734375
871.6996160483541,39373.5703125
871.7200504503417,39352.53125
871.7404849520899,39359.234375
871.7609195538462,39366.83984375
871.7813540553689,39369.4921875
871.8222230581741,39347.1484375
871.842657559464,39365.32421875
871.863091960513,39345.25390625
871.8835265613379,39354.47265625
871.9039610621621,39370.796875
871.924395662747,39357.22265625
871.9448300633376,39362.421875
871.9652645636961,39372.33984375
871.9856991640481,39364.0390625
872.0061335639402,39355.609375
872.0265680640659,39358.765625
872.0470026639523,39360.55078125
872.0674370636116,39368.54296875
872.0878715632716,39370.31640625
872.1083061626923,39356.62890625
872.1287405618859,39367.40234375
872.1491751610738,39369.4140625
872.1696095602674,39359.88671875
872.1900440589961,39351.79296875
872.2104786577256,39373.90625
872.2309130564463,39365.515625
872.2513475549422,39369.48046875
872.2717821534316,39371.98828125
872.292216551461,39350.87109375
872.3126510497241,39346.76953125
872.3330856477551,39356.515625
872.3535201455452,39361.64453125
872.3739546431098,39357.408203125
872.394389140667,39353.171875
872.4148236382316,39348.56640625
872.4352581353305,39371.00390625
872.4556926326622,39361.91015625
872.476127129521,39358.23828125
872.4965617263879,39347.58984375
872.5169961232459,39358.00390625
872.5374306198792,39346.99609375
872.5578652162803,39349.23828125
872.57829961268,39343.03125
872.598734208841,39361.7421875
872.6191687047758,39336.046875
872.6396031007025,39344.63671875
872.660037696638,39343.3046875
872.6804721921071,39348.15625
872.7009065878083,39360.2734375
872.721341183038,39349.62890625
872.7417756782743,39329.34375
872.7622100735025,39347.53125
872.7826446685067,39338.85546875
872.8030790632765,39345.7578125
872.8235136578078,39351.22265625
872.8439481525784,39342.25
872.8643826468833,39349.15234375
872.884817141181,39334.890625
872.9052516352531,39335.48828125
872.9256861293252,39328.546875
872.9461206231572,39326.484375
872.9665551167636,39333.57421875
872.9869896103701,39328.82421875
873.00742420397,39337.44921875
873.02785859711,39330.62890625
873.0482931902516,39314.015625
873.0687276833851,39331.01171875
873.0891620762923,39331.5
873.1095966689682,39338.13671875
873.130031161636,39334.22265625
873.1504655540775,39332.640625
873.1709001465206,39311.91015625
873.1913346387228,39327.94140625
873.2117690306986,39336.3359375
873.232203622676,39329.65625
873.2526381144125,39331.828125
873.2730727059243,39328.72265625
873.2935070974345,39334.08984375
873.3139415889382,39333.1015625
873.3343761799842,39317.8984375
873.3548105712616,39317.38671875
873.3752450620668,39321.59375
873.3956796528801,39317.26171875
873.416114043459,39305.32421875
873.4365485340313,39321.51171875
873.4569830243781,39309.69921875
873.477417514725,39309.9765625
873.4978521048324,39315.8046875
873.5182864947128,39314.85546875
873.538720984594,39319.20703125
873.5591555742358,39311.05078125
873.5795900636513,39321.29296875
873.600024453066,39315.13671875
873.620459042475,39320.9453125
873.6408935314248,39321.0234375
873.6613279203739,39326.3046875
873.6817625093172,39305.82421875
873.7021969980342,39305.578125
873.7226313865103,39298.890625
873.7430659749953,39312.16796875
873.7635004632466,39308.82421875
873.7839350512586,39320.5078125
873.8043694392763,39314.2421875
873.824803927062,39310.84375
873.8452385148412,39309.765625
873.8656729023933,39305.59765625
873.8861073897133,39319.4921875
873.9065419770268,39304.24609375
873.9269763641132,39314.140625
873.9474108509676,39308.9375
873.9678454378154,39314.2890625
873.9882799246698,39307.4375
874.0087144110585,39312.234375
874.0291488974399,39305.84375
874.0495833838286,39314.05859375
874.0700178699844,39313.16796875
874.0904523559002,39318.9609375
874.1108867415896,39319.68359375
874.7852248929194,39295.171875
874.8056594737136,39280.578125
874.8260938545136,39285.609375
874.8465283350815,39277.59375
874.866962915643,39266.7734375
874.8873972959773,39167.8359375
874.9078318760803,39083.13671875
874.9282663561753,39066.53125
874.948700736044,39053.58203125
874.9691353156813,39067.875
874.9895697953107,39061.734375
875.0100042747144,39056.953125
875.0304387538854,39091.125
875.0508732330491,39228.08984375
875.0713077119872,39273.92578125
875.0917421909253,39281.53515625
875.1121766696233,39271.30859375
875.1326112480965,39274.37109375
875.1530456265682,39271.44140625
875.1734801048005,39259.0859375
875.1939146828081,39263.58984375
875.2143491608149,39277.203125
875.2347835385808,39286.1796875
875.2552181161227,39265.4609375
875.2756525936638,39260.484375
875.2960869709641,39261.34765625
875.3165215482732,39268.2734375
875.3369560253486,39260.22265625
875.357390502184,39261.83984375
875.3778249787938,39250.9921875
875.3982593554028,39253.734375
875.4186939320061,39260.3046875
875.4391284081503,39253.55859375
875.4595627842937,39246.3046875
875.4799973604313,39236.984375
875.5004318361098,39244.89453125
875.5208662120203,39246.32421875
875.5413007874595,39251.46875
875.5617352629051,39245.36328125
875.5821698381187,39243.87890625
875.6026042133235,39258.07421875
875.6230386880707,39235.91015625
875.6434732630441,39256.0625
875.6639076375577,39239.0
875.684342112072,39242.09375
875.7047766863543,39245.1328125
875.7252111606285,39233.3125
875.7456455346764,39247.80078125
875.7660801084858,39236.1015625
875.7865145823016,39235.12109375
875.8069490558846,39238.61328125
875.8273835294676,39224.1484375
875.8478180025777,39237.484375
875.8682525756958,39224.15234375
875.8886869488051,39226.1015625
875.9091214216896,39225.48046875
875.9295559943421,39238.734375
875.9499903667602,39240.39453125
875.9704248391718,39238.55078125
875.9908594113585,39242.41796875
876.0112937835365,39226.52734375
876.0317282554897,39226.78125
876.0521627272101,39228.46484375
876.0725971986976,39226.26171875
876.0930317701786,39232.07421875
876.1134661416654,39217.26171875
876.13390061268,39232.59375
876.1543351837026,39218.4375
876.1747695544909,39095.3828125
876.1952040252727,38977.50390625
876.2156385958297,38953.36328125
876.236073066153,38949.7734375
876.2565074364684,38939.140625
876.2769420065597,38982.30078125
876.2973764764174,38979.35546875
876.3178109462679,39029.2109375
876.3382454158927,39197.546875
876.3586798852848,39212.02734375
876.3791144546703,39221.171875
876.3995488238288,39204.140625
876.4199832927552,39214.97265625
876.4404178616751,39199.97265625
876.4608522303679,39210.58203125
876.4812866990615,39203.59765625
876.5017212672828,39212.3984375
876.52215563551,39219.41015625
876.5425902037387,39219.8359375
876.5630246717265,39212.45703125
876.5834590394879,39220.65234375
876.6038936070108,39200.33984375
876.6243280745402,39200.140625
876.6447624418361,39200.69921875
876.6651970089006,39201.26953125
876.6856313759563,39199.90234375
876.706065942788,39202.27734375
876.7265004093788,39204.76953125
876.7469348759769,39199.46484375
876.7673693423421,39220.21484375
876.7878038087074,39203.6796875
876.8082382745997,39205.80078125
876.8286727404993,39204.98046875
876.8491072063916,39197.72265625
876.8695416720584,39208.828125
876.8899762374931,39200.42578125
876.9104106026934,39208.46875
876.9308450678873,39207.25390625
876.9512796328563,39203.94140625
876.9717139975837,39211.2890625
877.0125830268225,39209.0625
877.0330173910916,39214.40234375
877.0534519553548,39206.34375
877.0738864193918,39212.51171875
877.0943207831879,39193.5546875
877.1147553469928,39228.98828125
877.135189810564,39214.77734375
877.1556241739017,39216.2265625
877.1760587372337,39208.66015625
877.1964932003393,39212.0078125
877.2169276632048,39212.796875
877.2373621258448,39213.703125
877.2577965884848,39206.0
877.2782311511182,39215.5859375
877.2986655132918,39218.50390625
877.3190999754661,39220.3828125
877.3395344374003,39224.03125
877.3599688993418,39215.64453125
877.3804033610504,39227.51953125
877.400837822519,39203.5390625
877.4212722837619,39216.1953125
877.4417067450049,39216.3515625
877.4621413060086,39217.2890625
877.482575667018,39218.82421875
877.5030102275632,39221.32421875
877.5234446881004,39212.01171875
877.5438790486442,39208.140625
877.5643136089566,39218.34765625
877.5847480690281,39222.66796875
877.6051824288734,39225.81640625
877.6256169887201,39201.75
877.646051448326,39226.6484375
877.6664858077056,39222.9609375
877.6869203668539,39211.7109375
877.7073548259941,39220.6796875
877.7277893851424,39227.3515625
877.7482237438235,39222.6796875
877.768658202498,39226.9375
877.7890927609478,39226.1328125
877.8095271193961,39225.99609375
877.8299615773722,39220.3828125
877.8503961353563,39232.37890625
877.8708305933396,39231.05859375
877.8912649510821,39233.76953125
877.9116995086006,39232.29296875
877.9321339658782,39237.14453125
877.9525683231623,39230.36328125
877.9730028802151,39235.5703125
877.9934372370335,39240.77734375
878.0138717936134,39242.54296875
878.0343062501997,39232.609375
878.054740706546,39226.24609375
878.0751751628995,39260.63671875
878.0956096190203,39239.046875
878.1160439749074,39234.28125
878.1364785305559,39238.3359375
878.156912986211,39238.86328125
878.1773473416324,39238.4375
878.1977818968153,39233.0
878.2182163520047,39233.5390625
878.2386509069547,39253.60546875
878.2590852616777,39257.2734375
878.2795197164014,39259.8046875
878.2999542708858,39248.11328125
878.3203886251431,39237.92578125
878.3408230791683,39254.8203125
878.361257633187,39264.05078125
878.3816919869787,39275.08984375
878.4021264405383,39265.4375
878.4225609940913,39268.0625
878.4429954474181,39261.25
878.463429900512,39261.4765625
878.4838643535986,39265.1328125
878.5042988064597,39272.5390625
878.5247333590887,39275.80859375
878.5451677114761,39278.4453125
878.5656021638715,39275.73046875
878.5860367160349,39276.44140625
878.6064710679566,39267.37109375
878.6269055198863,39269.484375
878.6473399715833,39274.29296875
878.6677744230401,39284.25
878.6882088745042,39300.05078125
878.7086433255026,39304.1015625
878.7290777767266,39293.77734375
878.749512327493,39283.18359375
878.7699466782578,39289.01171875
878.7903811287833,39291.28125
878.810815679084,39284.5703125
878.8312500291504,39296.71875
878.8516844792102,39302.05859375
878.8721190292781,39303.76171875
878.8925533788788,39302.29296875
878.912987828473,39299.37890625
878.9334223778424,39296.9609375
878.9538568269782,39319.9609375
878.9742912761067,39296.20703125
878.9947257250096,39308.55078125
879.0151601736725,39306.0234375
879.0355946221098,39303.83203125
879.0560290705471,39314.17578125
879.0764635187516,39312.515625
879.0968980667167,39317.3515625
879.1173324146876,39312.59375
879.1377668624191,39320.44140625
879.1582014099258,39323.0859375
879.178635757431,39320.5234375
879.1990703046977,39302.70703125
879.219504751738,39317.046875
879.2399390985447,39327.50390625
879.2603736453457,39306.765625
879.2808079916867,39327.83984375
879.3012424382614,39325.7734375
879.3216769843639,39333.34765625
879.3421113304721,39332.921875
879.3625457763483,39325.8046875
879.3829803219851,39330.5859375
879.4034146676277,39331.10546875
879.4238491130382,39338.703125
879.4442836582093,39330.12109375
879.4647181031542,39326.015625
879.485152548099,39324.625
879.5055869928037,39338.2421875
879.5260214375157,39341.37109375
879.5464558817621,39345.6796875
879.5668903260012,39344.76171875
879.5873247700147,39341.9140625
879.607759314029,39332.7890625
879.6281936575688,39336.67578125
879.6486281011166,39338.9609375
879.6690626446652,39362.0390625
879.6894969877394,39342.03125
879.7099315308224,39336.421875
879.7303659736717,39353.6640625
879.7508003162802,39360.30859375
879.7712348588975,39339.97265625
879.7916693012812,39340.921875
879.812103643424,39331.1875
879.8325381853429,39324.16796875
879.8529726272609,39364.1796875
879.8734069689381,39349.48828125
879.8938415103912,39339.93359375
879.9142759518436,39350.50390625
879.9347103930559,39348.765625
879.9551448340426,39347.12109375
879.9960137155431,39342.44140625
880.0164481560641,39353.7265625
880.0368825963524,39351.5390625
880.0573170364005,39350.25390625
880.0777514764559,39356.23046875
880.0981859162785,39379.23828125
880.1186204558617,39354.73046875
880.1390547954506,39353.4921875
880.1594892348076,39363.3125
880.1799237739251,39371.28125
880.2003581128156,39344.125
880.2207926517003,39355.64453125
880.2412270901259,39365.44140625
880.2616614285507,39362.6484375
880.2820959669771,39371.0546875
880.3025304051625,39373.51171875
880.3229647428889,39368.16796875
880.3433992808423,39395.80078125
880.3638337183365,39369.78125
880.38426805583,39373.90234375
880.4047025930922,39382.5546875
880.4251370301135,39379.359375
880.4455715671429,39382.578125
880.4660059036978,39362.10546875
880.4864403402607,39372.41796875
880.5068748768244,39371.64453125
880.527309212921,39376.41796875
880.547743649011,39376.828125
880.5681781848762,39381.9609375
880.5886126205005,39391.59375
880.6090469561314,39367.73828125
880.6294813915301,39369.38671875
880.6499158266961,39379.2265625
880.6703503616227,39377.48828125
880.6907847965558,39390.61328125
880.7112191312481,39396.3203125
880.7316536657163,39392.1484375
880.7520880999509,39389.0234375
880.7725224341848,39386.375
880.7929569681801,39388.8046875
880.813391401949,39390.10546875
880.8338257354771,39390.8984375
880.854260269014,39385.6171875
880.8746947023174,39383.94921875
880.8951290353871,39385.64453125
880.9155635682182,39405.171875
880.9359980010559,39391.84375
880.9564325336542,39386.75
880.9768668660254,39397.427734375
880.9973012983974,39408.10546875
881.0177358302972,39393.109375
881.0381701622027,39409.59765625
881.058604594109,39418.09765625
881.0790391255432,39407.56640625
881.0994734569831,39401.86328125
881.1199078881909,39392.74609375
881.1403424191594,39408.19140625
881.1607768499016,39401.2265625
881.1812112806438,39396.86328125
881.2016457111458,39398.71484375
881.2220801414223,39401.47265625
881.2425145716988,39413.5625
881.2629490015024,39404.61328125
881.2833834313133,39402.9921875
881.303817860884,39408.9765625
881.324252290462,39420.15234375
881.3446866195736,39399.69140625
881.3651211486867,39393.6875
881.3855555777918,39405.84375
881.4059901064393,39390.7265625
881.4264244350779,39403.50390625
881.4468588634918,39409.8828125
881.4672933916736,39412.46484375
881.487727719621,39414.3125
881.508162147562,39400.49609375
881.5285966752781,39410.8984375
881.5490310027526,39407.48046875
881.5694654300023,39396.984375
881.5898999572528,39402.25390625
881.6103343842624,39414.40625
881.6307687110457,39399.62890625
881.6512032375977,39421.8828125
881.6716376641416,39420.81640625
881.6920720902272,39411.4140625
881.7125065163127,39421.37109375
881.732940942391,39420.6484375
881.7533754680117,39416.70703125
881.7738097936308,39411.91015625
881.7942442190106,39402.27734375
881.8146787441656,39399.5625
881.835113069319,39417.78125
881.8555474940003,39411.27734375
881.8759820186897,39413.94921875
881.8964163431447,39403.6953125
881.9168508675939,39409.46484375
881.9372852918168,39419.7734375
881.9577196155733,39406.5625
881.9781541395569,39400.51171875
881.9985884630805,39414.44921875
882.0190228863721,39402.796875
882.0394574096572,39410.5546875
882.0598917327152,39410.6171875
882.080326155774,39416.359375
882.1007606783605,39410.70703125
882.1211950009529,39438.46875
882.1416294233131,39406.515625
882.162063945434,39408.47265625
882.1824983675615,39417.953125
882.2029327892233,39415.94921875
882.2233672108778,39420.73828125
882.2438016323067,39414.92578125
882.2642360537357,39419.265625
882.2846704746917,39415.73046875
882.305104895655,39410.46484375
882.3255394163862,39413.13671875
882.3459737368757,39403.3828125
882.3664081573734,39397.43359375
882.3868426776316,39399.3125
882.4072769976628,39423.70703125
882.4277115174627,39407.953125
882.448145937029,39398.8671875
882.4685802565873,39399.1015625
882.4890147759215,39404.9140625
882.5094491950149,39403.7734375
882.5298835138819,39398.40625
882.5503180327505,39411.3515625
882.5707524511527,39406.66796875
882.5911867695468,39400.10546875
882.6116212879497,39401.47265625
882.6320556058854,39389.6484375
882.6524901238154,39404.81640625
882.672924541519,39394.8828125
882.6933589589898,39393.01171875
882.7137933762206,39412.41015625
882.7342277934586,39393.9453125
882.7546622102236,39404.48046875
882.775096626996,39405.16015625
882.7955310437683,39406.6015625
882.815965460075,39395.78125
882.8363999763751,39412.99609375
882.8568342922154,39399.19140625
882.8772687082819,39396.78125
882.8977032238909,39398.1171875
882.9181375392654,39391.52734375
882.9385720546343,39392.3203125
882.9794407846857,39393.58984375
882.9998752995889,39371.73046875
883.0203097140329,39383.95703125
883.0407440284762,39388.859375
883.0611785426809,39383.70703125
883.0816129566592,39384.16796875
883.1020472706368,39377.28125
883.122481784143,39384.8125
883.1429161976557,39390.21875
883.1633506109356,39380.13671875
883.1837850242082,39385.1171875
883.2042194370224,39390.84765625
883.2246539498374,39375.50390625
883.2450882624107,39376.94921875
883.2655226747593,39385.25
883.285957086875,39372.3828125
883.3063914989834,39373.75
883.3268259108663,39378.140625
883.3472603225164,39379.1328125
883.3676947339263,39377.08984375
883.3881291451107,39364.92578125
883.4085636562959,39373.359375
883.4289979672394,39383.296875
883.4494324779589,39366.171875
883.4698668884448,39360.61328125
883.4903011989227,39371.4140625
883.5107357089437,39356.6171875
883.5311701189639,39375.87109375
883.5516044287433,39362.03515625
883.5720389385315,39363.671875
883.5924733478532,39363.6484375
883.6129076571669,39370.96484375
883.6333421662566,39376.86328125
883.6537765751127,39363.57421875
883.6742110837295,39347.18359375
883.694645392352,39347.765625
883.7150798005096,39352.27734375
883.7355143086606,39357.43359375
883.7559486165846,39365.35546875
883.7763830245094,39353.8125
883.796817531962,39354.5390625
883.8172519394211,39361.359375
883.8376862466394,39370.59765625
883.8581207536336,39344.72265625
883.8785551603942,39353.61328125
883.898989467154,39349.015625
883.9194239736753,39344.03515625
883.9398582797367,39327.08203125
883.9602927860251,39347.73828125
883.9807271918544,39342.93359375
884.0011614974501,39350.69921875
884.02159600304,39334.30859375
884.0420304084037,39335.7421875
884.0624647135337,39348.69140625
884.082899218658,39341.87109375
884.1033336233231,39352.55078125
884.1237679279875,39345.12890625
884.1442024324133,39344.97265625
884.1646368366128,39344.45703125
884.1850711405787,39354.046875
884.2055056445388,39327.4921875
884.2259400480398,39328.953125
884.2463745515415,39344.67578125
884.2668088548016,39345.83984375
884.287243257837,39346.625
884.307677760873,39344.5625
884.3281121636683,39337.8671875
884.3485464660043,39325.203125
884.3689809685748,39334.5
884.3894153706715,39328.27734375
884.4098496725419,39324.03515625
884.4302841744138,39318.08984375
884.4507185760449,39331.15234375
884.4711530774512,39330.60546875
884.4915873786231,39320.671875
884.5120217795557,39336.66015625
884.5324561804955,39320.7890625
884.5528905809697,39327.390625
884.5733248814358,39314.66796875
884.593759381678,39307.36328125
884.6141937819193,39304.61328125
884.634628081687,39313.796875
884.6550625814634,39313.25390625
884.6754969810063,39327.6796875
884.695931380309,39320.3515625
884.7163657793863,39328.07421875
884.7368001784635,39311.17578125
884.7572346770685,39323.67578125
884.7776689756793,39317.95703125
884.798103374058,39320.1640625
884.8185378721973,39312.80859375
884.8389722701104,39322.92578125
884.8594065680227,39311.05859375
884.8798410656964,39321.1640625
884.9002754631438,39316.2109375
884.9207097603576,39315.98828125
884.9411442573328,39307.3515625
884.9615786540817,39320.62109375
884.9820130508306,39310.30078125
885.0024474473394,39311.0078125
885.0228818436226,39306.953125
885.0433163396665,39310.53125
885.0637506354833,39305.90625
885.0841850313009,39314.3828125
885.1046195268791,39309.09375
885.1250538219974,39295.7890625
885.1454882173493,39307.33984375
885.1659227122291,39292.90625
885.1863570068817,39307.90625
885.2067914015352,39308.8984375
885.2272257959557,39298.99609375
885.2476601901362,39311.29296875
885.2680946840919,39297.515625
885.288528977806,39287.2578125
885.3089633712952,39295.9140625
885.3293978647853,39282.5546875
885.349832158041,39297.61328125
885.3702665510573,39285.86328125
885.3907010438488,39295.12109375
885.4111354363995,39285.49609375
885.4315697289567,39293.12890625
885.4520042212826,39279.76953125
885.4724386131347,39288.765625
885.4928730049942,39291.52734375
885.5133073968536,39313.19140625
885.5337417882401,39284.80078125
885.5541762796347,39295.82421875
885.5746105705621,39293.17578125
885.5950449614829,39280.89453125
885.615479452179,39279.93359375
885.6359137428735,39293.515625
885.6563481330959,39285.76171875
885.6767826233263,39299.796875
885.6972169130895,39295.48046875
885.7176513028462,39295.0859375
885.7380857923781,39301.55859375
885.7585200816757,39284.15234375
885.7789545709675,39288.98046875
885.7993889598001,39280.69921875
885.819823248632,39297.0234375
885.8402577372253,39286.7890625
885.8606921255923,39290.546875
885.8811265137265,39280.69140625
885.9015609018534,39296.3046875
885.9219952895219,39281.3515625
885.9628640646188,39283.49609375
885.9832984518216,39277.140625
886.0037328387916,39275.46484375
886.0241672257544,39283.484375
886.0446016122587,39281.640625
886.0650360987638,39266.2578125
886.0854703850273,39273.9140625
886.105904771066,39274.8046875
886.1263392568653,39287.52734375
886.1467735424376,39270.953125
886.1672079280106,39270.14453125
886.1876424133516,39274.52734375
886.2080766984509,39288.90234375
886.2285110833254,39280.796875
886.2489455679606,39278.3828125
886.2693798523687,39295.46484375
886.2898143367784,39303.75390625
886.3102487207143,39288.875
886.3306830046567,39283.63671875
886.3511174883679,39294.09375
886.3715518718382,39287.19140625
886.3919862550829,39275.47265625
886.4124206383276,39279.0703125
886.4328550210994,39291.11328125
886.4532894038784,39293.5
886.4737237864247,39309.83984375
886.4941581687308,39306.18359375
886.5145925508114,39296.2890625
886.5350269328919,39298.40625
886.5554613144996,39299.68359375
886.5758957961152,39304.47265625
886.5963300772637,39301.3984375
886.6167644584057,39302.875
886.6371989395557,39311.18359375
887.5771803480893,39335.90625
887.5976148196933,39338.5
887.6180491910636,39343.96875
887.6384834622004,39365.08984375
887.6589179330986,39354.71875
887.6793523040033,39358.88671875
887.6997865744343,39381.1484375
887.720221044874,39345.40625
887.7406554150803,39338.1484375
887.7610896850529,39336.01953125
887.7815241547869,39360.1875
887.8019585242946,39346.984375
887.8223927937943,39345.375
887.8428272628371,39351.0625
887.8632616318791,39345.24609375
887.8836960004483,39364.3125
887.9041303690246,39357.33203125
887.9245647373682,39360.6015625
887.9449991054717,39348.97265625
887.9654334735824,39363.00390625
887.9858678412274,39364.94921875
888.0063022088652,39369.21484375
888.0267365760446,39356.93359375
888.047170943224,39346.890625
888.0676053101633,39346.67578125
888.0880396768771,39351.0
888.108474043358,39367.953125
888.1289085098324,39375.9921875
888.1493427758469,39373.04296875
888.1697772418629,39350.234375
888.1902116074052,39365.8359375
888.210645872954,39373.84765625
888.2310803382716,39376.939453125
888.2515147033482,39380.03125
888.2719489681986,39371.2890625
888.2923834330504,39373.8359375
888.3128177974286,39367.13671875
888.3332520618133,39391.89453125
888.3536865257338,39367.8984375
888.3741208896463,39394.13671875
888.394555353334,39369.09375
888.4149896167874,39373.609375
888.4354239800014,39373.625
888.4558583432226,39373.58203125
888.4762927059783,39362.12890625
888.4967270687266,39380.42578125
888.5171614310166,39372.62109375
888.5375957933065,39379.40234375
888.5580301553564,39371.609375
888.5784645171807,39383.65625
888.5988988787722,39383.40625
888.6193332403564,39371.12109375
888.6397677014829,39378.7265625
888.6602019623679,39386.45703125
888.6806364232616,39368.59375
888.7010707839218,39375.18359375
888.7215050443483,39382.48046875
888.7419395045363,39381.1875
888.7623738644979,39373.8046875
888.7828081242187,39384.25390625
888.8032425837155,39387.23046875
888.8236769432115,39372.91796875
888.844111202241,39375.52734375
888.8645456612649,39373.90234375
888.8849800200624,39376.740234375
888.9054142783862,39379.578125
888.9462830950506,39383.66796875
888.9667175529103,39381.12109375
888.9871518105429,39379.19140625
889.0075861681762,39376.73828125
889.0280206253374,39373.87109375
889.0484548825043,39379.01171875
889.0688892394392,39396.71875
889.0893236961347,39388.7109375
889.1097580526039,39377.6328125
889.1301923088395,39391.62890625
889.1506267648365,39370.53515625
889.1710611206072,39374.8359375
889.1914954763779,39365.2421875
889.2119298316757,39372.03125
889.2323640869799,39375.953125
889.2527985420529,39363.765625
889.273232896885,39390.03125
889.2936671514908,39380.69921875
889.3141016058653,39368.40234375
889.3345359599989,39391.5703125
889.3549702139062,39362.7578125
889.375404667815,39356.19140625
889.3958390212501,39352.8046875
889.4162732746918,39355.1015625
889.4367077279021,39361.65625
889.4571420808716,39377.7890625
889.4775765336162,39376.26171875
889.4980107861265,39373.2578125
889.5184451383975,39361.875
889.5388795904437,39350.328125
889.5593138424883,39354.1640625
889.5797481940608,39364.640625
889.6001826456413,39364.3046875
889.6206169967481,39359.22265625
889.6410512478615,39369.40234375
889.6614856987435,39367.0859375
889.6819200493919,39360.88671875
889.7023542997995,39382.19140625
889.722788749983,39369.5078125
889.7432231001585,39369.3359375
889.7636575498764,39352.19921875
889.7840917993599,39373.58984375
889.8045261488442,39349.09375
889.8249605980891,39355.80859375
889.8453948468741,39359.640625
889.8658290956591,39344.90234375
889.8862635442056,39345.9453125
889.9066978925257,39347.80078125
889.9271321408451,39348.16015625
889.947566588693,39354.24609375
889.9680009363146,39346.796875
889.9884353839298,39332.5078125
890.008869631085,39355.2890625
890.0293039782409,39343.54296875
890.0497384251576,39349.91796875
890.0701726718471,39348.0625
890.0906070183046,39373.37890625
890.1110414645227,39333.37109375
890.1314758105145,39341.6015625
890.1519100562728,39321.53515625
890.1723445017924,39340.9765625
890.1927788473186,39342.55078125
890.2132130923783,39336.3203125
890.2336475374323,39334.2109375
890.2540818820271,39336.51953125
890.2745163266227,39368.37109375
890.2949505709767,39344.26953125
890.3153849151058,39336.1328125
890.3358193590029,39332.8203125
890.3562536026584,39319.60546875
890.3766879463219,39319.94140625
890.3971223895205,39309.7421875
890.4175566324775,39310.1015625
890.4379909754425,39316.40234375
890.4584254179426,39327.7578125
890.478859660434,39300.109375
890.4992940027005,39321.51171875
890.5197283447342,39304.03515625
890.5401626865278,39291.21484375
890.5605971280966,39305.31640625
890.581031369431,39307.62890625
890.6014657105261,39286.11328125
890.6219001513964,39292.96875
890.642334492266,39302.5859375
890.6627687326618,39299.75390625
890.6832031730664,39301.2421875
890.7036375130047,39300.26953125
890.7240717529348,39303.375
890.744506192641,39285.453125
890.7649405321135,39279.90625
890.7853747713452,39272.33984375
890.8058092103529,39282.046875
890.826243549127,39277.80859375
890.8466779876617,39275.9296875
890.8671122262022,39286.0859375
890.8875465642777,39275.82421875
890.907981002114,39280.77734375
890.9284152399559,39281.796875
890.9488495775659,39259.140625
890.9692840147036,39269.55078125
890.9897182518471,39260.3046875
891.0101525887585,39262.39453125
891.0305870254306,39265.375
891.0510212618756,39276.01953125
891.0714555980812,39256.25390625
891.0918900340621,39257.29296875
891.1123243700422,39258.24609375
891.1327587055493,39255.4765625
891.153193040831,39256.8125
891.1736273761126,39242.8828125
891.1940617109212,39237.3359375
891.2144960457372,39227.91015625
891.2349303803203,39230.84375
891.2553647146633,39231.6015625
891.2757990485479,39235.34765625
891.2962332824318,39241.48046875
891.3166677160771,39243.6953125
891.3371020497289,39227.3828125
891.3575364829157,39243.8125
891.377970715861,39237.36328125
891.3984050485815,39230.859375
891.4188394813027,39223.0078125
891.4392737135495,39229.15234375
891.4597080458043,39219.76953125
891.4801424775942,39219.9296875
891.5005767093753,39220.31640625
891.5210110409316,39203.484375
891.5414454722559,39220.1953125
891.5618797031057,39219.87890625
891.5823140339635,39216.41015625
891.6027484645892,39229.55859375
891.623182795207,39203.48828125
891.6436171253663,39204.859375
891.6640514552928,39205.796875
891.6844857849792,39213.3828125
891.7049201146729,39220.5625
891.7253544439009,39199.98828125
891.7457887731216,39204.390625
891.766223101884,39212.4375
891.7866574306463,39203.08203125
891.8070917591685,39197.47265625
891.8275260874652,39198.984375
891.8479604152963,39200.07421875
891.86839474312,39201.875
891.8888290707182,39193.37890625
891.9296978254424,39198.5546875
891.9501320523414,39197.21484375
891.9705663790082,39198.125
891.9910008054358,39194.20703125
892.011435031869,39192.41796875
892.0318693578374,39184.0625
892.0523037837993,39181.21484375
892.0727380093012,39191.51171875
892.093172334804,39193.109375
892.1136067600673,39184.375
892.1340409848708,39178.22265625
892.154475309675,39179.78125
892.1749097342399,39181.05859375
892.1953440585785,39182.484375
892.2157783826842,39180.5625
892.2362127065498,39194.61328125
892.2566470301899,39180.375
892.2770814535907,39182.671875
892.2975156769971,39167.8828125
892.3179499999387,39184.39453125
892.338384422641,39167.94921875
892.358818645349,39161.1875
892.379252967592,39174.0703125
892.3996873898286,39172.6796875
892.4201216116053,39174.14453125
892.4405559333827,39162.33984375
892.4609902549273,39164.73828125
892.481424575999,39185.42578125
892.5018589970787,39174.69140625
892.5222932179167,39144.78515625
892.54272753853,39139.515625
892.5631619589112,39152.9609375
892.5835961790581,39174.265625
892.6040304989656,39157.96484375
892.6244649186483,39155.1875
892.6448991383222,39170.0859375
892.6653334575385,39171.25
892.6857678765227,39155.12890625
892.7062021954989,39152.18359375
892.726636414016,39162.0234375
892.7470708323017,39161.8671875
892.7675051505794,39179.09375
892.7879394686315,39164.33984375
892.808373786218,39168.265625
892.8288081037972,39148.9375
892.8492425211516,39169.76953125
892.8696767380388,39152.35546875
892.8901110549195,39168.96875
892.9105454715755,39165.3515625
892.930979687997,39166.0078125
892.9514140041792,39156.140625
892.9718484201367,39181.453125
892.9922826358597,39180.1484375
893.0127170513442,39176.546875
893.0331513666024,39172.71875
893.0535855818598,39159.30078125
893.0740199966458,39177.91015625
893.0944543112055,39168.7734375
893.1148886255323,39169.71875
893.1353229398519,39177.125
893.1557572537131,39172.9453125
893.1761915675743,39165.45703125
893.1966258809625,39173.3984375
893.217060194358,39173.14453125
893.23749440752,39181.61328125
893.2579288202105,39172.1640625
893.2783631329075,39180.07421875
893.2987974453717,39173.95703125
893.3192317575958,39180.609375
893.3396660693616,39173.6328125
893.3601004811208,39190.61328125
893.3805346926529,39164.55078125
893.4009690039529,39165.703125
893.4214034150209,39173.34765625
893.4418376258473,39175.4453125
893.4622719364488,39181.70703125
893.4827063470439,39171.1953125
893.503140557179,39176.77734375
893.5235748670821,39178.3359375
893.5440092767458,39171.44921875
893.5644434864153,39174.73828125
893.5848778956206,39182.58203125
893.6053122045851,39172.2890625
893.625746413556,39179.2890625
893.6461808220629,39168.53125
893.6666151305617,39190.453125
893.6870494386021,39173.640625
893.7074837466425,39208.6875
893.72791805421,39181.47265625
893.7483523617848,39205.96484375
893.7687866691267,39190.86328125
893.7892209759957,39198.3984375
893.809655282872,39189.62890625
893.8300895895154,39203.1875
893.8505238959187,39211.06640625
893.8709583020973,39208.828125
893.8913925078086,39204.44140625
893.9118268135135,39213.14453125
893.9322612189935,39191.9296875
893.9526954242392,39189.88671875
893.9731297292456,39190.546875
893.9935641340271,39198.0
894.0139983385743,39194.671875
894.034432643115,39205.44921875
894.0548670471981,39202.78125
894.0753012510468,39201.7109375
894.0957355546561,39208.90625
894.1161699580407,39201.90234375
894.1366041614237,39191.48828125
894.1570385643354,39221.078125
894.1774728670207,39196.953125
894.197907169706,39219.9921875
894.2183414719184,39203.9453125
894.238775774138,39219.703125
894.259210075892,39217.61328125
894.2796443776388,39219.23828125
894.3000786789271,39215.22265625
894.3205129802154,39218.11328125
894.3409473810316,39240.3828125
894.3613815818535,39220.0
894.3818158822105,39236.1328125
894.402250282561,39236.078125
894.4226844826844,39217.875
894.4431188823364,39239.71484375
894.4635531819949,39223.53125
894.4839873814199,39233.81640625
894.5044217806135,39236.25390625
894.5248559795655,39216.4453125
894.5452902780598,39220.25390625
894.5657246765477,39237.2890625
894.5861588748085,39229.0625
894.6065931728372,39233.296875
894.6270275706338,39229.765625
894.6474617681888,39230.55078125
894.667896065519,39232.5859375
894.6883304626099,39244.33984375
894.7087647594744,39247.109375
894.7291990561062,39243.26953125
894.749633352505,39241.26171875
894.7700676486638,39231.86328125
894.790501944597,39241.0
894.8109362402902,39243.76171875
894.8313705357577,39238.29296875
894.8518048312253,39234.828125
894.8722391262272,39217.90625
894.913107815526,39244.0703125
894.9335420098214,39252.07421875
894.9539763041248,39239.9609375
894.9744106979633,39249.7265625
894.9948448915675,39253.96875
895.0152792851659,39254.796875
895.0357135783051,39253.7890625
895.0561477712035,39247.48046875
895.0765821641107,39256.66796875
895.0970164565515,39253.66796875
895.1174506487587,39248.4765625
895.1378850409601,39256.0390625
895.1583193327024,39250.859375
895.1787535244366,39247.6171875
895.199187915714,39261.734375
895.219622106757,39257.60546875
895.2400564977943,39256.97265625
895.2604907883724,39259.1015625
895.2809250789505,39261.12109375
895.3013593690557,39267.5625
895.3217936591682,39275.45703125
895.3422279490478,39261.1328125
895.3626623384553,39269.7421875
895.3830965278685,39262.359375
895.4035308168168,39254.84375
895.4239652057586,39089.984375
895.4443993942405,39036.39453125
895.4648336827231,39028.41015625
895.4852680709664,39022.4453125
895.5057022587498,39015.203125
895.5261366465347,39040.14453125
895.5465709340788,39047.8671875
895.5670051211637,39159.41796875
895.5874395082501,39277.58984375
895.6078737950957,39285.9765625
895.6283079814821,39289.1796875
895.64874236787,39281.2265625
895.6691766540171,39283.0625
895.689610839705,39297.37109375
895.7100452253944,39268.7578125
895.730479510843,39280.484375
895.750913796066,39282.72265625
895.7713480808234,39275.01953125
895.7917823655735,39296.21875
895.812216650098,39298.86328125
895.8326509343897,39295.53125
895.8530852182084,39307.328125
895.8735195020345,39317.10546875
895.8939537856204,39302.62109375
895.9143880689808,39304.9921875
895.9348224518762,39317.890625
895.9552566347702,39297.03125
895.9756909174248,39302.296875
895.9961252998546,39314.3828125
896.01655948181,39314.78125
896.0369937637734,39314.5859375
896.0574281455047,39303.03125
896.0778623270016,39321.72265625
896.09829670826,39307.17578125
896.1187309890593,39323.42578125
896.1391651698505,39315.5078125
896.1595995504176,39307.7109375
896.1800338307512,39311.6796875
896.2004681108447,39328.0390625
896.2209023904798,39307.23046875
896.2413366701148,39323.30859375
896.2617709495098,39312.890625
896.2822052286792,39307.33984375
896.302639507383,39295.328125
896.3230738860802,39318.875
896.3435081645512,39314.625
896.3639423427885,39303.15625
896.3843767207873,39316.2578125
896.4048109983269,39325.125
896.4252451758657,39310.47265625
896.445679553166,39319.48046875
896.4661137302392,39315.17578125
896.4865480068474,39324.42578125
896.5069823834492,39324.52734375
896.5274165598239,39324.30859375
896.5478508359665,39325.765625
896.568285211637,39331.73046875
896.5887193873132,39326.08203125
896.6091537627581,39335.5703125
896.6295880379621,39333.36328125
896.650022212707,39334.85546875
896.6704565874534,39349.7890625
896.6908908619589,39331.05859375
896.7113250360053,39335.63671875
896.7317594100532,39344.12109375
896.7521936838602,39337.015625
896.7726279572089,39341.70703125
896.7930622305576,39341.9609375
896.8134965036661,39346.0546875
896.8339307763163,39340.81640625
896.8543650489664,39347.0625
896.8747993211437,39350.93359375
896.8952336933289,39351.875
896.9156679652806,39351.56640625
896.9361021367586,39355.52734375
896.9565365082453,39347.52734375
896.9769707792584,39351.2109375
896.997404950278,39350.5
897.0178393208334,39344.390625
897.0382735913881,39344.98046875
897.0587077614691,39352.83203125
897.0791421315589,39345.265625
897.099576401175,39355.17578125
897.1200105707976,39349.6953125
897.1404449399561,39353.30859375
897.1608792091138,39363.578125
897.1813134777985,39356.81640625
897.2017477464906,39369.171875
897.2221819147162,39361.37109375
897.2426162827032,39356.27734375
897.2630505506968,39360.421875
897.2834848182247,39361.6796875
897.3039190855125,39361.05859375
897.3243533528075,39352.34375
897.3447876196296,39355.55859375
897.3652218862262,39353.796875
897.38565615259,39363.66015625
897.4060904189537,39364.37890625
897.4265247848452,39370.73046875
897.4469589505097,39364.703125
897.4673933159356,39376.59765625
897.4878275811352,39366.01953125
897.508261746334,39358.50390625
897.5286961110614,39359.87109375
897.5491303755625,39375.69921875
897.56956453983,39366.90625
897.5899989038589,39373.01953125
897.6104331676615,39371.76953125
897.6308673312305,39393.07421875
897.651301694561,39382.28515625
897.6717359576651,39373.7265625
897.6921703205371,39369.9609375
897.7126044831675,39379.8203125
897.7330387455731,39379.28515625
897.7534730077459,39375.9921875
897.7739072694458,39374.90234375
897.7943415311529,39370.28515625
897.8147757926272,39373.3984375
897.8352100538614,39384.1875
897.85564431487,39381.64453125
897.8965128359487,39371.34765625
897.9169470962588,39386.61328125
897.9373813561033,39371.31640625
897.9578156159405,39382.48046875
897.9782499755529,39380.23046875
897.9986842346989,39385.578125
898.0191183938368,39370.5625
898.0395527525179,39376.45703125
898.0599870111982,39380.16796875
898.0804211694049,39369.28515625
898.1008555276203,39371.9921875
898.1212897853693,39385.9765625
898.1417239428774,39380.21484375
898.1621583003944,39384.56640625
898.1825925574449,39383.88671875
898.2030267142545,39388.0390625
898.223461071073,39385.26953125
898.243895327425,39391.078125
898.2643296835377,39379.6875
898.2847638394232,39407.078125
898.3051980950695,39384.2109375
898.3256324507238,39385.09765625
898.3460668059124,39385.23828125
898.3665010608602,39389.953125
898.3869354155831,39380.34375
898.4073696700725,39389.94140625
898.427803824321,39390.41015625
898.4482381783455,39387.28515625
898.4686724321364,39380.62109375
898.4891065854536,39399.3125
898.5095409387795,39387.11328125
898.5299751918719,39395.12890625
898.550409544725,39392.4765625
898.5708436971181,39380.12109375
898.5912778495112,39380.9453125
898.6117122016658,39391.22265625
898.6321464533612,39400.61328125
898.6525806050558,39403.7578125
898.6730149562791,39399.07421875
898.6934492075088,39391.21484375
898.7138833582721,39387.31640625
898.7343177090297,39386.2578125
898.7547519593281,39405.68359375
898.7751861096258,39394.69921875
898.795620459452,39410.94140625
898.816054709052,39400.05859375
898.8364890584126,39392.98046875
898.8569232077789,39397.6484375
898.8773574566803,39394.10546875
898.8977918053424,39391.39453125
898.9182260537782,39397.7578125
898.9386602019804,39381.9765625
898.959094549944,39401.38671875
898.9795287976813,39404.13671875
898.999962945185,39418.45703125
899.0203972924501,39396.0
899.0408315394889,39404.953125
899.0612656860612,39399.16015625
899.0817000326279,39403.36328125
899.1021342789682,39405.6796875
899.1225686250764,39398.1640625
899.1430027707102,39399.40234375
899.163437016352,39426.375
899.1838713615289,39406.13671875
899.204305506697,39417.40625
899.2247397514075,39411.6796875
899.245173996118,39395.08984375
899.2656082403555,39394.33203125
899.2860424843675,39410.0078125
899.3064767281467,39401.2421875
899.3269109719186,39398.62109375
899.347345215232,39390.48828125
899.3677794583127,39405.046875
899.3882137011533,39408.9375
899.4086480437691,39393.6328125
899.4290822861512,39398.078125
899.4495164282926,39415.91015625
899.4699507702098,39398.6875
899.4903850118935,39404.48828125
899.5108191533363,39408.02734375
899.5312534943223,39421.34375
899.5516877353075,39405.57421875
899.5721218760518,39407.828125
899.5925562163393,39409.6015625
899.612990456626,39409.29296875
899.633424596439,39400.32421875
899.6538589362608,39410.0859375
899.6742931756162,39404.69921875
899.694727514965,39400.27734375
899.715161653854,39388.5625
899.7355958925109,39410.0859375
899.7560302309284,39415.5625
899.7764643691189,39401.96484375
899.7968986070773,39413.74609375
899.8173329450292,39405.68359375
899.8377670825212,39395.171875
899.8582013195482,39403.375
899.8786356565688,39403.7734375
899.899069893363,39398.74609375
899.9195040299237,39401.76171875
899.939938266245,39392.41015625
899.9603725021079,39391.65234375
899.9808068379643,39403.84375
900.0012410735944,39414.03125
900.0216752087581,39397.0625
900.0421095436905,39398.52734375
900.0625437786148,39388.609375
900.08297791308,39398.46484375
900.1034122473066,39405.91015625
900.1238464815397,39394.78515625
900.1442806153063,39410.65625
900.1647149488417,39391.6796875
900.1851491821362,39391.46484375
900.205583515206,39396.2890625
900.226017648034,39405.26171875
900.2464518806373,39396.2578125
900.2668862130085,39392.12109375
900.2873203449126,39411.10546875
900.3077545768101,39394.703125
900.3281889084828,39381.33203125
900.3486230396811,39383.6796875
900.3690572708874,39396.98046875
900.3894916016288,39394.84765625
900.4099257323687,39393.26171875
900.4303599626364,39394.91796875
900.4507942926793,39387.91015625
900.4712285224814,39380.90234375
900.4916627522907,39370.03125
900.5120969816344,39372.453125
900.532531210738,39376.55859375
900.552965439616,39383.4765625
900.5733996682611,39383.66796875
900.5938338964334,39391.15234375
900.6142681246129,39411.6328125
900.6347023525595,39400.5859375
900.6551364800398,39386.22265625
900.6755708075143,39386.359375
900.6960050347625,39381.4453125
900.716439161537,39383.3203125
900.7368734880874,39371.7109375
900.7573077146372,39362.0390625
900.7777420407148,39366.91015625
900.7981761665652,39368.85546875
900.8186103921836,39371.3671875
900.8390447175624,39374.0625
900.8799130676344,39370.40625
900.9003473923148,39376.3203125
900.9207815167684,39364.03125
900.9412157409896,39370.0859375
900.9616500647388,39350.5234375
900.9820842884948,39362.3828125
901.002518411784,39364.92578125
901.0229527350676,39361.35546875
901.043386957892,39362.6875
901.063821180709,39373.203125
901.0842554030678,39343.8515625
901.1046896251936,39365.625
901.1251239470804,39357.859375
901.1455580687398,39353.39453125
901.1659922901672,39365.90234375
901.1864266113552,39367.9296875
901.2068607323164,39356.5234375
901.2272949528124,39341.40234375
901.247729273302,39364.24609375
901.2681633935644,39358.45703125
901.288597613362,39356.63671875
901.3090318331524,39338.3671875
901.3294660524843,39354.15234375
901.3499003715842,39337.0234375
901.3703344906826,39332.90234375
901.3907687093088,39337.453125
901.41120302771,39334.453125
901.43163714587,39337.8984375
901.4520713638047,39326.9296875
901.4725056815078,39325.9609375
901.492939898737,39327.25390625
901.5133740159728,39329.55078125
901.5338083329772,39324.87109375
901.5542425495078,39340.84375
901.574676666045,39329.76953125
901.595110982118,39327.8671875
901.6155451981832,39326.09765625
901.6359795137904,39330.11328125
901.6564136291636,39313.01953125
901.6768478442972,39314.33203125
901.6972821592062,39325.79296875
901.7177162738808,39325.984375
901.738150488316,39326.37109375
901.7585848025265,39306.90234375
901.7790189162696,39317.7421875
901.7994531300064,39300.10546875
901.8198874432856,39307.15234375
901.8403215565633,39305.90625
901.8607557693686,39300.1953125
901.881190082182,39292.4296875
901.9016241945284,39297.328125
901.922058506636,39315.00390625
901.9424926185166,39300.5546875
901.9629269301658,39296.15234375
901.9833611415744,39310.5390625
902.0037953527572,39295.48046875
902.0242294634736,39290.8984375
902.0446637741844,39292.92578125
902.0650979846688,39272.78515625
902.0855320946866,39276.51171875
902.105966404466,39282.4921875
902.126400614252,39282.75390625
902.1468347235714,39280.39453125
902.1672690326524,39304.8828125
902.1877032415068,39283.5625
902.2081375501292,39282.00390625
902.2285716585102,39278.60546875
902.2490058666664,39279.109375
902.269440174583,39286.01953125
902.2898742820398,39273.09765625
902.3103084894974,39274.40625
902.33074279649,39273.1328125
902.3511769032413,39271.671875
902.3716111100002,39269.78125
902.3920454162871,39280.0859375
902.412479522347,39263.2734375
902.4329138281756,39275.3046875
902.4533480337705,39271.88671875
902.4737822391252,39270.0234375
902.4942164442546,39277.59375
902.5146506489108,39254.390625
902.5350848535744,39280.1484375
902.5555190577724,39270.03515625
902.5759532619704,39253.90234375
902.5963874656954,39253.9375
902.6168217691956,39269.31640625
902.6372558724544,39254.3828125
902.657690075488,39250.91015625
902.678124278289,39266.31640625
902.6985584808572,39246.86328125
902.718992783186,39245.8515625
902.7394268852876,39251.28515625
902.7598610869172,39252.53515625
902.7802953885548,39240.4453125
902.8007294897252,39244.09375
902.8211636906636,39248.25
902.8415979915952,39249.8125
902.8620320920672,39245.65625
902.8824662922998,39240.296875
902.9029005923076,39249.61328125
902.923334691848,39240.58984375
902.9437688913896,39245.8125
902.9642031906916,39249.9921875
902.9846373895344,39237.6015625
903.00507158837,39241.5859375
903.0255057867472,39236.1875
903.0459399848914,39233.65234375
903.0663741827956,39225.1328125
903.0868083807072,39235.609375
903.1072425779204,39236.69140625
903.1276768751268,39214.05859375
903.1481109721062,39228.8125
903.1685451688536,39231.109375
903.1889794651288,39235.26171875
903.2094135614096,39222.78125
903.2298477572258,39229.37890625
903.2502820528024,39222.56640625
903.270716148385,39229.04296875
903.2911504435032,39226.34765625
903.3115846383809,39224.75
903.332018733032,39214.82421875
903.3524530272188,39215.2109375
903.3728871213972,39221.91796875
903.3933213153504,39200.6484375
903.413755608839,39223.24609375
903.434189702086,39214.375
903.4546238953408,39209.16796875
903.4750581881236,39221.73046875
903.4954922806792,39212.859375
903.5159264730028,39212.66015625
903.5363607650944,39208.69921875
903.5567949569448,39215.01171875
903.5772291483372,39208.97265625
903.5976633397222,39201.66796875
903.6180975306488,39202.65234375
903.6385317215754,39198.41796875
903.6589659120364,39207.94921875
903.6794001022572,39198.07421875
903.6998343922533,39197.3203125
903.7202684820076,39193.609375
903.7407026715372,39199.44921875
903.761136960602,39207.12109375
903.7815710496652,39200.17578125
903.8020052384892,39203.17578125
903.8224395268552,39212.55078125
903.8633079028804,39201.703125
903.8837420905476,39198.60546875
903.9041761779808,39207.109375
903.9246104651756,39200.01171875
903.945044652144,39208.85546875
903.9654788388724,39207.8984375
903.9859130251424,39197.71875
904.0063471114116,39200.859375
904.0267813972096,39207.828125
904.0472155827812,39195.296875
904.0676497681196,39199.1171875
904.0880838532177,39197.328125
904.1085181380912,39201.96484375
904.1289523227316,39217.1953125
904.1493865071316,39203.59765625
904.1698206910733,39206.30078125
904.190254875015,39208.75390625
904.2106891584845,39206.5546875
904.2311232417268,39211.6953125
904.2515574247371,39210.8984375
904.2719917075084,39210.4765625
904.2924257900522,39209.50390625
904.312859972364,39220.11328125
904.3332942544366,39210.23828125
904.3537283360492,39218.10546875
904.3741625176626,39207.9140625
904.3945967988038,39200.4375
904.415030879718,39207.4375
904.4354651604008,39213.828125
904.4558993408428,39219.66015625
904.4763334210584,39211.75390625
904.4967677010428,39233.68359375
904.5172018805532,39225.390625
904.5376360600712,39221.43359375
904.5580702391236,39224.7734375
904.5785044181684,39213.125
904.598938596755,39216.6796875
904.6193728751095,39221.16796875
904.6398069532224,39214.8203125
904.6602411311104,39240.06640625
904.6806754085264,39221.51171875
904.701109485948,39231.66796875
904.7215437629056,39223.390625
904.7419778398616,39235.125
904.7624120163456,39246.375
904.7828462926044,39241.3828125
904.8032803686292,39254.51171875
904.8237145444144,39244.83203125
904.8441488199752,39242.89453125
904.8645828950685,39237.28515625
904.8850170701552,39256.6640625
904.9054513447844,39249.3125
904.9258854194122,39233.51171875
904.9463195935678,39231.3984375
904.9667538674984,39242.73828125
904.9871879411947,39248.59765625
905.0076222146528,39254.73828125
905.0280563876512,39254.3046875
905.0484905606428,39248.17578125
905.0689247331755,39262.046875
905.0893589057088,39258.3359375
905.109793077776,39264.1171875
905.1302272496032,39254.69921875
905.1506614212047,39270.6953125
905.1710955925664,39254.58984375
905.1915298634704,39257.95703125
905.2119639343728,39264.6953125
905.2323981048104,39253.2890625
905.2528323752412,39285.97265625
905.2732664452124,39261.57421875
905.2937007149447,39263.7109375
905.314134884451,39256.80078125
905.3345689537236,39260.078125
905.3550032225248,39272.73046875
905.3754372913318,39273.40625
905.3958714596738,39278.390625
905.4163057280092,39278.95703125
905.4367397958848,39277.4765625
905.4571739635284,39284.40234375
905.4776082309328,39291.13671875
905.4980422981098,39299.078125
905.518476464822,39292.03125
905.5389107315276,39278.63671875
905.5593448977744,39308.8046875
905.5797790640208,39300.0078125
905.6002132297943,39303.28125
905.6206473953424,39299.796875
905.6410815606578,39293.94921875
905.6615157255,39305.5625
905.6819498903496,39314.15234375
905.7023841549671,39307.5703125
905.7228182191102,39316.29296875
905.7432523830284,39307.20703125
905.7636866467146,39301.01953125
905.7841207101592,39309.66796875
905.804554873379,39319.85546875
905.8249891363666,39309.0546875
905.8454231991128,39314.23828125
905.865857461402,39316.21875
905.8862916234576,39321.90234375
905.9067256855052,39330.91796875
905.9271599470958,39341.57421875
