time,flux
1001.24883006428,275783.78125
1001.2692632850012,275755.40625
1001.289696605716,275733.15625
1001.3101297259708,275771.59375
1001.3305629462266,275786.90625
1001.3509962662428,275784.5
1001.3714293862648,275746.9375
1001.3918626060548,275749.21875
1001.4122959256056,275742.09375
1001.43272914493,275745.65625
1001.4531622642536,275749.65625
1001.4735955831056,275763.8125
1001.4940288021972,275728.75
1001.5144619208222,275787.15625
1001.5348952394417,275730.5
1001.5553283578338,275751.25
1001.5757616759948,275740.3125
1001.5961948939148,275746.53125
1001.6166280118414,275726.9375
1001.6370613295368,275760.78125
1001.657494547224,275720.03125
1001.677927664452,275726.59375
1001.6983609816816,275727.59375
1001.7187941986704,275729.8125
1001.7392273156656,275680.09375
1001.7596606324296,275712.03125
1001.7800938489528,275701.3125
1001.8005270652502,275681.6875
1001.8209602815476,275748.78125
1001.8413934973725,275673.84375
1001.8618268134378,275706.71875
1001.882259929036,275674.5625
1001.9026931446278,275686.875
1001.9231264599948,275678.8125
1001.9435596751282,275671.21875
1001.9639927900208,275688.65625
1001.984426104922,275653.21875
1002.0048593195824,275655.46875
1002.0252924342494,275656.78125
1002.0457257484522,275676.59375
1002.0661589626544,275651.8125
1002.0865920766156,275632.46875
1002.1070253905856,275676.96875
1002.1274586043146,275643.375
1002.1478918178182,275652.59375
1002.1683250310888,275624.40625
1002.1887581443588,275600.9375
1002.2091914573904,275582.875
1002.2296246701952,275623.5
1002.2500577827668,275635.15625
1002.2704910953324,275603.3125
1002.290924307672,275598.5625
1002.3113575197784,275567.96875
1002.3317907318778,275588.34375
1002.3522239437516,275556.65625
1002.372657255386,275561.15625
1002.3930903667932,275571.375
1002.4135235782014,275586.03125
1002.4339568893702,275545.25
1002.4543901003126,275513.4375
1002.4748232112544,275518.4375
1002.4952565219572,275530.03125
1002.515689732434,275523.28125
1002.5361228426772,275521.84375
1002.5565561529148,275488.84375
1002.5769893629258,275473.75
1002.5974224727032,275462.25
1002.6178557824752,275484.5
1002.6382889920204,275462.78125
1002.658722301334,275425.75
1002.6791554104057,275449.4375
1002.6995886194854,275433.3125
1002.7200219283332,275395.5
1002.7404550369392,275414.15625
1002.7608882455534,275423.1875
1002.7813215539354,275420.625
1002.8017546620758,275432.125
1002.8221878699916,275396.90625
1002.8426210779072,275390.84375
1002.8630542855826,275387.1875
1002.8834874930326,275365.25
1002.9039207004826,275346.65625
1002.9243539074596,275352.5625
1002.9447872146776,275352.375
1002.9652203214282,275363.875
1002.9856535281724,275315.28125
1003.0060868346918,275351.125
1003.0265200409776,275344.59375
1003.0469531472554,275310.0
1003.0673864530764,275305.90625
1003.0878196591292,275331.8125
1003.1082527647086,275325.40625
1003.1286860702968,275304.5625
1003.1491192756512,275314.625
1003.1695525807664,275310.46875
1003.1899856858872,275266.84375
1003.210418890776,275283.4375
1003.2308521954257,275263.0625
1003.251285299848,275237.46875
1003.2717185042712,275234.40625
1003.3125849124116,275237.5
1003.333018116362,275257.46875
1003.3534514200874,275251.9375
1003.3738845235785,275227.8125
1003.3943177270704,275232.25
1003.41475103009,275212.34375
1003.4351841333482,275227.09375
1003.4556174361352,275265.8125
1003.4760506389284,275212.25
1003.496483841256,275210.90625
1003.5169170438094,275189.09375
1003.5373502459042,275208.625
1003.5577833479985,275185.4375
1003.578216649854,275168.03125
1003.598649851716,275194.375
1003.6190829531116,275206.71875
1003.6395162545014,275183.25
1003.6599494558976,275179.34375
1003.6803827568292,275185.21875
1003.700815857752,275188.1875
1003.7212490584498,275135.3125
1003.7416823591484,275131.28125
1003.7621154596054,275160.46875
1003.7825486598376,275144.46875
1003.8029819598378,275101.71875
1003.8234150598292,275090.96875
1003.8438482595956,275072.9375
1003.8642815591302,275128.625
1003.884714658656,275064.625
1003.905147857724,275081.46875
1003.9255811570256,275095.375
1003.9460143558535,275043.6875
1003.9664475546888,275049.90625
1003.9868807532912,275043.96875
1004.0073139516536,275060.0
1004.0277471500232,275018.75
1004.0481803481598,274993.25
1004.0686135460564,275016.0625
1004.0890468437284,275011.40625
1004.1094799413986,274982.1875
1004.1299131388296,274983.71875
1004.1707795332404,274990.96875
1004.1912128302064,275005.125
1004.2116459271784,274965.90625
1004.2320791236853,275003.90625
1004.2525124201856,274961.28125
1004.272945516459,274979.3125
1004.3342451045756,274903.96875
1004.3546783001512,274915.40625
1004.3751115957202,274924.625
1004.3955446910622,274911.59375
1004.4159778861722,274869.375
1004.4364111812756,274903.8125
1004.4568442759193,274884.375
1004.477277570797,274867.0625
1004.4977107652012,274836.96875
1004.5181439596126,274842.71875
1004.538577153784,274843.78125
1004.5590103477298,274841.59375
1004.5794435416756,274838.84375
1004.5998767353884,274819.5
1004.6203099288614,274798.21875
1004.6407431223416,274811.84375
1004.6611764155824,274790.84375
1004.681609508596,274799.53125
1004.7020428016112,274778.46875
1004.7224759941528,274773.71875
1004.7429090869337,274799.3125
1004.7633423792504,274753.6875
1004.7837755715592,274759.15625
1004.8042086636416,274732.6875
1004.8246419554926,274753.46875
1004.8450751473356,274773.9375
1004.8655082389524,274752.5
1004.8859415303376,274727.125
1004.9063746214816,274729.21875
1004.9268078126332,274705.5625
1004.9472411035532,274710.9375
1004.9676741944712,274717.125
1004.988107485151,274673.84375
1005.0085406756044,274719.6875
1005.0289738658176,274677.6875
1005.049407056038,274649.0625
1005.0698402460256,274680.59375
1005.0902734357732,274652.03125
1005.110706625528,274633.4375
1005.13113981505,274632.65625
1005.151573004332,274631.21875
1005.1720062933892,274627.375
1005.1924393824448,274617.0
1005.2128726712616,274592.46875
1005.2333058600852,274627.09375
1005.2537389484424,274600.09375
1005.2741722367936,274612.3125
1005.2946054251516,274584.28125
1005.315038513043,274598.625
1005.3354718009286,274617.84375
1005.3559049888208,274600.125
1005.3763380762466,274591.5625
1005.3967713636666,274594.90625
1005.4172045508604,274575.71875
1005.4376376380532,274571.625
1005.4580709250076,274556.09375
1005.4785041117356,274553.0625
1005.4989372982308,274551.59375
1005.5193704847188,274534.09375
1005.5398036709812,274551.625
1005.5602368572436,274518.1875
1005.580670043033,274500.34375
1005.6011032288296,274500.0625
1005.6215364146263,274511.25
1005.6419695999502,274488.96875
1005.6624027852812,274529.875
1005.6828359703796,274444.75
1005.7032691554704,274457.71875
1005.7237024403366,274473.9375
1005.744135624962,274451.34375
1005.7645687095936,274447.28125
1005.7850019937614,274490.0625
1005.805435177921,274427.8125
1005.8258682620872,274465.75
1005.846301546022,274411.25
1005.866734729716,274436.71875
1005.8871678131836,274408.78125
1005.9076010966528,274376.875
1005.9280342798812,274413.0625
1005.9484675628846,274396.0
1005.9689006458866,274378.9375
1005.9893338286493,274422.15625
1006.0097671111872,274386.75
1006.0302001934906,274369.03125
1006.0506333757876,274403.3125
1006.0710666578598,274375.1875
1006.0914997399304,274366.6875
1006.1119329217618,274346.65625
1006.1323662033684,274365.53125
1006.1527992847404,274290.59375
1006.173232466106,274339.125
1006.193665747247,274317.125
1006.2140988283865,274294.5
1006.2345321090544,274307.5625
1006.2753983704024,274311.84375
1006.2958316508376,274297.125
1006.3162648310464,274282.40625
1006.3366979110216,274253.28125
1006.357131190758,274279.5625
1006.3775643705012,274306.28125
1006.3979974502436,274250.78125
1006.4184307295144,274223.46875
1006.438863908792,274262.15625
1006.45929718783,274215.9375
1006.479730266874,274196.71875
1006.5001634456858,274239.125
1006.5205967242656,274194.375
1006.5410298026036,274172.03125
1006.5614629809496,274164.84375
1006.5818962590564,274187.59375
1006.6023293371692,274193.40625
1006.6227625150495,274287.78125
1006.643195792698,274175.09375
1006.6636289701056,274171.625
1006.6840620475195,274110.375
1006.704495324695,274106.0
1006.7249285016442,274121.40625
1006.7453616785932,274078.25
1006.7657948553097,274108.4375
1006.786228031786,274091.5
1006.8066612082694,274082.875
1006.8270943845127,274095.875
1006.8475275605306,274038.5625
1006.8679607365484,274062.46875
1006.8883939123334,274042.0
1006.9088269878775,274051.4375
1006.9292602634304,274043.78125
1006.9496934387424,274034.125
1006.9701267138298,274036.3125
1006.9905597886828,274061.78125
1007.0109929635364,273980.4375
1007.0314262381507,274015.78125
1007.0518593127708,274011.40625
1007.0722924871516,273977.125
1007.0927257613076,273989.96875
1007.113158835462,273976.1875
1007.1335920091516,273919.125
1007.1540252828344,273958.46875
1007.174458456524,273910.3125
1007.1948915299728,273934.21875
1007.2153248031972,273927.1875
1007.2357579761884,273930.90625
1007.256191149172,273911.71875
1007.2766243219304,273903.875
1007.2970574946884,273883.03125
1007.3174906669738,273889.4375
1007.3379238394992,273857.84375
1007.3583570115588,273882.0625
1007.378790283612,273876.84375
1007.3992233554382,273899.6875
1007.4196565270322,273820.28125
1007.440089698619,273829.0625
1007.4605228699802,273817.1875
1007.4809561411092,273836.75
1007.5013893122303,273822.9375
1007.5218223831253,273807.03125
1007.5422556537889,273833.8125
1007.5626887244434,273804.46875
1007.5831218948732,273774.1875
1007.603555165304,273775.59375
1007.6239882352602,273772.125
1007.6444214052244,273752.75
1007.6648546751894,273753.03125
1007.68528774468,273743.8125
1007.7057209141784,273738.6875
1007.726154183678,273747.5625
1007.7465873527036,273729.59375
1007.7670205217364,273667.65625
1007.7874536907692,273739.28125
1007.8078868593292,273683.34375
1007.8283200278966,273706.65625
1007.848753196231,273673.75
1007.869186364558,273690.9375
1007.8896196326604,273666.90625
1007.9100527005284,273651.625
1007.93048586839,273626.25
1007.9509191360266,273656.46875
1007.971352203429,273640.46875
1007.9917854708256,273602.53125
1008.0122186379958,273612.78125
1008.0326517049324,273597.5
1008.0530849718634,273598.84375
1008.073518138568,273618.65625
1008.093951205039,273561.59375
1008.1143844715044,273602.59375
1008.1348176377433,273581.03125
1008.1552507037412,273539.75
1008.1756839697482,273546.28125
1008.1961171355216,273565.21875
1008.2165502010612,273528.5
1008.2369834665952,273515.75
1008.2574166319029,273524.4375
1008.2778497969704,273516.96875
1008.318716126887,273505.53125
1008.3391492914888,273515.625
1008.359582456098,273485.625
1008.3800156204744,273453.21875
1008.4004488846113,273458.09375
1008.420881948754,273456.1875
1008.4413151126646,273434.5
1008.461748376336,273456.40625
1008.5026147034588,273428.125
1008.5230478666635,273426.8125
1008.5434809298748,273418.5625
1008.563914192855,273373.84375
1008.5843473555942,273394.15625
1008.60478041834,273372.40625
1008.6252136808544,273384.78125
1008.645646843128,273374.875
1008.666079905408,273341.40625
1008.6865131674568,273382.15625
1008.7069463294974,273352.1875
1008.7273794910798,273287.25
1008.747812652662,273318.03125
1008.7682458142372,273340.40625
1008.7886790755874,273322.3125
1008.8091121367032,273319.84375
1008.82954529758,273338.71875
1008.8499784584636,273292.625
1008.8704116191147,273251.53125
1008.8908447797584,273289.15625
1008.9112780401774,273255.5
1008.931711100362,273246.40625
1008.9521442603073,273244.96875
1008.9725775202604,273249.40625
1008.9930105799796,273239.15625
1009.013443739692,273219.5
1009.0338769991796,273231.6875
1009.0543100584327,273200.125
1009.0747433174474,273181.71875
1009.0951764764686,273188.6875
1009.115609535489,273176.125
1009.136042794038,273178.53125
1009.1564759525936,273174.40625
1009.1769090109156,273170.75
1009.1973422692316,273127.90625
1009.2177754273216,273141.375
1009.2586417430284,273164.46875
1009.2790749006526,273123.21875
1009.2995081580376,273150.21875
1009.319941215428,273147.59375
1009.3403743725868,273121.3125
1009.360807629506,273094.25
1009.3812407864316,273136.84375
1009.4016738431236,273117.828125
1009.42210709981,273098.8125
1009.4425402560372,273078.4375
1009.4629733124966,273100.03125
1009.4834065684844,273060.40625
1009.503839624478,273068.40625
1009.5242727802396,273062.0
1009.5447060359947,273039.90625
1009.56513909129,273045.59375
1009.5855723468194,273040.21875
1009.6060055018752,273017.0625
1009.6264385569376,273035.125
1009.6468718117684,273018.65625
1009.6673049665916,273002.09375
1009.687738021188,272974.75
1009.7081712755536,272967.3125
1009.7286044299108,272969.125
1009.7490375840424,272987.0625
1009.7694707379414,272963.0625
1009.7899038918332,272951.03125
1009.8103371455,272967.625
1009.8307701989324,272983.96875
1009.8512033523584,272965.71875
1009.8716366055596,272958.3125
1009.89206975876,272961.46875
1009.9125028117196,272966.53125
1009.9329360644552,272958.4375
1009.9533692169572,272926.5625
1009.973802269451,272919.7395833333
1009.9942355217208,272912.9166666667
1010.01466867399,272906.09375
1010.0351017260182,272909.1875
1010.0555349778224,272894.84375
1010.0759681296258,272914.59375
1010.09640138119,272888.21875
1010.116834432527,272885.78125
1010.1372675838649,272872.5625
1010.1781338858344,272876.0625
1010.1985670367068,272877.78125
1010.2190001873388,272875.3125
1010.239433337978,272862.5
1010.2598664881516,272859.0
1010.2802996385508,272862.03125
1010.3007327884916,272858.3125
1010.3211659384324,272873.28125
1010.3415990881332,272852.59375
1010.362032237841,272878.3125
1010.382465487317,272818.0625
1010.4028985365512,272839.53125
1010.4233316857936,272833.3125
1010.4437649347964,272872.90625
1010.4641980835733,272852.375
1010.484631132349,272828.71875
1010.5050643808936,272789.65625
1010.5254975291972,272825.625
1010.5459305775076,272855.71875
1010.5663638255792,272815.75
1010.5867969736572,272780.3125
1010.6072302215034,272804.28125
1010.627663269108,272799.90625
1010.6480964167204,272823.59375
1010.6685296641008,272793.0625
1010.6889627112396,272807.34375
1010.7093958583864,272801.5
1010.7298291053012,272818.59375
1010.7502621519744,272800.21875
1010.7706952986556,272765.34375
1010.7911284451038,272765.96875
1010.8115615915448,272801.1875
1010.8319947375276,272762.65625
1010.8524279837438,272845.78125
1010.8728610294856,272771.84375
1010.8932942752364,272777.875
1010.9137273207524,272780.59375
1010.9341604662624,272765.1875
1010.9545937115472,272792.21875
1010.9750268565986,272806.875
1010.995459901642,272770.1875
1011.0158931464612,272752.125
1011.0363262912796,272738.4375
1011.0567593358574,272791.4375
1011.077192580211,272751.90625
1011.097625724331,272733.75
1011.118058768443,272769.46875
1011.1384920125638,272735.6875
1011.1589251562182,272711.8125
1011.179358399866,272732.59375
1011.1997914435196,272746.28125
1011.2202245867084,272704.59375
1011.2406578298906,272713.90625
1011.2610908730784,272738.4375
1011.2815240160344,272730.625
1011.3019572587508,272692.84375
1011.3223903014732,272708.65625
1011.3428234437306,272709.40625
1011.3632566862144,272724.0
1011.383689728238,272704.4375
1011.404122970256,272733.15625
1011.4245561122808,272716.09375
1011.4449892540724,272733.21875
1011.4654223956312,272702.875
1011.48585553695,272722.78125
1011.5062886782762,272706.9375
1011.526721819362,272708.4375
1011.5471549604554,272721.53125
1011.567588001315,272713.8125
1011.5880212419434,272710.03125
1011.6084543825637,272759.3125
1011.6288874229576,272702.03125
1011.649320663346,272701.5625
1011.669753803275,272700.28125
1011.6901870434376,272710.15625
1011.7106200831332,272730.03125
1011.731053222822,272721.5625
1011.7514864622864,272737.90625
1011.7719195017416,272734.03125
1011.7923526409722,272748.90625
1011.8127858802036,272742.21875
1011.8332189189678,272715.75
1011.8536520577254,272743.28125
1011.8740852964912,272717.09375
1011.8945183350152,272732.0625
1011.9149514733144,272730.65625
1011.9353847116143,272757.34375
1011.9558178496736,272738.875
1011.9762509875072,272742.53125
1011.9966841253408,272744.625
1012.0171172629344,272738.5625
1012.0375504005352,272741.3125
1012.057983537903,272740.09375
1012.0784166750308,272735.71875
1012.0988499120504,272833.46875
1012.119282948952,272759.25
1012.1397160857304,272740.15625
1012.1601493222844,272791.59375
1012.18058235872,272786.375
1012.2010155950338,272758.1875
1012.2418817673242,272816.5
1012.2623150031724,272758.125
1012.2827480389096,272775.0
1012.3031811745312,272773.25
1012.3236144099136,272798.59375
1012.3440474453018,272791.90625
1012.364480580458,272788.5625
1012.3849138153746,272786.5625
1012.4053468502972,272788.40625
1012.4257799849876,272763.25
1012.4462132195548,272778.84375
1012.4666463540124,272768.0625
1012.4870794883536,272786.8125
1012.5075126224548,272802.9375
1012.5279457564466,272800.53125
1012.548378890322,272750.9375
1012.5688120239574,272810.40625
1012.5892451576,272801.40625
1012.6096783910034,272803.3125
1012.630111424296,272780.6875
1012.6505445573566,272817.0625
1012.670977790418,272818.46875
1012.6914108232376,272795.8125
1012.711843955949,272817.03125
1012.732277188421,272823.46875
1012.7527102208988,272793.25
1012.7731434531452,272816.96875
1012.7935765852744,272814.3125
1012.8140096172792,272831.125
1012.83444284906,272803.59375
1012.8548758807228,272777.5
1012.8753090122628,272795.59375
1012.8957422436944,272780.21875
1012.9161752750078,272797.34375
1012.936608406082,272784.09375
1012.957041637048,272800.21875
1012.9774747678894,272797.15625
1012.9979078985052,272813.0
1013.0183410291212,272843.0625
1013.0387741594968,272856.84375
1013.0592072897634,272815.0
1013.0796404199136,272816.65625
1013.1000735498236,272891.15625
1013.1205067796254,272832.90625
1013.1409398093092,272862.34375
1013.16137293887,272862.4375
1013.181806168206,272860.25
1013.2022391975406,272826.5625
1013.2226723266358,272826.53125
1013.2431055556226,272847.59375
1013.263538584375,272854.0625
1013.2839718131218,272883.96875
1013.304404941642,272890.0
1013.3248379700452,272851.53125
1013.34527119821,272876.125
1013.3657043263812,272855.375
1013.3861373543186,272834.3125
1013.406570582134,272854.5
1013.4270037098396,272895.21875
1013.4474368374284,272882.375
1013.4678699647776,272902.40625
1013.4883030920172,272853.375
1013.5087362191408,272878.1875
1013.5291693461404,272904.84375
1013.5496024729146,272914.15625
1013.5700355995724,272871.21875
1013.5904687261065,272908.8125
1013.6109018525312,272904.40625
1013.6313349788396,272921.90625
1013.651768104908,272918.84375
1013.6722012308674,272912.9375
1013.6926344567036,272902.75
1013.7130674824292,272961.625
1013.7335006080392,272935.78125
1013.7539338334172,272880.59375
1013.77436685867,272920.625
1013.7948000838152,272958.15625
1013.8152332087192,272920.9375
1013.83566623363,272932.75
1013.8560994583096,272888.46875
1013.8765325828716,272959.59375
1013.8969656073097,272963.15625
1013.9173988315232,272951.40625
1013.937831955729,272969.3125
1013.9582650797092,272971.34375
1013.978698203573,272998.28125
1013.999131327204,273000.40625
1014.0195644508276,272943.59375
1014.0399975742256,272962.46875
1014.0604306975,272978.09375
1014.0808639206662,272965.75
1014.1012969437144,272974.90625
1014.1217300665304,273012.21875
1014.1421632893398,272991.375
1014.162596411923,272985.90625
1014.1830294342652,272974.40625
1014.2034626566164,272995.375
1014.2238956787332,272968.4375
1014.2443288008508,272994.125
1014.264762022729,272995.0
1014.28519504438,272980.84375
1014.3056281660248,273030.90625
1014.3260613874444,273019.78125
1014.3464944088628,273022.9375
1014.3669276300424,273019.65625
1014.387360750996,273016.375
1014.4077937719484,273019.09375
1014.4282269926624,273014.34375
1014.4486601133832,273030.09375
1014.46909313387,273051.09375
1014.4895263541184,273052.8125
1014.5099594743732,273057.03125
1014.5303925943954,273082.125
1014.5508257142938,273070.28125
1014.571258834083,273043.875
1014.5916920537566,273069.03125
1014.6121251733056,273060.9375
1014.6325581926284,273096.09375
1014.6529914118364,273085.96875
1014.67342453092,273077.15625
1014.6938575498934,273078.1875
1014.714290768752,273084.4375
1014.73472388737,273082.0
1014.7551569058778,273087.8125
1014.7755901242708,273099.5
1014.7960232425394,273086.53125
1014.816456260698,273100.9375
1014.8368894786254,273124.9375
1014.8573225964284,273113.40625
1014.877755714122,273148.125
1014.8981888316994,273136.3125
1014.9186218491524,273125.875
1014.9390550663812,273125.6875
1014.9594881836092,273090.21875
1014.9799212005964,273153.71875
1015.000354417476,273127.46875
1015.020787534122,273109.40625
1015.0412206507608,273146.28125
1015.061653767174,273140.75
1015.0820868834708,273129.375
1015.1025199996438,273147.875
1015.1229531157078,273165.3125
1015.1433862316552,273148.125
1015.1638194473636,273171.03125
1015.1842525629618,273168.15625
1015.2251187938018,273165.875
1015.2455519090508,273181.625
1015.2659849240664,272456.09375
1015.286418139076,270535.0625
1015.3068512538592,269039.28125
1015.3272842685255,268879.25
1015.3477174829532,268848.5625
1015.3681505973872,268896.375
1015.3885836115804,268944.1875
1015.4090168257826,270127.0
1015.4294499397512,272150.28125
1015.4498831535966,273155.375
1015.4703161672152,273178.15625
1015.4907492808344,273183.03125
1015.5111824942142,273194.3125
1015.5316155074834,273210.0625
1015.5520486206368,273217.5625
1015.5724817336668,273220.8125
1015.5929148464712,273230.09375
1015.6133479592754,273209.53125
1015.6337810718396,273238.875
1015.6542141842948,273213.5625
1015.674647396634,273235.125
1015.6950805088492,273232.6875
1015.7155135208376,273207.3125
1015.735946732828,273225.03125
1015.7563798445772,273242.75
1015.7768128562166,273282.9375
1015.7972460677412,273256.46875
1015.8176791791412,273289.375
1015.8381121903147,273251.125
1015.8585454013736,273270.6875
1015.8789785124244,273268.125
1015.899411523249,273282.4375
1015.9198447338422,273261.0
1015.9402778444272,273258.09375
1015.960711054904,273255.75
1015.9811440651464,273258.21875
1016.001577175266,273293.75
1016.0220103852772,273297.90625
1016.0424433951704,273266.71875
1016.0628765049404,273269.78125
1016.083309714486,273283.3125
1016.1037427239136,273252.5
1016.1241758333344,273309.0625
1016.1446090425306,273280.5625
1016.1650421514933,273262.28125
1016.1854751604478,273253.9375
1016.2059083692948,273267.0625
1016.2263414779007,273260.71875
1016.2467745863978,273262.65625
1016.2672076947784,273247.28125
1016.2876407030416,273287.28125
1016.3080739111828,273284.0
1016.3285070192142,273330.5625
1016.3489400270118,273246.53125
1016.3693732346874,273275.15625
1016.389806342253,273282.25
1016.4102393497014,273276.84375
1016.4306725570276,273278.1875
1016.4511056641276,273272.21875
1016.4715386712268,273291.1875
1016.4919718780876,273295.0
1016.5124049848382,273284.28125
1016.532838191466,273292.4375
1016.5532711979832,273282.1875
1016.5737043043846,273293.84375
1016.5941375105468,273258.71875
1016.6145705167146,273256.78125
1016.6350036226504,273283.8125
1016.6554368284632,273226.84375
1016.6758699341664,273256.78125
1016.696302939752,273239.125
1016.7167361450992,273238.90625
1016.737169250453,273269.9375
1016.7576022555731,273236.21875
1016.7780354605712,273275.0625
1016.7984685654592,273258.65625
1016.8189016702308,273295.53125
1016.8393347748788,273266.46875
1016.8597678794176,273251.5
1016.8802009837236,273243.0
1016.900634087906,273258.0625
1016.9210671919792,273280.96875
1016.9415002959358,273278.03125
1016.9619333997688,273262.9375
1016.982366403492,273272.125
1017.0027996071004,273273.125
1017.0232327104676,273254.625
1017.0436659137268,273260.15625
1017.0640989168678,273259.5625
1017.084532019886,273262.75
1017.1049652227956,273259.40625
1017.1253982255876,273253.96875
1017.14583132814,273237.15625
1017.1662645307006,273241.3125
1017.1866975330267,273278.34375
1017.20713063523,273224.65625
1017.2275638373249,273222.21875
1017.2479969393024,273239.59375
1017.2684299411558,273248.125
1017.288863142785,273270.0
1017.3092962444134,273229.625
1017.3297294458024,273218.875
1017.350162447081,273240.5
1017.3705955482436,273260.78125
1017.3910287492836,273233.59375
1017.4114617502128,273222.78125
1017.4318948510264,273184.28125
1017.4523280516004,273221.9375
1017.4727610521804,273231.71875
1017.4931941525284,273243.8125
1017.5136273527532,273206.6875
1017.5340603528676,273209.90625
1017.5544934528662,273198.03125
1017.5749265526248,273203.90625
1017.5953596523904,273202.84375
1017.6157928519242,273224.21875
1017.6362258514492,273175.875
1017.6566589507491,273207.90625
1017.6770921499264,273204.96875
1017.6975252489938,273188.84375
1017.717958247944,273184.875
1017.7383914466628,273183.78125
1017.7588245453736,273196.03125
1017.779257543858,273179.28125
1017.7996907423368,273167.3125
1017.8201238405892,273196.1875
1017.8405568387244,273203.75
1017.8609900367372,273182.5625
1017.8814231346404,273198.78125
1017.9018563323116,273201.28125
1017.922289329974,273225.125
1017.9427224274114,273193.40625
1017.9631556248496,273193.15625
1017.9835886220462,273186.125
1018.0040217191344,273164.15625
1018.0244549161072,273178.90625
1018.0448879129544,273182.875
1018.065321009577,273191.28125
1018.0857542062004,273231.25
1018.106187202582,273199.03125
1018.1266202989718,273167.0625
1018.1470534951296,273195.1875
1018.1674865911629,273189.96875
1018.2083527828944,273201.78125
1018.2287857785776,273167.8125
1018.2492189741532,273145.40625
1018.2696520694954,273141.625
1018.2900851647136,273165.375
1018.3105182599392,273185.03125
1018.330951354932,273128.46875
1018.3513843498004,273188.65625
1018.371817544561,273161.625
1018.3922506392046,273155.75
1018.4126838337252,273166.1875
1018.4331168280188,273205.21875
1018.453549922313,273170.5625
1018.473983116368,273158.6875
1018.4944161103122,273144.78125
1018.5148492042572,273156.875
1018.5352823979628,273173.65625
1018.555715391558,273199.15625
1018.5761484850372,273120.53125
1018.5965816782772,273124.5625
1018.6170146715232,273164.6875
1018.6374477646532,273188.625
1018.657880957544,273207.78125
1018.6783140503248,273172.21875
1018.6987471431056,273192.1875
1018.7191802356464,273176.96875
1018.739613328078,273189.28125
1018.760046420386,273165.375
1018.7804795125847,273211.78125
1018.8009126045508,273188.375
1018.8213456965168,273216.03125
1018.8417787882428,273206.34375
1018.8622118799758,273201.03125
1018.8826449714688,273231.5625
1018.9030780628528,273220.59375
1018.9235111542366,273213.78125
1018.9439442453876,273209.21875
1018.964377336415,273237.21875
1018.9848105272176,273225.84375
1019.0052435180114,273210.5625
1019.0256766086968,273219.46875
1019.04610979915,273220.6875
1019.066542789602,273232.71875
1019.0869758798144,273243.1875
1019.1074090699184,273272.8125
1019.1278420598974,273251.375
1019.1482751498844,273297.71875
1019.1891413291596,273263.78125
1019.2095744186736,273280.4375
1019.2300076080792,273297.09375
1019.250440697244,273304.15625
1019.270873786416,273303.6875
1019.2913068753552,273287.1875
1019.311739964287,273308.03125
1019.3321730529932,273290.6875
1019.3526061415832,273290.78125
1019.3730392300496,273278.78125
1019.3934724184072,273311.5
1019.4139054066472,273313.375
1019.4343384947642,273343.0
1019.4547716826564,273330.9375
1019.4752046705472,273334.53125
1019.4956377583148,273366.375
1019.5160709458578,273307.375
1019.5365039333992,273347.0625
1019.556937120702,273324.46875
1019.577370207895,273318.59375
1019.5978031949708,273356.5625
1019.6182363819244,273338.4375
1019.6386693687672,273305.15625
1019.6591024554946,273313.40625
1019.6795356420988,273337.375
1019.6999686285926,273362.15625
1019.7204017148542,273346.71875
1019.7408349011092,273316.96875
1019.761267987138,273351.5625
1019.7817010731668,273330.4375
1019.8021341589556,273336.90625
1019.8225672446353,273381.5
1019.8430003301984,273335.0
1019.8634334156376,273363.71875
1019.883866500968,273384.625
1019.9042996861826,273378.03125
1019.924732671272,273370.625
1019.9451657562532,273340.875
1019.9655989411112,273380.6875
1019.9860319257424,273370.78125
1020.006465010374,273353.15625
1020.0268981947738,273355.78125
1020.0473311791648,273393.75
1020.0677643633315,273400.03125
1020.088197447374,273415.21875
1020.1086304314232,273384.6875
1020.1290636152409,273383.34375
1020.1494966989412,273391.375
1020.1699296825172,273402.8125
1020.1903628659855,273402.84375
1020.2107959493296,273386.5
1020.231229032448,273381.78125
1020.2516621155664,273445.1875
1020.2720951985611,273396.96875
1020.2925281813295,273419.5625
1020.3129613640996,273439.09375
1020.3333944466284,273456.96875
1020.3538275291648,273421.1875
1020.3742606114683,273456.5
1020.3946936936482,273481.59375
1020.415126875836,273450.375
1020.4355598577896,273424.75
1020.45599293962,273455.75
1020.4764261213422,273482.0
1020.4968591029464,273449.125
1020.5172921844278,273456.5
1020.5377253658008,273503.90625
1020.5581583469392,273527.09375
1020.5785914280714,273529.65625
1020.5990246090952,273532.84375
1020.6194575898844,273546.375
1020.639890770668,273549.6875
1020.6603238512251,273536.875
1020.6807568317818,273537.9375
1020.7011900120996,273580.8125
1020.7216230923076,273559.4375
1020.7420561725156,273617.375
1020.7624892524836,273562.34375
1020.7829223323424,273607.0625
1020.8033554120848,273564.0
1020.8237884917036,273572.40625
1020.844221571213,273574.28125
1020.8646547506067,273617.96875
1020.8850878298764,273588.875
1020.9055208090358,273609.40625
1020.9259539880732,273659.53125
1020.946386967,273608.4375
1020.9668200456944,273607.8125
1020.98725322439,273621.78125
1021.0076862028436,273663.5
1021.0281192813054,273658.25
1021.048552459528,273651.96875
1021.068985437756,273645.09375
1021.0894185157522,273671.1875
1021.1098516937492,273677.34375
1021.1302846715045,273668.03125
1021.150717849152,273681.96875
1021.1915839042048,273698.96875
1021.2120170815032,273686.40625
1021.2324501586844,273678.34375
1021.252883235742,273718.4375
1021.2733163126904,273736.0
1021.2937493895153,273730.21875
1021.3141824662308,273644.5625
1021.3550486193126,273756.3125
1021.375481795556,273746.96875
1021.395914871806,273786.0
1021.4163478479312,273761.59375
1021.4367810239492,273744.21875
1021.4572140997334,273754.90625
1021.4776470755168,273761.09375
1021.4980802510618,273758.1875
1021.5185133266132,273785.53125
1021.5389463019236,273758.125
1021.559379477243,273765.46875
1021.579812452328,273794.125
1021.6002455274138,273783.25
1021.6206787022602,273796.15625
1021.641111676996,273787.65625
1021.661544851726,273820.875
1021.6819779262296,273826.9375
1021.702410900616,273793.5
1021.7228440748804,273824.90625
1021.7432771491513,273843.1875
1021.7637102231892,273829.71875
1021.7841432971036,273825.4375
1021.8045763709088,273802.625
1021.8250094445976,273784.03125
1021.8454425181626,273805.4375
1021.8658755916184,273830.28125
1021.886308664958,273826.65625
1021.906741738174,273845.21875
1021.9271748112806,273853.65625
1021.9476079842716,273862.34375
1021.9680410571382,273872.21875
1021.9884740298947,273851.5
1022.0089072024202,273857.09375
1022.0293402749376,273856.40625
1022.049773247345,273874.3125
1022.0702064196377,273905.6875
1022.0906394916892,273875.5
1022.1110724637474,273905.75
1022.1315056356908,273921.8125
1022.1519387075095,273887.71875
1022.1723718791036,273934.3125
1022.192804850696,273871.0
1022.2132379221656,273922.25
1022.2336709934098,273906.25
1022.2541040646538,273939.1875
1022.2745371356576,273944.625
1022.294970206669,273897.59375
1022.3154032774472,273941.96875
1022.3358363482184,273967.3125
1022.356269418764,273965.96875
1022.3767024893097,273953.25
1022.397135559615,273989.5
1022.4175686299276,273963.875
1022.4380017000076,274006.34375
1022.458434870081,273973.53125
1022.478867939928,273972.09375
1022.4993009097744,274004.40625
1022.519734079382,273973.90625
1022.5401671488798,273996.9375
1022.5606001183768,274035.875
1022.5810332876354,274035.09375
1022.601466356784,274045.90625
1022.6218993259316,274038.03125
1022.642332494841,274057.1875
1022.6627655636404,274068.46875
1022.6831985324388,274060.96875
1022.7036317009988,274037.375
1022.7240647694488,274084.78125
1022.7444979378924,274083.0625
1022.7649309061088,274098.0
1022.7853639742098,274126.96875
1022.805797142304,274126.34375
1022.8262301101712,274090.5
1022.8466631779228,274130.15625
1022.867096345668,274127.90625
1022.887529313186,274149.03125
1022.9079623805884,274142.15625
1022.9283955478676,274147.8125
1022.9488285151529,274141.25
1022.9692616822068,274139.625
1022.989694749136,274176.375
1023.010127716072,274202.1875
1023.0305608827766,274203.09375
1023.0509939493568,274209.59375
1023.0714269159434,274185.40625
1023.0918600822988,274253.8125
1023.1122931485296,274202.15625
1023.1327261147673,274220.46875
1023.1531592807733,274222.46875
1023.1735923466548,274200.90625
1023.1940253125432,274242.875
1023.2144584782,274243.5
1023.2348915437324,274241.0625
1023.2553247092728,274242.03125
1023.2757576745788,274269.0625
1023.296190739762,274279.71875
1023.3166239049532,274276.84375
1023.3370568699102,274305.75
1023.357489934744,274275.5625
1023.377923099586,274297.96875
1023.3983560641936,274309.375
1023.4187891287949,274320.40625
1023.439222293171,274323.25
1023.4596553575392,274311.875
1023.4800883216813,274359.6875
1023.5005214858248,274364.96875
1023.5209545497346,274387.40625
1023.5413876136372,274385.15625
1023.5618206773142,274375.34375
1023.582253740984,274385.0625
1023.6026868044282,274361.09375
1023.6231198678724,274407.28125
1023.6435528311996,274371.375
1023.663985994288,274432.4375
1023.6844190573828,274443.625
1023.7048520203608,274408.21875
1023.7252851831,274424.875
1023.7457182458456,274452.71875
1023.7661514084684,274444.15625
1023.786584370864,274440.71875
1023.8070174332606,274454.34375
1023.8274505955342,274485.0625
1023.8478835576972,274482.8125
1023.8683166197444,274500.03125
1023.8887497815522,274527.09375
1023.9091827433658,274480.9375
1023.9296158050638,274527.96875
1023.9500489666387,274507.65625
1023.970482028104,274567.625
1023.990914989452,274509.6875
1024.0113481506778,274552.65625
1024.0317812117935,274538.6875
1024.0522142727932,274549.53125
1024.072647333669,274535.09375
1024.093080394552,274579.90625
1024.113513555203,274606.90625
1024.133946515729,274565.15625
1024.174812736448,274566.75
1024.195245696741,274573.59375
1024.2156787568092,274571.34375
1024.2361119167615,274429.96875
1024.2565448767054,274581.65625
1024.2769780364251,274622.15625
1024.2974109961433,274616.21875
1024.317844055622,274586.5625
1024.338277215109,274635.96875
1024.3587101743617,274617.65625
1024.3791432336077,274638.65625
1024.399576392629,274603.84375
1024.4200093516483,274640.3125
1024.440442410545,274636.0625
1024.4608755693334,274661.84375
1024.4813086278882,274693.03125
1024.501741586435,274680.25
1024.522174744874,274682.625
1024.542607803196,274679.15625
1024.5630408613945,274681.90625
1024.5834739194834,274724.59375
1024.603906977456,274710.4375
1024.6243401353058,274724.59375
1024.644773093045,274750.0
1024.6652061506684,274734.59375
1024.685639308169,274771.28125
1024.7060722656752,274750.40625
1024.7265053229494,274722.09375
1024.7469384801009,274741.5
1024.7673714372577,274745.9375
1024.7878044941826,274775.375
1024.808237651101,274775.78125
1024.8286706077924,274763.71875
1024.849103764485,274774.84375
1024.8695368210538,274774.84375
1024.889969777396,274790.75
1024.9104029337325,274790.96875
1024.930835889958,274787.46875
1024.9512690460688,274830.28125
1024.971702101946,274788.0
1024.9921350578152,274780.21875
1025.012568113576,274794.53125
1025.033001269214,274829.09375
1025.0534343248582,274830.375
1025.0738673802698,274843.90625
1025.094300435565,274828.25
1025.1147334907364,274838.09375
1025.1351665459151,274884.3125
1025.1555996008535,274860.28125
1025.1760326556832,274885.6875
1025.1964658105137,274900.5625
1025.216898765102,274884.4375
1025.2373318196987,274896.90625
1025.2577649741795,274914.0
1025.2781979285355,274912.1875
1025.2986309826665,274932.71875
1025.3190641367985,274929.3125
1025.3394970908048,274947.90625
1025.3599302447035,274912.25
1025.3803632984857,274928.03125
1025.4007962521428,274947.59375
1025.4212294058088,274951.28125
1025.4416624592411,274985.875
1025.46209551255,275007.8125
1025.4825285658662,274995.8125
1025.5029616189497,275005.25
1025.523394671909,274976.5
1025.543827724876,275021.5625
1025.5642607777263,275013.8125
1025.5846938303366,274989.875
1025.6051268829542,275024.25
1025.6255599354554,275035.84375
1025.6459929878329,275076.03125
1025.6664260401012,274999.34375
1025.6868590922531,275029.90625
1025.707292244282,275061.4375
1025.7277251962005,275089.71875
1025.7481582481196,275106.875
1025.768591399799,275093.75
1025.7890243513684,275088.0
1025.8094574029385,275129.125
1025.8298905542688,275098.0625
1025.850323505605,275135.71875
1025.8707566568191,275147.125
1025.891189707923,275135.34375
1025.9116226589103,275133.125
1025.9320558097825,275140.46875
1025.95248886053,275194.9375
1025.972921811168,275115.5625
1025.9933549616835,275160.4375
1026.0137880120892,275155.8125
1026.034221062495,275183.25
1026.0546541126678,275168.34375
1026.0750871628334,275178.4375
1026.0955202127734,275179.5625
1026.115953362707,275176.25
1026.1363863125298,275195.65625
1026.1568194621211,275193.28125
1026.1772525117049,275199.28125
1026.1976854611785,275224.75
1026.2181186106536,275226.75
1026.238551659888,275235.59375
1026.2589846090125,275247.03125
1026.2794177580215,275251.46875
1026.2998507070297,275213.75
1026.3202837557983,275252.53125
1026.340716904575,275279.1875
1026.3611498532264,275264.1875
1026.3815830016538,275232.25
1026.4020160500804,275257.4375
1026.42244899839,275258.28125
1026.4428821465772,275261.78125
1026.463315194771,275289.5
1026.483748142724,275266.90625
1026.5041812905692,275263.0625
1026.5246143384138,275313.78125
1026.5450473860185,275317.34375
1026.56548043363,275335.0625
1026.585913481125,275292.15625
1026.6063465283803,275291.0625
1026.626779575643,275294.53125
1026.647212622789,275341.53125
1026.6676457699286,275322.28125
1026.688078816842,275356.1875
1026.708511763638,275342.15625
1026.7289449103118,275339.5
1026.7493779569922,275319.65625
1026.7698109035557,275353.90625
1026.79024404988,275365.25
1026.8106770962113,275379.71875
1026.8311100424253,275364.0625
1026.851543188517,275385.59375
1026.871976234499,275371.78125
1026.8924091804802,275404.5625
1026.9128423262227,275402.59375
1026.9332753718554,275428.15625
1026.953708417488,275405.65625
1026.9741414628809,275444.84375
1026.9945744082795,275418.6875
1027.015007553564,275464.8125
1027.0354405987237,275456.0625
1027.0558736437742,275451.40625
1027.0763066887084,275461.5
1027.096739733635,275426.15625
1027.117172778337,275437.78125
1027.1580388674993,275442.875
1027.1784720119686,275440.4375
1027.2193380005483,275455.71875
1027.2397711446683,275465.75
1027.2806371325496,275464.53125
1027.3010702764368,275464.625
1027.3215033200831,275492.875
1027.341936263736,275475.28125
1027.362369407274,275448.84375
1027.3828024506947,275481.46875
1027.403235393991,275479.8125
1027.4236685371798,275462.09375
1027.444101580244,275481.71875
1027.4645347232,275484.5
1027.4849676661545,275489.8125
1027.5054007088766,275491.09375
1027.5258338515923,275494.46875
1027.5462667941974,275508.4375
1027.5666998366796,275497.15625
1027.5871329790534,275501.65625
1027.6075659213093,275529.15625
1027.6279989634422,275508.0625
1027.6484320055824,275504.75
1027.6688650474898,275506.5625
1027.689298189391,275497.625
1027.7097312311816,275532.90625
1027.7301641728554,275523.21875
1027.750597314407,275514.0625
1027.7710303558488,275537.46875
1027.791463297173,275517.4375
1027.811896438492,275554.9375
1027.8323294795846,275532.34375
1027.8527624206763,275551.6875
1027.8731955616458,275556.65625
1027.8936286025055,275524.625
1027.914061543248,275590.28125
1027.9344946838685,275548.625
1027.954927724495,275521.8125
1027.9753608648898,275542.5
1027.9957938052758,275537.875
1028.016226845553,275541.9375
1028.0366599855915,275543.28125
1028.0775259656805,275553.34375
1028.097959105493,275582.09375
1028.1183920451804,275550.4375
1028.138825084876,275566.0
1028.1592582244484,275587.9375
1028.179691263795,275574.96875
1028.200124303141,275565.8125
1028.2205573424872,275546.0625
1028.2409903815933,275559.03125
1028.2614234205903,275579.25
1028.28185645958,275585.28125
1028.3022894984606,275538.5
1028.3227225371083,275566.90625
1028.343155575756,275560.75
1028.3635885143958,275560.1875
1028.3840216528115,275564.03125
1028.4044546911027,275559.9375
1028.445320767583,275543.71875
1028.4657538055326,275562.65625
1028.486186943475,275575.5
1028.5066198814238,275600.65625
1028.527052919133,275565.375
1028.5474860567338,275580.0
1028.567918994333,275581.46875
1028.5883520318166,275575.6875
1028.6087851690609,275565.6875
1028.6292181064273,275571.5
1028.6496511435544,275608.75
1028.670084280573,275563.0
1028.6905172175902,275560.09375
1028.7109503543688,275580.46875
1028.731383391154,275566.96875
1028.7518164278226,275571.625
1028.7722494643676,275563.4375
1028.7926825008035,275571.875
1028.8131155372394,275555.96875
1028.833548673436,275589.8125
1028.853981609638,275605.125
1028.8744146457248,275599.25
1028.8948476816877,275584.375
1028.9152807175417,275582.125
1028.9357137533952,275594.6875
1028.9561468890097,275589.46875
1028.97657982463,275579.59375
1028.9970129601352,275582.65625
1029.0174458955153,275599.96875
1029.037878930787,275603.4375
1029.058312065943,275585.15625
1029.0787450010905,275611.125
1029.0991780360127,275569.5
1029.119611170936,275591.5625
1029.140044105734,275616.3125
1029.16047714054,275568.46875
1029.180910275114,275636.09375
1029.2013433095635,275606.40625
1029.2217763440203,275642.21875
1029.2422093783607,275595.71875
1029.2626424125774,275602.53125
1029.283075446685,275586.1875
1029.303508480676,275614.28125
1029.32394151466,275616.46875
1029.3443746485354,275586.96875
1029.3648075821766,275628.875
1029.3852406158112,275612.46875
1029.405673749454,275622.4375
1029.4261066828622,275584.625
1029.4465398161483,275624.375
1029.466972849441,275612.65625
1029.4874057826164,275662.375
1029.5078389156697,275634.375
1029.528271948613,275633.75
1029.5487048815558,275651.84375
1029.5691380142598,275636.8125
1029.5895710469704,275601.5625
1029.6100039795638,275618.03125
1029.630437112035,275631.09375
1029.650870044512,275617.5
1029.6713030767569,275604.9375
1029.6917362089953,275628.53125
1029.712169141123,275644.09375
1029.7326022731286,275611.65625
1029.7530353050242,275644.1875
1029.7734683368035,275603.6875
1029.7939013685827,275614.53125
1029.8143344002383,275603.15625
1029.8347674316683,275590.3125
1029.8552004632074,275606.5
1029.875633494521,275623.9375
1029.8960665257182,275601.21875
1029.9164996569089,275595.28125
1029.9369325879888,275598.40625
1029.957365718954,275643.28125
1029.9777987497946,275620.46875
1029.9982316806418,275635.78125
1030.0186648112576,275599.59375
1030.0390978418654,275603.75
1030.0595307723634,275611.46875
1030.0799639027464,275630.25
1030.1003969331214,275638.875
1030.1412629934202,275626.75
1030.2229951129557,275626.5625
1030.2434282426402,275643.125
1030.2638611722068,275615.5
1030.2842942016505,275634.78125
1030.304727230985,275617.875
1030.3251602603195,275627.78125
1030.3455932895304,275603.96875
1030.366026318632,275672.8125
1030.3864593476171,275638.125
1030.406892376479,275639.375
1030.4273255053486,275633.78125
1030.4477584339838,275630.65625
1030.4681915626134,275605.8125
1030.488624591133,275625.375
1030.5090575196518,275612.78125
1030.529490647932,275633.40625
1030.549923676219,275650.09375
1030.5703566043885,275632.9375
1030.590789732436,275654.25
1030.61122276049,275641.5625
1030.6316556883105,275618.03125
1030.652088816125,275651.25
1030.6725218438296,275641.625
1030.6929547714171,275649.5
1030.713387898999,275650.125
1030.7338209263544,275667.0625
1030.754254053703,275662.75
1030.7746869809416,275633.4375
1030.7951200080645,275645.3125
1030.8155531351804,275655.75
1030.8359860620694,275652.3125
1030.8564190889592,275644.96875
1030.876852215726,275664.5
1030.8972852424995,275654.75
1030.9177181690393,275677.4375
1030.938151295573,275663.75
1030.9585842219967,275638.625
1030.9790173483052,275645.03125
1030.9994503746057,275664.78125
1031.0198833006798,275626.875
1031.0403164267557,275637.90625
1031.060749452707,275643.28125
1031.081182378548,275630.5
1031.1016155043908,275645.21875
1031.1220485299928,275632.875
1031.1424814556012,275680.5
1031.1629145812112,275648.4375
1031.1833476065804,275634.28125
1031.2037807319575,275653.21875
1031.2242136571003,275647.53125
1031.2446466822366,275644.28125
1031.265079807381,275617.25
1031.285512732291,275646.65625
1031.3059457571944,275633.65625
1031.3263788819895,275662.4375
1031.346811806667,275653.78125
1031.367244831221,275635.65625
1031.3876779557831,275668.125
1031.4081109802282,275648.65625
1031.4285439045489,275646.6875
1031.448977028762,275657.125
1031.469410052974,275618.21875
1031.4898430770627,275615.5625
1031.510276101042,275657.8125
1031.5307091249051,275636.65625
1031.5511422486452,275621.34375
1031.571575172391,275657.84375
1031.5920080960204,275654.5625
1031.6124412195277,275657.125
1031.6328742430414,275643.03125
1031.6533072663224,275630.53125
1031.673740289596,275602.0625
1031.6941733127603,275623.6875
1031.7146064359258,275651.65625
1031.7350393588497,275642.125
1031.7554723817811,275638.15625
1031.77590550459,275651.9375
1031.7963384274044,275654.90625
1031.8167714499868,275632.8125
1031.83720457257,275645.59375
1031.857637495028,275651.625
1031.8780705173776,275600.71875
1031.8985036397207,275621.90625
1031.918936661954,275627.25
1031.9393696840707,275605.71875
1031.959802706071,275629.4375
1031.9802357279475,275625.625
1032.0006687498317,275644.75
1032.021101771592,275592.9375
1032.041534793243,275596.125
1032.061967914895,275616.9375
1032.0824008364289,275629.09375
1032.10283385784,275635.0625
1032.1232669791425,275622.96875
1032.14369990032,275617.34375
1032.1641329215054,275624.5
1032.1845660425752,275613.90625
1032.204998963527,275637.03125
1032.2254320844731,275634.5
1032.2458650051922,275646.5625
1032.2662980259047,275611.75
1033.0631859668283,275468.53125
1033.083618984172,275458.1875
1033.104052001392,275460.0
1033.124485018503,275468.71875
1033.1449181354983,275462.40625
1033.165351052492,275449.15625
1033.1857841693636,275459.3125
1033.2062171862417,275471.625
1033.226650102879,275481.875
1033.247083219525,275461.59375
1033.2675162360538,275408.8125
1033.287949152582,275430.21875
1033.3083822688714,275487.90625
1033.3288152851674,275430.9375
1033.349248201455,275432.875
1033.3696813175193,275448.0625
1033.3901143335825,275424.34375
1033.4105472495285,275448.59375
1033.4309803653523,275469.3125
1033.4514133811826,275461.15625
1033.47184649689,275447.21875
1033.4922794124868,275444.90625
1033.5127124280843,275455.65625
1033.5331454435582,275452.03125
1033.5535784589229,275451.875
1033.5740114741711,275472.53125
1033.594444489412,275451.59375
1033.614877504544,275415.1875
1033.6353105196758,275460.96875
1033.6557436345684,275405.9375
1033.6761765494666,275479.6875
1033.69660966425,275414.21875
1033.717042679025,275450.53125
1033.7374755936908,275423.09375
1033.7579087082413,275413.5
1033.7783417226674,275394.875
1033.7987746371,275425.84375
1033.8192077514177,275418.125
1033.839640765611,275425.375
1033.8600736798107,275434.53125
1033.8805067938956,275419.78125
1033.900939807856,275414.78125
1033.921372921708,275424.875
1033.9418058355586,275397.40625
1033.9622388492862,275389.78125
1033.982671963022,275401.0
1034.0031048765231,275381.0625
1034.023537890018,275359.1875
1034.0439710035207,275392.4375
1034.0644039167892,275397.625
1034.084836930051,275380.5
1034.1052700432049,275378.0
1034.1257030563577,275389.625
1034.1461360693866,275364.65625
1034.1870020951028,275350.1875
1034.2074351079063,275377.625
1034.2278681205937,275339.3125
1034.2483011332806,275338.875
1034.2687341457276,275341.9375
1034.289167158182,275372.90625
1034.3096000706355,275344.75
1034.3300331828505,275356.90625
1034.350466195072,275340.53125
1034.3708991072926,275330.53125
1034.3913322192748,275335.75
1034.4117652312634,275340.53125
1034.4321983431291,275330.0625
1034.4526312550006,275306.03125
1034.4730642667564,275293.78125
1034.4934973783893,275312.28125
1034.5139302899115,275299.65625
1034.5343633014345,275323.15625
1034.5547964128343,275328.40625
1034.5752293242404,275294.1875
1034.5956623355305,275324.9375
1034.6160954466975,275290.84375
1034.636528457755,275278.5625
1034.6569614688124,275301.15625
1034.677394479746,275251.6875
1034.6978274905705,275261.71875
1034.718260501395,275285.0
1034.7386935120958,275259.6875
1034.7591265226874,275260.5
1034.77955963328,275259.09375
1034.799992543747,275265.5
1034.820425554106,275254.21875
1034.8408586644657,275273.875
1034.8612915747,275241.9375
1034.881724684943,275224.25
1034.9021576949526,275214.09375
1034.9225906049542,275240.25
1034.9430237149645,275223.96875
1034.9634566247405,275225.375
1034.98388963451,275207.03125
1035.0043227442875,275206.59375
1035.0247556538309,275200.0625
1035.0451886633673,275171.53125
1035.065621772912,275190.53125
1035.0860546822223,275197.34375
1035.106487791527,275207.59375
1035.126920800838,275244.0625
1035.147353809909,275152.8125
1035.1677868189872,275159.125
1035.1882198280657,275156.875
1035.208652836911,275210.96875
1035.2290858458657,275156.96875
1035.2495188545945,275150.875
1035.2699518633162,275136.28125
1035.310817880425,275119.21875
1035.3312508889212,275104.71875
1035.3516839972945,275112.6875
1035.372116905557,275136.4375
1035.392550013814,275104.53125
1035.4129830219608,275077.5
1035.433415930107,275127.3125
1035.453849038131,275135.84375
1035.4742820460451,275089.96875
1035.494714953842,275086.8125
1035.5151480616332,275078.71875
1035.5355810693145,275067.40625
1035.556013976995,275094.65625
1035.5764470845534,275085.1875
1035.596879992001,275095.9375
1035.6173130994505,275089.3125
1035.637746106775,275056.25
1035.65817901399,275046.21875
1035.6786121212062,275077.78125
1035.6990451282982,275090.71875
1035.719478135281,275055.28125
1035.7399111422635,275039.65625
1035.7603441491228,275055.0625
1035.7807771559892,275054.65625
1035.8012101626227,275054.59375
1035.8216431693654,275066.15625
1035.8420762758833,275071.09375
1035.8625092824004,275034.84375
1035.882942188793,275048.6875
1035.9033752951946,275022.0
1035.9238083014789,275039.59375
1035.9442412076387,275049.09375
1035.964674313807,275039.15625
1035.9851073198588,275056.21875
1036.0055402257858,275043.25
1036.0259733317216,275005.3125
1036.0464063375402,275015.9375
1036.0668392433508,275001.03125
1036.0872723490538,275009.5625
1036.1077053546396,275006.6875
1036.128138460219,275018.21875
1036.1485713656875,275029.96875
1036.1690043710405,274973.78125
1036.189437476387,274996.6875
1036.2098703816227,275021.96875
1036.230303386743,274962.1875
1036.2507363918558,272365.34375
1036.2711693968597,264737.0625
1036.2916024018632,254803.703125
1036.3120354067432,245474.484375
1036.332468411514,240344.859375
1036.3529015162785,238709.765625
1036.373334520933,238475.921875
1036.3937674254703,239684.046875
1036.414200530009,243824.3125
1036.4346335344237,252624.796875
1036.4550664388444,262635.40625
1036.475499543143,271035.90625
1036.495932547332,274796.25
1036.51636545152,274946.96875
1036.5367985555931,274988.59375
1036.5572315595418,275010.0625
1036.5776646634986,274983.5
1036.5980975674463,274960.375
1036.6185305711697,274954.21875
1036.6389636748936,275011.375
1036.659396578616,274989.1875
1036.679829582099,274965.21875
1036.70026268559,274942.03125
1036.7206955890724,274974.96875
1036.7411285924463,274950.84375
1036.7615616957046,274959.96875
1036.7819946989548,274938.3125
1036.802427702096,274973.4375
1036.8228607051203,274959.53125
1036.843293708138,274945.125
1036.8637267111626,274965.21875
1036.8841597139544,274942.03125
1036.904592716739,274961.125
1036.9250257195308,274954.78125
1036.9454587220898,274939.625
1036.9658916247572,274940.53125
1036.9863247272006,274975.59375
1037.0067577296431,274927.21875
1037.0271908320792,274939.1875
1037.0476237342882,274956.375
1037.0680567366144,274968.53125
1037.0884898387012,274949.46875
1037.1089227407938,274929.5
1037.1293557427707,274942.46875
1037.1497888447411,274921.625
1037.1702217466009,274930.28125
1037.1906547484614,274916.6875
1037.211087850199,274979.9375
1037.231520751826,274925.8125
1037.2519537534536,274931.1875
1037.2723868549583,274951.375
1037.2928197564688,274912.25
1037.3132528578644,274920.0
1037.3336858591356,274960.0625
1037.354118860414,274910.65625
1037.374551861576,274887.3125
1037.3949848627308,274918.6875
1037.4154178637764,275183.28125
1037.4358508647056,274888.375
1037.4562838656277,274895.0625
1037.4767168664405,274884.28125
1037.4971499672538,274902.0
1037.517582867942,274874.15625
1037.5380159685228,274887.0625
1037.5584489690957,274887.75
1037.5788818695582,274896.15625
1037.5993149700223,274887.15625
1037.6197478703689,274868.78125
1037.6606139708238,274881.71875
1037.6810468710464,274875.28125
1037.7014798711607,274861.65625
1037.721912971159,274878.96875
1037.74234587104,274903.5
1037.762778970915,274883.75
1037.7832119707964,274872.96875
1037.8036448705534,274888.78125
1037.8240779702028,274887.875
1037.844510969735,274915.1875
1037.86494396926,274897.5
1037.885376968792,275472.53125
1037.905809968208,274856.28125
1037.9262429675,274862.1875
1037.9466759667994,274881.9375
1037.9671089659823,274874.5625
1037.9875420651588,274871.15625
1038.007975064225,274858.65625
1038.028407963175,274893.15625
1038.0488410621183,274893.8125
1038.069274060952,274899.40625
1038.089706959785,274879.40625
1038.1101400584955,274906.25
1038.130573057213,274871.09375
1038.1510059558132,274881.875
1038.1714390544075,274901.375
1038.1918720527756,274894.25
1038.21230505126,274894.21875
1038.2327380495044,274881.40625
1038.2531710478725,274881.90625
1038.3757690360871,274848.125
1038.3962020338731,274892.75
1038.4166350316518,274863.3125
1038.437068129322,274861.875
1038.4575010268743,274868.65625
1038.4779340244204,274854.71875
1038.4983671219743,274847.25
1038.5188000194105,274834.5
1038.5392330167233,274865.3125
1038.5596661140444,274868.0625
1038.5800991112485,274888.65625
1038.6005320083275,274860.1875
1038.620965105416,274820.90625
1038.6413981024962,274844.6875
1038.6618309994665,274840.0625
1038.682264096322,274837.53125
1038.7026970931763,274820.71875
1038.7231301899085,274877.3125
1038.7435630866455,274852.46875
1038.7639960832605,274811.96875
1038.7844291798829,274848.53125
1038.8048620763875,274852.625
1038.8252950727765,274831.59375
1038.845728169159,274824.15625
1038.8661610655472,274836.375
1038.8865940618125,274823.34375
1038.907027057969,274794.71875
1038.9274600541248,274840.0
1038.947893150158,274835.96875
1038.968326046197,274824.6875
1038.9887590421204,274827.78125
1039.0091921379208,274801.875
1039.029625133844,274814.09375
1039.0500580295338,274822.25
1039.0704911252178,274803.09375
1039.090924120792,274803.46875
1039.1113570163652,274761.0625
1039.1317901119328,274759.03125
1039.152223107274,274812.78125
1039.1726562027325,274809.375
1039.1930890979493,274803.78125
1039.2135220932903,274771.53125
1039.2339551883997,274773.8125
1039.2543880835,274735.84375
1039.2748210786085,274750.46875
1039.2952541736013,274749.625
1039.3156870684688,274753.15625
1039.3361200633444,274752.5625
1039.3565531582208,274783.84375
1039.376986052972,274787.5625
1039.3974191476154,274739.875
1039.4178521422582,274732.09375
1039.4382850367765,274736.1875
1039.4587181313036,274764.46875
1039.4791511257135,274753.1875
1039.4995841201162,274762.53125
1039.5200171144097,274756.84375
1039.5404501087032,274732.0
1039.5608830028723,274732.03125
1039.5813160969335,274725.1875
1039.6017490909944,274713.53125
1039.6221820850478,274697.40625
1039.642615078992,274729.71875
1039.66304807282,274725.15625
1039.6834810666403,274734.9375
1039.7039140604684,274703.65625
1039.7243470541798,274765.0
1039.7447801477683,274710.4375
1039.7652130413626,274710.9375
1039.7856460348412,274733.6875
1039.8060791283133,274705.65625
1039.8265120216747,274675.6875
1039.8469451150304,274712.71875
1039.8673781082762,274735.5
1039.8878110015212,274669.96875
1039.9082440946513,274658.59375
1039.9286770877734,274673.1875
1039.9491099807856,274673.53125
1039.969543073792,274664.25
1039.9899760666883,274625.71875
1040.010409059585,274676.59375
1040.030842052358,274662.71875
1040.051275045138,274651.59375
1040.0717081378025,274632.90625
1040.0921410303415,274611.3125
1040.1125740230054,274660.625
1040.133007115437,274615.59375
1040.15344000786,274608.28125
1040.1738730002908,274611.09375
1040.194306092606,274597.21875
1040.214738984796,274638.96875
1040.235171976994,274633.90625
1040.2556050691928,274598.53125
1040.2760379612664,274583.59375
1040.296470953348,274610.65625
1040.316904045314,274568.84375
1040.3373369371548,274601.71875
1040.3577700290043,274597.0
1040.378203020853,274569.84375
1040.3986359125774,274592.59375
1040.4190690041942,274552.53125
1040.43950199581,274586.5625
1040.459934887418,274562.9375
1040.4803679789184,274570.3125
1040.5008009703015,274535.09375
1040.5212338616766,274517.375
1040.5416669530605,274559.125
1040.5620999443272,274538.65625
1040.582533035471,274534.40625
1040.6029659266203,274557.40625
1040.6233989177708,274540.59375
1040.6438320087982,274531.90625
1040.664264899715,274496.15625
1040.6846978907488,274500.03125
1040.705130981543,274565.875
1040.7255639723444,274520.375
1040.745996863145,274484.5
1040.7664299538228,274461.40625
1040.786862944391,274492.0625
1040.8072959350684,274495.375
1040.8277289255202,274473.0625
1040.8481618159713,274495.125
1040.8685949064238,274461.5
1040.889027896752,274434.25
1040.9094607870866,274459.4375
1040.929893877299,274433.75
1040.950326867518,274432.71875
1040.9707597576198,274421.40625
1040.9911928477231,274419.78125
1041.011625837702,274430.9375
1041.032058927689,274415.71875
1041.0524918175506,274426.84375
1041.0729248074203,274415.09375
1041.0933578971744,274410.40625
1041.113790786927,274391.46875
1041.1342237765566,274377.46875
1041.1546568661945,274338.90625
1041.1750897558231,274377.0
1041.1955227453436,274371.15625
1041.2159558347485,274333.5625
1041.2363888241453,274371.03125
1041.297687792001,274323.15625
1041.3181207811722,274308.5
1041.3385537703434,274319.84375
1041.358986759391,274306.0
1041.3794198484466,274304.8125
1041.3998527373842,274291.0
1041.4202857263151,274280.40625
1041.440718815138,274277.59375
1041.461151703959,274252.28125
1041.4815847926584,274247.6875
1041.5020176813632,274219.6875
1041.5224506699524,274229.28125
1041.542883758535,274282.0
1041.5633166471234,274214.78125
1041.5837496355962,274221.875
1041.604182723946,274219.5625
1041.6246156123016,274227.03125
1041.645048600658,274175.375
1041.6654816888913,274158.78125
1041.6859145771305,274187.28125
1041.7063476652547,274141.5
1041.726780653371,274111.71875
1041.747213641378,274130.6875
1041.7676466293851,274142.71875
1041.7880796172683,274124.40625
1041.8085126051592,274126.4375
1041.82894559305,274105.96875
1041.8493785808168,274138.40625
1041.8698115684747,274085.59375
1041.890244656126,274077.40625
1041.910677543783,274052.25
1041.9311106313253,274055.15625
1041.9515436188667,274030.0
1041.9719765062837,274067.46875
1041.9924095937097,274038.8125
1042.0128425811272,274003.59375
1042.033275468435,274013.375
1042.053708555628,274017.5
1042.07414154282,274012.4375
1042.0945744300045,273997.875
1042.1150075170808,274016.59375
1042.1354405041493,273985.9375
1042.1558734911089,273952.25
1042.176306478068,273943.0
1042.196739464911,273932.9375
1042.2171724517466,273929.625
1042.237605438473,273922.65625
1042.2580384251924,273942.25
1042.2784714119189,273869.375
1042.298904398529,273891.1875
1042.319337385139,273880.125
1042.3397703716255,273886.15625
1042.3602033581192,273886.59375
1042.38063644449,273886.5625
1042.4010693308664,273828.40625
1042.4215023172435,273842.03125
1042.441935403498,273781.96875
1042.4623683896425,273793.5
1042.4828012759026,273780.53125
1042.503234361924,273818.25
1042.5236673480686,273764.34375
1042.5441002340958,273758.40625
1042.564533320001,273781.375
1042.5849663059123,273724.3125
1042.605399391825,273715.78125
1042.625832277612,273688.84375
1042.6462652634073,273718.375
1042.6666983490868,273692.21875
1042.6871312347575,273685.75
1042.70756422032,273665.8125
1042.7279973058758,273654.90625
1042.7484301914374,273678.09375
1042.768863176883,273640.15625
1042.7892961623293,273601.0
1042.8097291476515,273592.78125
1042.8301622329818,273616.1875
1042.8505951181942,273562.34375
1042.8710281034,273548.09375
1042.891461188614,273562.0625
1042.9118940737098,273538.6875
1042.9323270587993,273557.5
1042.9527601437803,273526.59375
1042.973193128753,273486.625
1042.9936260137329,273527.21875
1043.0140590985975,273488.3125
1043.0344920834614,273488.09375
1043.0549250682016,273446.40625
1043.075358052949,273485.90625
1043.0957910375728,273444.21875
1043.1162241222046,273441.5625
1043.1366570068349,273443.40625
1043.1570899913495,273442.625
1043.1775230758576,273443.59375
1043.197955960255,273425.9375
1043.218388944646,273414.40625
1043.2388220289286,273395.75
1043.2592549132096,273429.4375
1043.2796878974914,273379.8125
1043.3001209816505,273373.5625
1043.3205538658149,273368.0625
1043.3409869499735,273353.4375
1043.3614199340227,273368.96875
1043.3818528179545,273331.1875
1043.402285901997,273316.96875
1043.4227188859295,273326.46875
1043.4431518697456,273287.34375
1043.4635848535545,273312.125
1043.4840178373706,273308.375
1043.5044508210703,273304.46875
1043.5248838047628,273268.25
1043.545316788346,273251.09375
1043.5657497719294,273267.25
1043.5861827555054,273263.1875
1043.6066157389723,273268.125
1043.62704882244,273203.78125
1043.6474817057824,273214.9375
1043.6679146891329,273243.8125
1043.688347772484,273170.75
1043.70878065571,273197.8125
1043.7292136389442,273178.84375
1043.7496467220626,273177.25
1043.7700796051722,273157.96875
1043.7905126882906,273144.1875
1043.8109456712918,273119.40625
1043.831378554285,272994.15625
1043.8518116371706,271354.625
1043.8722446201718,269704.4375
1043.8926775029322,269128.96875
1043.9131105858178,268638.75
1043.9335435684698,268439.0
1043.9539765512309,268435.1875
1043.9744095338829,268350.09375
1043.9948425165348,268280.3125
1044.015275599064,268371.75
1044.0357084815987,268561.15625
1044.0561414641345,268831.84375
1044.076574546547,269390.375
1044.097007528966,270851.4375
1044.117440411268,272725.59375
1044.1378734935645,272987.65625
1044.158306475867,272981.3125
1044.1787393580526,272977.65625
1044.1991724402324,272949.59375
1044.2196053223015,272968.53125
1044.2604713864348,272924.59375
1044.280904268504,272939.90625
1044.301337350451,272962.3125
1044.321770332288,272917.875
1044.3422032142407,272921.1875
1044.362636295962,272887.125
1044.383069277792,272905.84375
1044.4035021595118,272903.71875
1044.423935241226,272904.75
1044.4443682228302,272890.40625
1044.4648013044352,272870.75
1044.4852341860387,272848.90625
1044.5056671675193,272830.59375
1044.526100249008,272824.03125
1044.5465331303712,272831.625
1044.566966111859,272867.3125
1044.5873991931148,272998.75
1044.607832174479,272884.875
1044.6282650557332,272839.15625
1044.6486981368726,272820.59375
1044.6691311181205,272808.03125
1044.6895640992589,272817.6875
1044.709997080281,272798.96875
1044.730430061296,272777.09375
1044.7508631423188,272766.375
1044.7712960233405,272770.59375
1044.7917290042387,272740.125
1044.8121619851445,272751.625
1044.8325949659338,272726.8125
1044.8530278467224,272687.90625
1044.8734609275052,272691.78125
1044.893893908178,272706.53125
1044.9143269888446,272695.28125
1044.9347598695167,272676.03125
1044.9551928500732,272650.09375
1044.9756259306232,272622.90625
1044.9960588110623,272625.03125
1045.0164917915026,272634.78125
1045.0369248719362,272609.96875
1045.0573577523755,272603.96875
1045.0777907326992,272575.28125
1045.0982238130164,272595.6875
1045.1186567932236,272572.09375
1045.139089773431,272573.46875
1045.1595227536309,272537.59375
1045.1799557337215,272547.5625
1045.2003887138126,272555.90625
1045.220821693896,272533.9375
1045.2412546738706,272566.375
1045.2616876538375,272531.875
1045.2821206338122,272506.71875
1045.302553713671,272511.5
1045.3229866935217,272536.75
1045.343419573379,272530.5
1045.3638526531213,272486.15625
1045.3842856328556,272511.6875
1045.40471851248,272467.46875
1045.425151592106,272510.9375
1045.445584571724,272510.875
1045.4660174513483,272471.9375
1045.4864505308578,272469.875
1045.5068834103586,272445.40625
1045.527316489868,272430.5
1045.5477494692605,272436.875
1045.568182348652,272465.15625
1045.5886154279217,272442.15625
1045.6090484071974,272421.6875
1045.6294812864653,272419.96875
1045.649914365742,272421.75
1045.6703473449015,272419.09375
1045.6907803240538,272438.59375
1045.7112133030969,272404.3125
1045.73164628214,272357.15625
1045.7520793611766,272416.4375
1045.7725123402197,272345.46875
1045.7929452191456,272347.84375
1045.8133782980658,272322.78125
1045.833811276876,272350.71875
1045.8542441556856,272343.65625
1045.8746772344894,272327.6875
1045.8951102132996,272325.875
1045.9155430919927,272336.6875
1045.93597617068,272299.09375
1045.956409149374,272314.03125
1045.9768422279449,272299.15625
1045.9972751065216,272301.875
1046.0177080849826,272320.875
1046.0381411635608,272332.59375
1046.0585740420138,272311.96875
1046.0790070203584,272266.0
1046.099440098813,272281.5
1046.1198729771568,272288.0
1046.140305955385,272319.125
1046.1607389337296,272310.96875
1046.1811719119503,272275.84375
1046.201604990063,272288.40625
1046.2220378682905,272267.75
1046.242470846395,272272.21875
1046.2629039245076,272297.75
1046.2833368025022,272280.75
1046.3037697804905,272250.5625
1046.3242028584864,272255.03125
1046.3446358364745,272289.46875
1046.365068714353,272238.96875
1046.3855017922324,272288.15625
1046.405934769995,272279.71875
1046.4263677478666,272297.09375
1046.4468007256291,272305.40625
1046.467233703268,272262.0625
1046.4876667810313,272271.90625
1046.5080996586769,272277.03125
1046.5285326363228,272276.84375
1046.548965713846,272252.96875
1046.569398591375,272242.9375
1046.5898315688974,272256.21875
1046.6102646464278,272275.84375
1046.6306975238404,272279.1875
1046.6511306012471,272256.0
1046.671563578544,272266.0625
1046.6919964559563,272264.25
1046.712429533247,272254.78125
1046.7328625104274,272253.4375
1046.7532953877237,272265.4375
1046.7737284648974,272301.90625
1046.7941613420771,272273.90625
1046.8145943191412,272280.5625
1046.8350273963151,272250.09375
1046.8554603733792,272231.6875
1046.8758933503268,272252.625
1046.8963263273836,272261.4375
1046.9167593043312,272254.90625
1046.9371922812788,272236.6875
1046.9576252581028,272266.5
1046.978058234934,272267.1875
1046.998491311766,272246.6875
1047.0189241885892,272256.34375
1047.039357165304,272283.125
1047.0597902420195,272230.8125
1047.0802231187265,272271.28125
1047.1006561954418,272257.71875
1047.1210891720402,272241.4375
1047.1415220486306,272232.75
1047.1619551251133,272235.09375
1047.1823881017117,272260.53125
1047.2028209781856,272261.84375
1047.243687031034,272217.03125
1047.2641199073914,272242.875
1047.2845529837575,272241.3125
1047.3049859601233,272220.90625
1047.325419036366,272249.75
1047.3458519126143,272232.75
1047.3662848888634,272232.34375
1047.3867179649897,272231.53125
1047.407150841238,272231.9375
1047.4275838173708,272277.9375
1047.4480167933798,272272.8125
1047.4684497695123,272254.25
1047.4888827455288,272221.15625
1047.509315721538,272238.9375
1047.5297486974378,272234.84375
1047.5501817734475,272223.96875
1047.5706147493474,272234.71875
1047.5910476252466,272247.0625
1047.6114807010308,272237.0625
1047.631913676807,272238.875
1047.6523465525895,272251.4375
1047.6727796283667,272280.0
1047.693212604092,272247.1875
1047.7136454797585,272275.09375
1047.7340785554188,272255.9375
1047.7545115310277,272248.6875
1047.7749446066373,272262.59375
1047.79537748218,272262.875
1047.8158104577303,272233.90625
1047.8362435332238,272239.78125
1047.8566764087082,272270.03125
1047.8771093841424,272291.5
1047.8975424595192,272238.84375
1047.9179753349454,272242.6875
1047.9384083102632,272240.6875
1047.9588413855818,272199.8125
1047.9792743608923,272279.21875
1047.999707336152,272197.375
1048.020140311353,272258.625
1048.0405732865474,272247.125
1048.0610062617488,272239.90625
1048.081439236892,272254.46875
1048.101872111969,272247.375
1048.1223051870547,272241.375
1048.1427381621395,272216.15625
1048.1631710371585,272246.5625
1048.1836041121278,272247.8125
1048.2040370870964,272250.1875
1048.2244701620002,272250.6875
1048.244903036968,272260.0625
1048.2653360118202,272240.9375
1048.2857690866658,272279.21875
1048.306201961459,272241.4375
1048.326634936253,272216.625
1048.3470680110404,272261.15625
1048.3675008857754,272217.46875
1048.387933860453,272234.03125
1048.408366935124,272270.46875
1048.4287998098007,272218.46875
1048.4492328844208,272214.0
1048.4696658589746,272225.15625
1048.4900988335355,272204.5625
1048.5105318080896,272239.46875
1048.5309647825925,272219.0
1048.5513977570954,272236.84375
1048.57183073154,272247.3125
1048.5922637059775,272269.75
1048.6126967803648,272243.75
1048.6331297546858,272229.21875
1048.6535626290715,272255.25
1048.6739957034006,272228.25
1048.69442857767,272233.90625
1048.7148615519327,272266.6875
1048.735294626145,272232.40625
1048.7557275003492,272246.84375
1048.776160474561,272216.40625
1048.7965935487157,272266.3125
1048.8170264228102,272250.6875
1048.837459496899,272240.4375
1048.8578924709946,272241.0
1048.8783253450238,272236.6875
1048.8987584190618,272231.625
1048.9191913930408,272253.65625
1048.939624267019,272255.34375
1048.9600573409334,272281.375
1048.9804903148545,272214.78125
1049.0009232887096,272255.3125
1049.0213562626304,272252.0625
1049.0417892364349,272237.0
1049.0622223102328,272277.78125
1049.0826551840364,272284.8125
1049.1030881577826,272268.03125
1049.1235212315223,272293.6875
1049.1439541052096,272297.5625
1049.1643870788976,272330.03125
1049.184820152579,272318.96875
1049.2052531262088,272340.5625
1049.2256859997797,272292.8125
1049.246119073403,272321.03125
1049.2665520469163,272326.96875
1049.2869850204297,272351.84375
1049.307417993994,272335.78125
1049.3278509674492,272356.0
1049.3482839409044,272324.5
1049.3687169143525,272351.625
1049.3891498877492,272365.34375
1049.4095828611462,272371.375
1049.4300158344777,272339.65625
1049.4504488078164,272362.6875
1049.470881781097,272381.90625
1049.4913147543705,272352.1875
1049.5117478276516,272348.53125
1049.5321807008731,272400.4375
1049.5526136740882,272378.125
1049.5730467473113,272394.78125
1049.593479620475,272408.46875
1049.613912593573,272414.65625
1049.63434566668,272401.96875
1049.6547785397852,272393.78125
1049.6752115128838,272421.25
1049.6956445859323,272455.4375
1049.7160775589143,272421.03125
1049.7365105319625,272438.5
1049.7569435048936,272441.15625
1049.777376477883,272438.53125
1049.797809450807,272418.28125
1049.8182424236802,272446.65625
1049.8386753966042,272454.53125
1049.85910846942,272426.6875
1049.8795413422922,272412.9375
1049.899974315107,272446.34375
1049.9204073879157,272441.25
1049.9408402606714,272467.15625
1049.9612733334216,272462.625
1049.98170630612,272453.0625
1050.0021391788175,272492.71875
1050.0225722515097,272488.90625
1050.0430051242074,272500.4375
1050.0634380968477,272495.5
1050.0838711694232,272481.40625
1050.1043040420043,272507.34375
1050.124737114587,272466.0
1050.145170087162,272492.375
1050.1656029596852,272493.4375
1050.1860360322098,272508.71875
1050.2269019771338,272528.875
1050.2473349495997,272504.34375
1050.2677679219996,272522.1875
1050.288200894407,272519.53125
1050.3086338668145,272570.59375
1050.3290668391564,272525.1875
1050.3494999115064,272564.75
1050.3699328837974,272523.21875
1050.3903657560804,272561.25
1050.4107988283722,272560.5625
1050.4312318005975,272576.71875
1050.451664672888,272551.5
1050.4720977450634,272584.75
1050.4925307172962,272599.78125
1050.5129635894627,272611.34375
1050.53339666158,272595.09375
1050.5538296337472,272612.28125
1050.5742627058644,272617.5
1050.5946955779218,272586.34375
1050.6151285500382,272645.53125
1050.63556162209,272604.96875
1050.655994494089,272582.84375
1050.6764274660818,272626.625
1050.69686043814,272609.3125
1050.7172934100818,272599.09375
1050.7377263820235,272681.125
1050.758159353958,272633.875
1050.7785923258998,272627.0
1050.7990253977769,272646.90625
1050.8194582696597,272646.625
1050.8398912415432,272673.53125
1050.860324313362,272662.15625
1050.8807572851874,272697.90625
1050.901190157012,272673.6875
1050.921623228773,272672.5
1050.9420562005398,272712.46875
1050.9624890723062,272669.375
1050.9829221440086,272702.46875
1051.0033551157176,272675.65625
1051.0237881874273,272701.625
1051.0442210591282,272709.375
1051.064654030779,272707.0
1051.0850871024304,272733.59375
1051.105519974015,272718.71875
1051.1259529456074,272760.78125
1051.1463860172007,272742.75
1051.1668188887852,272732.65625
1051.1872519603205,272734.75
1051.2076849318546,272741.75
1051.2281178033809,272741.40625
1051.2485508748578,272716.25
1051.268983846392,272735.6875
1051.289416717802,272799.6875
1051.3098497892788,272777.65625
1051.330282660696,272793.9375
1051.3507157321071,272780.71875
1051.3711487035253,272813.59375
1051.391581674885,272790.53125
1051.4120146462374,272776.90625
1051.432447617597,272785.3125
1051.4528805888986,272792.0
1051.473313560251,272782.3125
1051.4937465315525,272797.5625
1051.5141795027955,272785.1875
1051.53461247409,272785.6875
1051.5550454453332,272825.75
1051.5754784165183,272823.5
1051.595911487755,272797.0625
1051.6163443589394,272870.46875
1051.636777430118,272851.40625
1051.657210401303,272865.03125
1051.6776432724291,272860.71875
1051.698076343615,272835.125
1051.7185093147343,272829.0
1051.7389421858024,272868.96875
1051.7593752569228,272866.96875
1051.7798082279917,272869.1875
1051.8002410990591,272864.3125
1051.8206741700706,272857.96875
1051.841107141132,272851.6875
1051.8615402121432,272891.125
1051.8819730831456,272892.78125
1051.9024060540978,272871.125
1051.9228391250508,272870.96875
1051.9432719960023,272907.65625
1051.9637049669473,272895.5625
1051.9841379378995,272880.6875
1052.0045709087865,272910.625
1052.025003979681,272936.90625
1052.0454368505743,272926.34375
1052.0658698214684,272919.625
1052.0863028922977,272914.1875
1052.1067358631335,272935.125
1052.1271687339613,272925.375
1052.147601804798,272948.34375
1052.1680347755755,272925.09375
1052.1884676463524,272931.25
1052.2089007171237,272937.03125
1052.229333687901,273030.9375
1052.249766758614,272980.09375
1052.2701996293326,272954.15625
1052.290632600052,272932.03125
1052.311065670765,272939.53125
1052.3314985414836,272949.21875
1052.3519315121448,272981.9375
1052.3723645827995,272986.53125
1052.39279745346,273012.03125
1052.4132304241211,273005.03125
1052.4336634947176,273013.6875
1052.45409636532,273019.8125
1052.4745294359236,273017.9375
1052.494962406519,272990.15625
1052.515395377064,273010.0
1052.5358283476671,273083.90625
1052.5562613182046,273002.4375
1052.5766942887494,273042.71875
1052.5971272592942,273044.59375
1052.6175602297735,273031.9375
1052.6379932003183,273038.75
1052.658426170805,273057.34375
1052.6788591412842,273020.78125
1052.6992921117126,273028.125
1052.7197250821991,273078.96875
1052.7401580526202,273070.46875
1052.7605911230494,273068.875
1052.781023993477,273049.71875
1052.801456963898,273076.40625
1052.821890034269,273088.46875
1052.8423229046894,273097.59375
1052.8627559750605,273089.4375
1052.8831889454304,273108.28125
1052.9036218158,273092.03125
1052.9240548861053,273119.5
1052.9444878564757,273096.375
1052.9649207267794,273128.96875
1052.985353797092,273119.03125
1053.005786767404,273098.53125
1053.0262196377153,273195.75
1053.0466527079625,273156.375
1053.0670856782162,273181.9375
1053.0875187484637,273176.46875
1053.1079516187165,273207.34375
1053.1283845889702,273217.96875
1053.1488176592177,273350.65625
1053.1692505294122,273204.5
1053.210116569855,273183.0
1053.2305495400506,273197.40625
1053.2509824101871,273248.8125
1053.2714154803762,273219.53125
1053.2918484505717,273193.59375
1053.312281420709,273242.34375
1053.332714390839,273212.8125
1053.3531472609757,273238.65625
1053.3735803311138,273269.6875
1053.3940133011856,273255.84375
1053.4144461713222,273280.4375
1053.434879241402,273272.96875
1053.455312211532,273263.125
1053.475745281612,273277.34375
1053.4961781516904,273260.65625
1053.5166111217625,273293.5
1053.537044191784,273291.375
1053.5574770618623,273349.59375
1053.577910031876,273333.28125
1053.5983431018976,273293.71875
1053.6187759719178,273328.1875
1053.6392089419314,273335.0
1053.659642011953,273320.1875
1053.6800748819733,273359.40625
1053.7005079519297,273369.28125
1053.7209409219504,273377.8125
1053.741373891913,273364.90625
1053.7618068618683,273356.1875
1053.7822398318312,273389.15625
1053.802672801787,273382.0625
1053.8231057717494,273405.78125
1053.843538741654,273415.78125
1053.8639717116166,273462.46875
1053.8844047815146,273476.34375
1053.9048376514766,273419.90625
1053.9252707213743,273418.96875
1053.945703691279,273460.1875
1053.9661365611828,273455.03125
1053.9865696310808,273475.1875
1054.0070025009263,273469.875
1054.0274354708308,273446.34375
1054.0478685406706,273481.90625
1054.0683014105743,273485.5
1054.0887344804214,273482.375
1054.1091674502604,273464.28125
1054.129600320106,273470.21875
1054.150033389953,273521.0
1054.170466359792,273540.75
1054.1908992296376,273503.53125
1054.2113322994264,273506.09375
1054.2317652692657,273532.9375
1054.2521981390528,273534.875
1054.2726312088998,273514.3125
1054.2930641786809,273512.6875
1054.3134972484695,273550.59375
1054.3339301182568,273528.40625
1054.3543630880376,273527.96875
1054.3747961578265,273557.21875
1054.3952291276146,273574.59375
1054.4156619973946,273566.34375
1054.4360950671253,273589.46875
1054.4565280369134,273603.53125
1054.4769609066352,273609.4375
1054.497393976424,273609.625
1054.517826946154,273639.125
1054.5382599158766,273662.75
1054.5586928856646,273658.03125
1054.5791258553943,273664.9375
1054.5995588251171,273668.1875
1054.619991794847,273642.4375
1054.640424664576,273680.34375
1054.6608577342413,273685.875
1054.6812907039712,273694.875
1054.7017237737018,273747.8125
1054.7221566433657,273713.28125
1054.742589613095,273694.40625
1054.7630226827605,273736.4375
1054.7834555524896,273709.84375
1054.8038885221613,273742.375
1054.824321591892,273730.9375
1054.8447544615556,273714.34375
1054.8651874312272,273750.8125
1054.8856205008924,273754.9375
1054.906053470564,273761.40625
1054.9264864402355,273772.21875
1054.9469194099074,273802.15625
1054.9673523795718,273777.40625
1054.9877853492435,273797.5625
1055.008218318908,273800.34375
1055.0286512885796,273806.96875
1055.0490842582512,273810.5625
1055.069517227923,273846.5625
1055.089950197529,273840.9375
1055.1103832672015,273842.78125
1055.1308161368652,273867.25
1055.1512492064794,273810.9375
1055.1716821760929,273869.53125
1055.1921150457638,273885.4375
1055.212548115429,273869.71875
1055.2329810850424,273878.78125
1055.2534139546478,273852.59375
1055.2738470243205,273869.1875
1055.294279893933,273903.09375
1055.314712963598,273939.0625
1055.3351459332116,273906.6875
1055.3555788028243,273913.375
1055.3760118724897,273918.71875
1055.396444842103,273916.5
1055.4168777117156,273931.4375
1055.4373107813226,273911.09375
1055.4577437509945,273961.28125
1055.4781767206075,273955.34375
1055.498609690214,273955.0625
1055.5190426598274,273952.625
1055.5394757294416,273959.25
1055.5599085991053,273990.5
1055.5803415687187,273988.40625
1055.6007746383257,273989.75
1055.6212076079391,273974.0625
1055.6416404775518,273981.46875
1055.662073547166,273928.96875
1055.6825065168305,274010.75
1055.702939486444,274025.3125
1055.72337245605,274067.5625
1055.7438054256636,274059.65625
1055.7642384952778,274015.96875
1055.7846713648903,274038.21875
1055.805104334555,274035.15625
1055.8255373041684,274036.125
1055.8459702737746,274031.25
1055.866403243388,274050.21875
1055.8868362130595,274087.5625
1055.9072691826732,274046.53125
1055.92770225228,274034.9375
1055.9481351218928,274076.5
1055.9685680915572,274081.21875
1055.9890011611717,274090.65625
1056.0094340308424,274080.28125
1056.029867000456,274094.0
1056.0503000700628,274057.4375
1056.0707329397335,274098.09375
1056.09116590934,274128.09375
1056.1115989790123,274145.625
1056.1524649182902,274109.21875
1056.1933308575751,274142.21875
1056.2137638272395,274146.03125
1056.2341967969114,274157.4375
1056.2546297665249,274116.1875
1056.27506283619,274169.15625
1056.295495705861,274179.8125
1056.3159287755334,274130.21875
1056.3363617451978,273981.71875
1056.3567946148687,272495.875
1056.3772276845411,270673.90625
1056.3976606542055,270010.28125
1056.4180935238765,270049.3125
1056.4385265935489,270011.71875
1056.4589595632133,270021.09375
1056.4793924329424,270541.6875
1056.4998255026148,272354.0
1056.5202584722792,273941.53125
1056.5406914420091,274241.90625
1056.5611244116808,274244.8125
1056.5815572814026,274245.0625
1056.6019903511333,274269.875
1056.622423320805,274245.9375
1056.6428562905276,274257.34375
1056.6632892602574,274238.15625
1056.683722229987,274263.0
1056.7041552997107,274294.15625
1056.7245881694398,274267.71875
1056.7450211391697,274304.21875
1056.765454208893,274306.59375
1056.7858871786812,274255.5625
1056.8063200484105,274296.4375
1056.8267531181336,274318.4375
1056.8471860879215,274311.78125
1056.867618957709,274328.75
1056.8880520274324,274312.03125
1056.9084849972205,274354.75
1056.928918067002,274345.8125
1056.9493509367894,274325.1875
1056.9697839065775,274329.125
1056.990216976359,274381.09375
1057.0106498461464,274359.4375
1057.0310828159345,274379.6875
1057.0515158857745,274386.59375
1057.0719487555616,274359.4375
1057.092381725408,274362.59375
1057.1128147952477,274391.0625
1057.133247665035,274408.65625
1057.153680734882,274380.28125
1057.1741136047203,274416.53125
1057.1945465745666,274407.875
1057.214979644472,274440.8125
1057.2354125143174,274440.53125
1057.2558454841565,274436.0625
1057.2762785540615,274441.96875
1057.2967114239582,274441.8125
1057.3171444938052,274448.71875
1057.3375774637095,274478.8125
1057.358010433607,274454.53125
1057.3784434035117,274447.78125
1057.3988763734742,274472.5625
1057.4193093433714,274471.59375
1057.439742313276,274470.875
1057.4601752832386,274478.125
1057.480608253194,274491.9375
1057.5010413230991,274504.1875
1057.5214741930613,274518.96875
1057.5419072630175,274510.1875
1057.5623402330384,274522.59375
1057.5827731030004,274503.0
1057.6032061729566,274546.4375
1057.6236391429777,274545.125
1057.6440720129976,274516.625
1057.664505083012,274543.75
1057.684938053033,274544.46875
1057.7053709230531,274550.09375
1057.7258039930675,274513.21875
1057.7462369631469,274554.03125
1057.7666699331676,274582.15625
1057.7871029032394,274598.59375
1057.8075358733186,274592.1875
1057.8279688433977,274590.71875
1057.8484018134695,274608.375
1057.868834783549,274599.65625
1057.889267753686,274614.875
1057.909700723758,274622.5
1057.930133793896,274600.59375
1057.9505666640323,274641.90625
1057.9709996341626,274664.9375
1057.991432704301,274662.21875
1058.011865674489,274613.125
1058.0322985446835,274671.0625
1058.0527316148218,274621.71875
1058.07316458501,274633.0
1058.0935974552049,274673.09375
1058.1140305254012,274685.5
1058.1344634956477,274664.03125
1058.154896565844,274687.3125
1058.175329436097,274683.5625
1058.1957624063434,274674.8125
1058.216195476598,274704.6875
1058.236628346851,274714.625
1058.2570613171556,274729.375
1058.27749438741,274742.40625
1058.2979272577213,274766.15625
1058.3183603280268,274720.4375
1058.3387932983387,274723.21875
1058.359226168708,274736.5
1058.3796592390136,274776.625
1058.4000922093835,274778.0
1058.420525179754,274801.75
1058.4409581501168,274785.78125
1058.461391120487,274792.4375
1058.481824090915,274811.90625
1058.5022570612782,274820.59375
1058.5226900317066,274838.5625
1058.543123002135,274842.09375
1058.5635559726145,274849.375
1058.5839889430426,274814.59375
1058.6044219135292,274839.46875
1058.6248548840083,274862.9375
1058.645287854495,274835.90625
1058.6657209249825,274858.6875
1058.6861537955192,274844.28125
1058.7065868660063,274853.46875
1058.727019836544,274862.0625
1058.747452707088,274892.375
1058.7678857776918,274866.96875
1058.7883187482366,274938.15625
1058.8087516188316,274942.0
1058.8291846894354,274933.03125
1058.849617660031,274896.0
1058.8700505306333,274903.9375
1058.8904836012953,274956.09375
1058.9109165719565,274950.28125
1058.9313496426112,274928.71875
1058.9517825132716,274937.4375
1058.9722154839835,274920.0625
1058.9926485546457,274952.96875
1059.0130814253644,274954.46875
1059.033514396142,274955.1875
1059.0539474668549,274959.96875
1059.0743803376315,274974.75
1059.094813308344,274957.78125
1059.1152462791797,274979.8125
1059.135679249957,274972.6875
1059.1765452915645,275025.375
1059.1969781624575,274991.875
1059.2174112332868,275016.875
1059.237844204123,275044.40625
1059.258277075016,275030.59375
1059.2787101459037,275039.6875
1059.2991431168557,275045.78125
1059.3195760877495,275054.53125
1059.3400090586947,275067.15625
1059.360442029647,275064.4375
1059.3808751006,275071.84375
1059.4013079716024,275071.9375
1059.4217409426128,275044.34375
1059.442174013624,275086.09375
1059.4626068846264,275109.0
1059.483039855695,275113.875
1059.5034729267643,275113.84375
1059.5239057978251,275129.96875
1059.5443388688946,275123.15625
1059.5647718400214,275117.25
1059.5852047111402,275104.46875
1059.605637782268,275167.4375
1059.6260707533947,275172.875
1059.6465037245723,275157.71875
1059.6669366957576,275132.4375
1059.687369667001,275125.34375
1059.7078026381787,275175.90625
1059.728235609422,275164.90625
1059.7486685806653,275160.25
1059.7691015519597,275141.125
1059.7895345232027,275137.03125
1059.8099674945042,275160.0625
1059.8304005657992,275176.21875
1059.850833437158,275154.46875
1059.8712664085178,275163.15625
1059.891699479871,275158.40625
1059.91213235123,275161.75
1059.9325654226411,275188.46875
1059.9529983940593,275178.375
1059.9734312654764,275213.1875
1059.9938643369533,275267.84375
1060.014297308422,275199.03125
1060.0347301798977,275177.8125
1060.0551632514253,275204.0
1060.0755962229014,275194.96875
1060.0960292944364,275207.78125
1060.1164621660282,275219.90625
1060.1368951375553,275226.375
1060.1573282091483,275220.28125
1060.1777610807912,275235.65625
1060.1981940523838,275226.71875
1060.2186271240353,275283.21875
1060.2390599957434,275224.6875
1060.259492967387,275233.46875
1060.2799260390966,275249.5
1060.3003590107985,275252.84375
1060.3207919825654,275239.125
1060.3412249542744,275238.03125
1060.3616579260924,275234.4375
1060.3820908978596,275229.75
1060.402523869685,275249.03125
1060.422956841503,275251.0
1060.4433898133866,275263.75
1060.463822785212,275260.125
1060.4842556571457,275285.6875
1060.50468872903,275266.53125
1060.5251217009718,275297.28125
1060.545554772907,275248.5625
1060.565987644848,275254.125
1060.586420616848,275251.53125
1060.6068536888415,275262.59375
1060.627286560899,275267.4375
1060.647719532899,275269.3125
1060.6681526049506,275267.40625
1060.6885854770662,275281.3125
1060.7090185491834,275252.96875
1060.7294515212925,275266.59375
1060.749884393408,275271.25
1060.7703174655762,275250.28125
1060.790750437809,275275.15625
1060.8111834099836,275270.96875
1060.8316163822165,275252.53125
1060.852049354442,275277.53125
1060.872482326733,275288.8125
1060.8929152990167,275253.625
1060.9133482713078,275258.28125
1060.9337813436578,275315.96875
1060.9542142160062,275269.65625
1060.9746471884064,275246.34375
1060.9950802607564,275279.46875
1061.0155132331563,275265.34375
1061.0359461056214,275262.40625
1061.0563791780878,275259.75
1061.0768120505527,275254.71875
1061.09724512307,275263.8125
1061.117678095594,275267.96875
1061.138110968168,275268.90625
1061.1585440406925,275255.34375
1061.1789770132746,275279.9375
1061.199409885914,275241.0
1061.2198429585478,275243.125
1061.240275931188,275265.0625
1061.2607088038783,275240.78125
1061.2811418765775,275256.28125
1061.3015748492762,275230.03125
1061.3220079220264,275237.375
1061.3424407947823,275270.78125
1061.3628737675972,275255.875
1061.3833068404056,275233.15625
1061.4037397132197,275251.09375
1061.4241726860928,275220.5
1061.4446057589594,275230.25
1061.46503863189,275232.5
1061.4854716048212,275254.28125
1061.505904677746,275259.125
1061.5263376507355,275278.625
1061.546770623725,275221.40625
1061.5672035967657,275235.5
1061.5876365698132,275266.9375
1061.608069542861,275213.75
1061.6285025159596,275219.75
1061.6489354890657,275214.9375
1061.6693684622296,275224.125
1061.6898014353865,275237.21875
1061.7102345085514,275250.75
1061.730667381773,275245.78125
1061.751100354988,275218.40625
1061.771533428269,275246.46875
1061.791966301549,275236.71875
1061.8123992748806,275216.0625
1061.83283234822,275249.9375
1061.853265221558,275228.96875
1061.8736981949478,275215.90625
1061.8941312683455,275249.40625
1061.9145641418,275203.625
1061.9349972152486,275232.0625
1061.9554301887038,275242.15625
1061.9758630622746,275216.625
1061.9962961357814,275219.34375
1062.016729109353,275239.6875
1062.0371620829246,275218.65625
1062.0575950565471,275221.40625
1062.078028030177,275175.84375
1062.0984611038002,275182.6875
1062.1188939774877,275222.125
1062.1597600249734,275196.8125
1062.1801929987196,275213.25
1062.2006258725232,275213.875
1062.2210589463211,275200.96875
1062.2414919201838,275177.6875
1062.2619247940456,275193.5625
1062.28235786796,275189.5
1062.3027908418808,275178.75
1062.3232238158016,275188.03125
1062.3436567897734,275191.0
1062.3640897638106,275246.53125
1062.384522737848,275173.125
1062.4049557118778,275179.15625
1062.4253885859723,275211.65625
1062.4458216600688,275186.875
1062.4662546342151,275189.5625
1062.4866877083696,275165.84375
1062.507120582581,275174.84375
1062.5275535567853,275193.96875
1062.547986630998,275198.625
1062.5684195053254,275174.90625
1062.5888524795882,275163.9375
1062.6092855539173,275168.78125
1062.629718428303,275188.53125
1062.6501514026822,275189.03125
1062.6705844770695,275149.40625
1062.6910174515142,275165.8125
1062.7114504260098,275175.6875
1062.7318834005127,275145.28125
1062.7523163750157,275149.0625
1062.7727493495695,275137.375
1062.7931823241306,275170.0625
1062.81361529875,275120.0625
1062.8340483733627,275149.5625
1062.8544812480975,275174.40625
1062.8749142227753,275127.6875
1062.8953472975045,275120.71875
1062.9157801722397,275138.3125
1062.936213247027,275128.0625
1062.95664612182,275097.5625
1062.9770790966722,275104.59375
1062.9975121715252,275099.9375
1063.0179451464282,275099.625
1063.038378021396,275108.90625
1063.058811096358,275093.09375
1063.079243971326,275079.9375
1063.0996770463537,275084.15625
1063.1201100213802,275046.4375
1063.1405428964572,275071.75
1063.160975971543,275048.5
1063.181408946737,275094.5
1063.2018418218795,275048.21875
1063.2222748970817,275031.78125
1064.1417590134806,274952.46875
1064.162192090167,274996.4375
1064.1826250668528,274980.0625
1064.203057943596,274984.125
1064.2234910203624,274999.875
1064.2439239971936,275031.75
1064.2643568740168,274973.46875
1064.284789950907,274941.875
1064.3052229278255,274927.5625
1064.325655904766,274972.84375
1064.3460888817426,274944.21875
1064.3665217587477,274951.78125
1064.3869548358052,274937.5
1064.4073878128984,274930.375
1064.4278207900206,274929.9375
1064.4482537671647,274923.0
1064.4686867443452,274934.9375
1064.4891197215838,274937.09375
1064.5095526988443,274882.53125
1064.5299856761412,274880.03125
1064.550418753468,274889.40625
1064.5708517308449,274897.3125
1064.5912846082574,274881.125
1064.6117176857006,274887.09375
1064.6321506631648,274880.46875
1064.6525835406646,274891.21875
1064.6730166182242,274870.03125
1064.6934495958049,274848.78125
1064.7138826734226,274844.1875
1064.734315551097,274823.96875
1064.754748528765,274815.03125
1064.7751816064992,274867.125
1064.795614484261,274844.4375
1064.8160474620745,274824.1875
1064.836480539896,274854.3125
1064.8569134177742,274804.09375
1064.877346395675,274797.125
1064.8977793736412,274755.25
1064.9182123516075,274827.625
1064.9386454296257,274760.84375
1064.9590783076785,274779.96875
1064.97951128579,274770.1875
1064.9999443639244,274774.8125
1065.0203772420937,274765.625
1065.0408102202928,274738.96875
1065.0612432985436,274734.8125
1065.08167627683,274719.59375
1065.1021091551447,274743.21875
1065.122542233512,274699.46875
1065.1429752118856,274744.34375
1065.163408190347,274680.46875
1065.1838411688004,274734.71875
1065.2042741473197,274696.5
1065.2247071258607,274746.84375
1065.2451401044382,274678.875
1065.2655730830738,274694.28125
1065.286006161732,274672.28125
1065.3064390404252,274677.125
1065.3268720191772,274679.25
1065.347305097952,274674.46875
1065.3677379767614,274645.9375
1065.388171055631,274645.96875
1065.408604034521,274619.8125
1065.429036913447,274635.5
1065.4494699924326,274626.5
1065.4699029714393,274636.4375
1065.4903358504816,274605.875
1065.5107689295835,274598.15625
1065.5312019087069,274606.6875
1065.5516348878664,274611.9375
1065.572067867084,274612.03125
1065.5925008463237,274585.25
1065.6129338256287,274580.65625
1065.6333668049629,274531.53125
1065.6537997843188,274563.71875
1065.6742327637403,274547.9375
1065.6946657431909,274523.15625
1065.7150987226632,274581.84375
1065.735531802202,274542.25
1065.755964681768,274553.25
1065.7763977613577,274528.84375
1065.796830741012,274504.1875
1065.8172636206946,274523.0
1065.8376967004297,274522.59375
1065.8581296802004,274519.875
1065.8785625600285,274508.5625
1065.89899563988,274469.8125
1065.9194286197671,274532.28125
1065.9398614997117,274462.09375
1065.9602945796796,274463.875
1065.9807275596831,274452.84375
1066.0011606397384,274426.65625
1066.0215935198576,274477.09375
1066.0420264999775,274440.34375
1066.0624595801785,274436.96875
1066.0828924603848,274443.59375
1066.1033254406502,274415.21875
1066.1237585209674,274431.03125
1066.1441914013194,274448.65625
1066.1646243817013,274381.78125
1066.185057362134,274431.53125
1066.205490442604,274439.09375
1066.2259234231317,274410.59375
1066.2667892842946,274397.84375
1066.2872223649392,274372.34375
1066.3076553456049,274384.78125
1066.3280882263643,274365.65625
1066.348521307125,274364.71875
1066.3689542879365,274312.71875
1066.3893872688132,274348.75
1066.409820249719,274340.78125
1066.4302532306465,274329.4375
1066.4506863116112,274325.0
1066.4711191926615,274311.5
1066.4915521737348,274318.9375
1066.511985254845,274286.90625
1066.532418136012,274302.65625
1066.5528511172015,274288.65625
1066.5732841984573,274313.25
1066.5937170797406,274295.46875
1066.6141501610764,274240.375
1066.6345831424478,274270.21875
1066.655016023877,274250.9375
1066.6754491053289,274285.09375
1066.6958820868458,274293.34375
1066.716315068392,274240.125
1066.7367480499888,274250.0
1066.7571810316513,274265.25
1066.7776140133135,274262.0
1066.7980469950562,274254.03125
1066.818479976835,274226.84375
1066.838912958643,274198.90625
1066.859345940531,274227.34375
1066.8797789224263,274205.75
1066.9002119043798,274223.3125
1066.9206448863845,274230.78125
1066.941077868425,274217.96875
1066.9615109505248,274192.09375
1066.981943832645,274199.34375
1067.0023768148312,274193.28125
1067.02280989704,274163.0625
1067.043242779313,274167.21875
1067.0636758616456,274190.375
1067.0841088440066,274171.875
1067.1045417263886,274201.25
1067.124974808867,274145.53125
1067.1454077913368,274154.875
1067.165840673901,274109.96875
1067.1862737564952,274149.6875
1067.206706739118,274135.59375
1067.2271398218218,274154.25
1067.2475727045312,274147.375
1067.2680056873214,274126.21875
1067.2884387701197,274113.65625
1067.3088716530035,274132.90625
1067.3293046359177,274149.84375
1067.3497377188833,274082.5625
1067.3701706018835,274100.875
1067.390603584936,274090.875
1067.4110366680543,274115.34375
1067.431469651172,274087.40625
1067.4519026343987,274107.0
1067.4723356176328,274101.84375
1067.492768600925,274104.96875
1067.5132015842682,274073.21875
1067.5336345676478,274086.78125
1067.5540674510848,274075.0625
1067.5745005345452,274086.71875
1067.5949335180703,274076.5625
1067.6153664016529,274060.25
1067.635799485288,274052.71875
1067.6562324689294,274077.5625
1067.676665552659,274058.59375
1067.697098436438,274019.40625
1067.717531420254,274050.03125
1067.7379645041,274052.0625
1067.7583973880246,274002.5
1067.7788303719865,274063.5625
1067.7992634559778,273987.90625
1067.8196963400478,274004.40625
1067.8401294241555,273983.9375
1067.860562408292,274026.46875
1067.8809952925076,274023.59375
1067.901428376761,273983.09375
1067.921861361072,273981.5
1067.942294345405,273988.65625
1067.9627273298029,274010.90625
1067.9831603142593,273962.0625
1068.0035932987375,273968.46875
1068.0240262832813,273964.65625
1068.0444592678832,273969.28125
1068.0648923525368,273936.90625
1068.085325337226,273954.0625
1068.1057582219728,273954.28125
1068.126191306772,273935.28125
1068.1466242916067,273903.59375
1068.167057176499,273955.875
1068.1874902614436,273909.34375
1068.2079231464522,273902.875
1068.2283561314907,273920.625
1068.248789216581,273968.0
1068.269222101735,273949.34375
1068.2896551869198,273905.6875
1068.3100881721548,273923.0625
1068.3305210574545,273886.21875
1068.3509541428066,273927.9375
1068.3713871281943,273962.1875
1068.3918200136395,273895.9375
1068.4122530991372,273862.96875
1068.4326860846995,273927.375
1068.4531191702918,273891.4375
1068.4735520559334,273883.625
1068.4939850416413,273868.53125
1068.514418127408,273849.375
1068.5348510131953,273811.4375
1068.5552839990487,273851.78125
1068.575717084961,273851.40625
1068.5961500709236,273841.0625
1068.6165829569509,273830.75
1068.6370160429797,273849.8125
1068.6574490291168,273817.46875
1068.6778820152904,273851.34375
1068.698315001493,273817.71875
1068.7187479877755,273820.53125
1068.7391809740948,273842.90625
1068.759613960472,273805.09375
1068.7800469469005,273815.125
1068.8004800333656,273771.875
1068.8209129199167,273817.9375
1068.8413459064905,273816.5625
1068.8617788931297,273804.59375
1068.882211879827,273799.4375
1068.902644966547,273784.75
1068.9230778533602,273767.4375
1068.9435108402322,273783.125
1068.9639439271268,273766.75
1068.9843768140854,273787.125
1069.004809801074,273796.46875
1069.025242888143,273796.28125
1069.0456757752472,273775.96875
1069.0661088624329,273756.09375
1069.0865418496542,273759.59375
1069.106974736933,273770.0
1069.1274078242425,273740.5
1069.1478408116309,273798.1875
1069.168273799085,273771.0
1069.188706786561,273733.875
1069.2091397741024,273751.40625
1069.2500057493598,273739.59375
1069.2704387370686,273722.5625
1069.2908718248436,273733.9375
1069.3113048126395,273746.0
1069.3317377005296,273729.5625
1069.3521707884502,273716.09375
1069.3726037764209,273703.1875
1069.3930366644563,273688.875
1069.4134697525517,273747.375
1069.4339027406968,273746.375
1069.4543356289068,273695.875
1069.4747687171475,273692.46875
1069.495201605474,273691.65625
1069.5156346938238,273699.84375
1069.5360676822384,273690.375
1069.5565005707322,273636.3125
1069.576933659264,273726.1875
1069.597366647853,273659.21875
1069.6177995364997,273691.875
1069.6382326251987,273684.15625
1069.6586656139334,273680.6875
1069.679098702749,273645.15625
1069.6995315916283,273650.0
1069.7199645805376,273672.03125
1069.7403976695275,273660.34375
1069.7608305585527,273625.875
1069.7812635476655,273649.3125
1069.8016966368014,273636.90625
1069.8221296260017,273647.5
1069.8425625152595,273652.59375
1069.8629956045695,273625.46875
1069.8834285939447,273630.625
1069.903861583378,273628.625
1069.924294572862,273637.90625
1069.9447275624116,273640.3125
1069.96516065202,273641.03125
1069.985593541678,273627.90625
1072.5601271239284,273294.03125
1072.5805602214896,273277.84375
1072.60099321913,273266.53125
1072.6214262168432,273284.3125
1072.6418592145928,273260.75
1072.662292212437,273262.65625
1072.6827253103402,273219.21875
1072.7031582083218,273228.59375
1072.7440243044766,273227.53125
1072.7644572026477,273243.875
1072.784890200899,273243.0625
1072.8053232992097,273209.5
1072.8257561975845,273211.125
1072.8461891960396,273169.375
1072.866622294554,273184.90625
1072.8870551931468,273210.65625
1072.9074882918069,273199.0
1072.9279212905385,273227.15625
1072.9483541893203,273186.71875
1072.968787288184,273196.875
1072.9892202871197,273318.3125
1073.00965318612,273187.5625
1073.0300862852018,273178.15625
1073.0505192843266,273207.15625
1073.0709521835452,273168.3125
1073.0913852828162,273177.125
1073.1118182821592,273161.59375
1073.1322513815685,273183.5
1073.1526842810708,273168.71875
1073.173117280632,273194.0
1073.1935503802451,273179.25
1073.2139832799512,273192.5625
1073.2344162797162,273180.375
1073.254849379533,273196.9375
1073.2752823794435,273148.34375
1073.2957153794414,273150.09375
1073.3161483794756,273168.3125
1073.3365813796045,273214.8125
1073.3570143797697,273191.03125
1073.3774473800297,273134.875
1073.397880380362,273160.96875
1073.41831338076,273168.15625
1073.4387463812382,273178.65625
1073.4591792817737,273206.9375
1073.4796123823908,273197.46875
1073.500045383058,273164.40625
1073.5204784838131,273173.34375
1073.5409113846326,273145.90625
1073.5613443855327,273144.1875
1073.5817774865063,273157.9375
1073.602210387544,273163.53125
1073.6226433886477,273172.4375
1073.6430764898396,273149.71875
1073.6635093910809,273126.78125
1073.683942392403,273155.8125
1073.7043754937986,273120.84375
1073.7248083952582,273131.375
1073.7452414967993,273139.8125
1073.765674498427,273150.625
1073.7861074001048,273108.8125
1073.8065405018497,273116.5
1073.826973503681,273113.9375
1073.8474065055923,273131.8125
1073.8678395075694,273114.78125
1073.8882725096046,273126.0
1073.9087056117205,273093.96875
1073.929138513915,273129.6875
1073.9495715161684,273133.03125
1073.9700046185026,273156.25
1073.990437620916,273109.71875
1074.0108705234015,273098.0
1074.031303625954,273132.875
1074.0517366285858,273108.09375
1074.0721695312895,273129.3125
1074.0926026340603,273121.03125
1074.1130355369096,273106.34375
1074.1334686398186,273114.5625
1074.1539016428069,273149.96875
1074.174334545889,273125.46875
1074.1947676490236,273119.15625
1074.215200652252,273113.21875
1074.2356335555378,273131.09375
1074.256066658898,273096.15625
1074.2764996623373,273083.4375
1074.296932565856,273098.65625
1074.317365669427,273133.21875
1074.337798673092,273101.03125
1074.358231776816,273109.96875
1074.3786646806402,273125.875
1074.3990976845162,273118.8125
1074.419530788473,273095.40625
1074.4399636925082,273140.46875
1074.4603966966097,273060.8125
1074.4808298007993,273113.34375
1074.501262805039,273101.1875
1074.5216957093726,273106.5625
1074.5421288137804,273125.6875
1074.5625618182676,273088.84375
1074.5829948228202,273094.875
1074.60342782746,273122.3125
1074.6238608321655,273118.6875
1074.6442939369372,273132.5
1074.6647268418092,273110.9375
1074.6851598467329,273099.625
1074.7055929517371,273108.15625
1074.7260258568276,273114.21875
1074.746458961985,273135.96875
1074.7668918672352,273081.78125
1074.7873248725446,273115.375
1074.807757977935,273126.0
1074.8281908834033,273076.3125
1074.848623888931,273074.90625
1074.8690569945393,273105.28125
1074.8894899002407,273095.9375
1074.9099229060157,273115.625
1074.930356011857,273049.90625
1074.9507889177912,273087.78125
1074.9712220237998,273057.34375
1074.9916550298583,273095.3125
1075.012087936011,273092.84375
1075.032521042238,273069.15625
1075.052954048544,273087.0
1075.0733870549448,273055.3125
1075.0938200614037,273067.21875
1075.1142530679426,273074.53125
1075.134686074547,273063.53125
1075.1551191812323,273096.78125
1075.1755520880106,273046.46875
1075.1959851948632,273075.28125
1075.2164182018023,273071.4375
1075.236851108806,273036.375
1075.257284215877,273039.03125
1075.2777172230271,273094.75
1075.298150130271,273060.21875
1075.318583237589,273076.125
1075.339016244994,273070.71875
1075.3594492524644,273091.3125
1075.3798822600002,273060.1875
1075.4003151676516,273034.25
1075.4207482753554,273044.34375
1075.441181283124,273028.78125
1075.4616141910085,273080.875
1075.4820472989304,273015.3125
1075.502480306961,273013.28125
1075.522913315057,273007.125
1075.543346323233,273036.5
1075.5637793314963,272990.65625
1075.5842124398405,273039.6875
1075.6046453482486,273030.1875
1075.6250783567448,273018.90625
1075.6455114653218,272986.375
1075.6659444739637,273083.0625
1075.6863773827208,273018.9375
1075.7272435004052,273004.53125
1075.7476764093954,273023.40625
1075.768109518438,272993.59375
1075.7885425275745,273080.34375
1075.8089755367837,273019.34375
1075.829408546073,273020.0625
1075.8498415554495,273009.34375
1075.870274664907,273008.0625
1075.8907075744355,273029.875
1075.9111405840522,272988.65625
1075.9315736937497,272982.9375
1075.952006603511,272989.09375
1075.972439613368,273011.625
1075.9928727233057,273030.75
1076.0133056333216,272979.4375
1076.0337387434192,272960.375
1076.054171653603,272964.53125
1076.0746046638596,272948.71875
1076.0950377741974,272971.5625
1076.1154706846137,272966.53125
1076.135903695118,272973.21875
1076.1563368057032,272925.46875
1076.1767697163668,272947.84375
1076.197202827112,272921.375
1076.2176358379438,272922.25
1076.2380688488483,272934.25
1076.2585018598402,272940.59375
1076.278934870912,272930.0
1076.299367882064,272934.25
1076.3198008933032,272943.96875
1076.3402339046224,272928.09375
1076.3606669160215,272884.0
1076.3811000275018,272904.5625
1076.401532939075,272903.34375
1076.4219660507151,272892.96875
1076.442399062449,272882.96875
1076.462831974255,272898.5625
1076.4832650861426,272886.75
1076.503698098124,272906.15625
1076.524131010192,272887.28125
1076.5445641223268,272875.15625
1076.5649971345556,272865.78125
1076.585430046871,272857.84375
1076.6058631592532,272895.09375
1076.626296171729,272873.8125
1076.6467292842865,272881.625
1076.6671621969217,272820.8125
1076.6875952096525,272849.125
1076.708028222463,272858.875
1076.728461235347,272865.40625
1076.748894248325,272847.1875
1076.7693272613906,272868.46875
1076.7897602745215,272836.84375
1076.810193387748,272843.125
1076.83062630106,272817.34375
1076.8510593144529,272803.09375
1076.8714924279338,272863.1875
1076.891925441494,272835.5625
1076.912358355141,272794.34375
1076.9327914688693,272830.375
1076.9532244826842,272837.78125
1076.9736573965783,272802.8125
1076.9940905105614,272820.75
1077.0145235246382,272786.96875
1077.0349566387813,272780.15625
1077.0553895530247,272767.71875
1077.075822567349,272763.15625
1077.096255681754,272746.90625
1077.116688596252,272760.75
1077.1371216108237,272731.9375
1077.157554725476,272778.875
1077.1779876402288,272760.5625
1077.1984206550696,272758.65625
1077.2188537699767,272720.5625
1077.2392866849914,272782.03125
1077.2597198000803,272750.46875
1077.2801528152486,272729.0
1077.3005857305106,272743.8125
1077.321018845847,271634.28125
1077.3414517612837,265390.09375
1077.3618847768084,255947.703125
1077.382317892414,246073.078125
1077.4027509080988,239190.1875
1077.4231838238777,236647.3125
1077.4436169397377,236046.96875
1077.4640499556845,236875.328125
1077.4844829717183,239709.4375
1077.50491598784,247106.015625
1077.5253490040486,257060.59375
1077.5457821203454,266250.9375
1077.566215036721,271900.78125
1077.5866480531913,272669.0
1077.60708116975,272697.25
1077.6275140863945,272615.90625
1077.6479472031133,272669.0625
1077.6683802199332,272637.9375
1077.6888131368323,272660.03125
1077.7092462538276,272647.3125
1077.7296792709094,272645.25
1077.7501121880778,272659.1875
1077.7705453053204,272640.4375
1077.7909783226642,272614.65625
1077.8114112400945,272594.53125
1077.831844357599,272624.625
1077.852277375212,272610.28125
1077.8727104928912,272641.71875
1077.893143410678,272581.96875
1077.9135764285456,272635.96875
1077.934009546494,272668.3125
1077.9544424645428,272628.9375
1077.9748754826796,272682.96875
1077.9953085008965,272608.0
1078.015741519201,272623.28125
1078.0361745375994,272577.71875
1078.0566075560855,272606.25
1078.077040574659,272590.09375
1078.0974736933276,272625.1875
1078.1179067120756,272574.1875
1078.1383396309177,272622.5
1078.158772749848,272606.71875
1078.179205768858,272569.03125
1078.1996386879691,272569.84375
1078.220071807169,272604.1875
1078.2405048264482,272594.96875
1078.260937945823,272558.625
1078.2813708652975,272586.875
1078.301803884846,272597.46875
1078.3222370044896,272569.75
1078.3426699242336,272567.125
1078.363102944044,272586.875
1078.3835360639569,272588.40625
1078.4039689839628,272587.78125
1078.424402004057,272590.8125
1078.444835124239,272596.5625
1078.4652680445142,272628.0625
1078.485701164871,272570.34375
1078.5061341853288,272560.8125
1078.526567205874,272611.46875
1078.5470002264992,272590.09375
1078.5674332472263,272558.84375
1078.587866268041,272602.4375
1078.6082992889496,272575.34375
1078.6287323099532,272605.03125
1078.6491653310368,272563.03125
1078.669598352215,272537.25
1078.7104643948478,272556.375
1078.7308974162952,272553.53125
1078.7513304378372,272617.46875
1078.7717635594672,272561.40625
1078.7921964811976,272563.3125
1078.8126295030231,272592.75
1078.8330626249226,272553.9375
1078.8534955469297,272579.5625
1078.8739285690244,272601.78125
1078.8943616912002,272599.875
1078.9147946134835,272572.3125
1078.9352277358412,272595.34375
1078.9556607583,272575.40625
1078.9760936808525,272589.0
1078.9965268035012,272576.40625
1079.0169598262291,272611.875
1079.0373927490657,272564.21875
1079.0578258719906,272607.0
1079.078258894995,272576.96875
1079.0986920181022,272592.90625
1079.1191249413023,272579.9375
1079.1395579645832,272610.25
1079.159991087974,272610.9375
1079.1804241114514,272597.375
1079.2008570350154,272584.75
1079.221290158683,272572.3125
1079.2417231824363,272606.75
1079.2621561062842,272619.625
1079.282589230228,272617.84375
1079.303022154265,272615.96875
1079.323455278383,272604.125
1079.34388830261,272628.09375
1079.3643212269308,272582.28125
1079.384754351333,272605.5625
1079.4051873758435,272610.125
1079.4256203004406,272619.09375
1079.4460534251266,272587.6875
1079.4664864499136,272584.78125
1079.4869193748018,272576.46875
1079.507352499757,272582.375
1079.5277855248278,272595.96875
1079.5482186499794,272594.03125
1079.568651575246,272604.46875
1079.5890846005932,272586.9375
1079.6095177260358,272586.15625
1079.6299506515788,272606.125
1079.65038367721,272612.5
1079.6708168029363,272603.0625
1079.6912497287558,272575.09375
1079.711682754678,272586.8125
1079.7321158806808,272575.5625
1079.752548906792,272578.875
1079.772981932998,272575.5625
1079.793414959291,272600.9375
1079.8138479856862,272594.25
1079.834281012183,272614.46875
1079.85471403876,272602.46875
1079.8751470654388,272562.09375
1079.8955800922122,272659.90625
1079.9160131190802,272614.625
1079.9364462460435,272623.0625
1079.9568791731144,272623.15625
1079.9773122002662,272585.0
1079.9977453275203,272600.9375
1080.0181782548752,272588.90625
1080.038611282318,272597.6875
1080.059044409856,272610.0625
1080.0794773374946,272601.84375
1080.0999103652211,272635.0
1080.1203434930576,272621.21875
1080.140776420987,272609.9375
1080.1612095490054,272641.625
1080.1816425771322,272641.59375
1080.2020755053527,272640.1875
1080.222508633662,272608.59375
1080.2429416620726,272637.21875
1080.263374690585,272585.8125
1080.2838077191773,272613.65625
1080.3042407478788,272641.8125
1080.3246737766822,272628.59375
1080.3451068055729,272657.5625
1080.3655398345727,272636.75
1080.3859729636606,272643.3125
1080.4064059928496,272635.84375
1080.4268389221395,272635.28125
1080.447272051519,272637.78125
1080.4677050809987,272681.9375
1080.4881380105726,272617.125
1080.5085711402571,272640.09375
1080.529004170021,272646.21875
1080.5494371999011,272637.0625
1080.569870229869,272664.15625
1080.590303159937,272647.09375
1080.6107362901091,272678.59375
1080.6311693203752,272672.625
1080.6516022507349,272723.59375
1080.672035381198,272657.53125
1080.6924684117475,272669.625
1080.7129013424128,272652.71875
1080.7333344731742,272658.625
1080.753767504037,272675.53125
1080.77420063498,272700.625
1080.7946335660454,272722.9375
1080.8150665971916,272674.75
1080.8354997284478,272700.71875
1080.8559326598042,272711.5625
1080.876365691256,272690.53125
1080.896798822796,272715.875
1080.9172317544508,272731.625
1080.9376647861936,272705.5625
1080.9580979180391,272699.34375
1080.978530949993,272685.71875
1080.9989639820342,272696.84375
1081.0193970141845,272717.46875
1081.0398300464367,272732.4375
1081.060263178777,272713.375
1081.080696111232,272724.96875
1081.101129143775,272725.03125
1081.121562276414,272710.9375
1081.1419952091674,272725.875
1081.162428342017,272731.0
1081.1828613749603,272749.25
1081.2032943080194,272712.6875
1081.2237274411673,272711.3125
1081.2441603744155,272749.125
1081.2645934077664,272747.6875
1081.2850265412198,272728.96875
1081.3054594747737,272727.34375
1081.3258925084228,272750.9375
1081.3463256421746,272770.3125
1081.3667585760268,272753.8125
1081.3871917099823,272720.71875
1081.407624744039,272735.78125
1081.4280577781974,272729.03125
1081.448490812465,272740.5625
1081.4689238468272,272746.6875
1081.489356881284,272765.78125
1081.5097899158573,272744.96875
1081.5302229505105,272752.0
1081.5506559852802,272765.375
1081.5710891201525,272735.09375
1081.591522055125,272777.3125
1081.6119551901938,272762.21875
1081.632388225371,272751.625
1081.6528211606492,272758.46875
1081.6936873315135,272774.0
1081.7141202671046,272758.96875
1081.7345534027772,272766.46875
1081.7549864385728,272730.1875
1081.7754195744565,272755.46875
1081.795852510455,272757.5
1081.8162855465562,272750.1875
1081.836718582752,272759.21875
1081.857151619064,272739.5
1081.87758455547,272786.4375
1081.8980176919722,272752.78125
1081.91845072859,272778.71875
1081.9388837653096,272779.125
1081.9593168021163,272772.28125
1081.97974983904,272769.78125
1082.0001829760658,272791.65625
1082.0206159131922,272801.96875
1082.0410489504284,272823.9375
1082.0614820877672,272783.84375
1082.0819150252064,272796.4375
1082.1023480627482,272771.84375
1082.1227812004,272775.40625
1082.1432142381454,272784.125
1082.1636471760066,272772.875
1082.184080313964,272810.8125
1082.2045133520223,272830.9375
1082.22494639019,272755.625
1082.2453794284663,272810.0625
1082.2658124668378,272802.40625
1082.286245605319,272823.40625
1082.3066785439078,272803.4375
1082.3271115825992,272827.96875
1082.3475447213932,272818.21875
1082.3679776602949,272812.03125
1082.3884106992991,272850.59375
1082.4088438383988,272853.4375
1082.4292767776203,272828.375
1082.4497099169312,272856.46875
1082.4701429563647,272930.6875
1082.4905758958994,272837.5625
1082.5110090355229,272861.46875
1082.5314419752683,272840.96875
1082.5518750151168,272829.96875
1082.5723081550675,272862.46875
1082.5927410951265,272858.875
1082.613174235281,272866.78125
1082.6336072755512,272840.71875
1082.654040315923,272818.3125
1082.6744733564046,272863.34375
1082.6949063969878,272823.90625
1082.7153394376874,272853.0
1082.7357724784815,272873.25
1082.7562055193848,272857.0
1082.7766385603973,272873.9375
1082.7970717015123,272874.65625
1082.8175046427425,272856.75
1082.8379377840683,272847.46875
1082.8583708254955,272888.3125
1082.8788037670456,272882.1875
1082.899236908699,272875.90625
1082.9196699504464,272889.75
1082.9401028923166,272872.96875
1082.980969076365,272892.125
1083.001402018548,272873.09375
1083.021835160842,272896.375
1083.0422682032367,272888.1875
1083.0627013457488,272852.625
1083.0831342883612,272893.8125
1083.1035673310762,272840.5
1083.1240004739084,272879.9375
1083.1444334168482,272875.9375
1083.1648664598906,272908.8125
1083.1852995030422,272890.125
1083.205732546303,272884.78125
1083.2261656896662,272905.8125
1083.2465986331445,272877.71875
1083.2670316767326,272867.3125
1083.287464820423,272881.625
1083.3078978642152,272870.25
1083.32833080813,272869.1875
1083.3487639521409,273031.25
1083.3691969962674,272910.625
1083.3896299405096,272922.15625
1083.4100630848409,272918.46875
1083.4304961292946,272865.625
1083.4509292738512,272868.5625
1083.4713622185227,272899.28125
1083.491795263304,272861.96875
1083.5122284081954,272890.78125
1083.532661353187,272869.40625
1083.5530943982883,272897.65625
1083.573527543493,272891.4375
1083.5939604888265,272884.78125
1083.6143935342552,272866.21875
1083.634826679801,272901.96875
1083.6552596254478,272857.75
1083.6756927712122,272884.71875
1083.6961258170777,272887.21875
1083.716558763066,272885.25
1083.736991909158,272880.90625
1083.757424955358,272866.46875
1083.7778580016602,272858.4375
1083.798291048079,272840.21875
1083.8187240946063,272915.71875
1083.8391571412503,272875.625
1083.8595901880035,272889.125
1083.8800232348583,272856.46875
1083.90045628183,272888.65625
1083.9208893289178,272884.5
1083.9413223761076,272865.5
1083.9617554234137,272833.125
1083.982188470829,272836.90625
1084.002621518346,272834.28125
1084.0230546659732,272856.375
1084.0434876137297,272866.3125
1084.063920761575,272846.15625
1084.0843538095503,272893.5
1084.1047867576344,272889.375
1084.1252199058144,272894.0
1084.145652954125,272856.375
1084.166085902536,272864.5
1084.186519051058,272871.875
1084.2069520996956,272861.03125
1084.227385048449,272897.34375
1084.2478181972983,272877.5625
1084.268251246271,272853.96875
1084.2886843953456,272916.8125
1084.3091173445428,272897.25
1084.329550393857,272883.53125
1084.349983543274,272864.0625
1084.3704164927983,272853.84375
1084.3908495424475,272882.125
1084.4112826921992,272858.5625
1084.4317156420657,272862.4375
1084.45214879205,272870.625
1084.4725817421495,272872.5625
1084.493014892345,272855.125
1084.513447942656,272878.5625
1084.5338809930836,272846.625
1084.554313943634,272865.1875
1084.574747094288,272881.4375
1084.5951801450574,272854.8125
1084.6156130959353,272856.90625
1084.6360462469383,272852.25
1084.6769124492566,272859.0625
1084.697345400593,272830.5
1084.7177784520463,272848.46875
1084.7382116036097,272892.90625
1084.758644555266,272874.875
1084.7790776070617,272897.9375
1084.7995107589522,272889.125
1084.819943710987,272893.625
1084.8403768631033,272875.5625
1084.8608099153423,272853.8125
1084.881242867712,272820.0625
1084.9016760201775,272866.15625
1084.922109072766,272872.28125
1084.9425420254702,272861.1875
1084.9629751782704,272843.75
1084.9834082312082,272854.78125
1085.0038412842478,272856.4375
1085.0242743373965,272836.25
1085.044707390669,272867.0
1085.0651405440583,272856.90625
1085.0855734975555,272847.21875
1085.1060065511774,272804.8125
1085.126439604901,272823.5625
1085.1468726587482,272820.46875
1085.167305712719,272828.0
1085.1877388667926,272843.53125
1085.2081718209738,272810.375
1085.2286048752794,272829.375
1085.2490380297022,272826.84375
1085.2694709842326,272853.90625
1085.2899041388882,272798.40625
1085.3103371936595,272826.625
1085.3307701485392,272838.65625
1085.351203303544,272845.90625
1085.37163635865,272847.0625
1085.392069313879,272799.3125
1085.4125024692185,272826.28125
1085.4329355246882,272811.96875
1085.453368680268,272809.375
1085.4738016359552,272806.28125
1085.4942346917596,272815.4375
1085.5146678476883,272800.3125
1085.535100803725,272832.40625
1085.555533859893,272820.625
1085.575967016157,272818.84375
1085.5963999725573,272857.125
1085.6168330290748,272803.375
1085.637266185673,272793.71875
1085.6576992424234,272820.21875
1085.6781322992902,272800.0625
1085.698565356266,272784.0625
1085.7189984133656,272790.375
1085.7394314705598,272816.0
1085.7598645278777,272810.5
1085.7802975853265,272866.84375
1085.8007306428915,272817.84375
1085.821163700566,272805.15625
1085.8415966583634,272871.6875
1085.8620298162714,272842.0625
1085.8824628743023,272828.9375
1085.9028960324504,272829.625
1085.9233289907131,272858.71875
1085.9437620491008,272849.84375
1085.9641952076126,272842.40625
1085.9846281662176,272887.25
1086.0050612249615,272816.9375
1086.025494383808,272847.3125
1086.045927342784,272862.3125
1086.0663605018708,272833.5625
1086.0867935610804,272836.0
1086.107226520413,272829.15625
1086.1276596798562,272836.875
1086.148092739415,272853.375
1086.1685257990976,272855.46875
1086.1889588589038,272828.53125
1086.2093919188264,272857.15625
1086.2298249788582,272856.8125
1086.2502580390285,272889.03125
1086.2706910993147,272847.25
1086.2911242596963,272861.46875
1086.3115573202012,272888.75
1086.3319902808507,272838.15625
1086.3524234415963,272843.8125
1086.3728564024786,272895.1875
1086.3932894634636,272879.875
1086.413722624573,272870.8125
1086.4341555858043,272888.65625
1086.454588747154,272864.40625
1086.475021808641,272917.25
1086.4954547702218,272873.75
1086.5158879319351,272881.3125
1086.5363209937568,272897.625
1086.556753955716,272868.59375
1086.5771871177712,272915.375
1086.597620179964,272912.4375
1086.618053142287,272919.09375
1086.6384863047133,272911.15625
1086.658919367248,272914.71875
1086.6793525299363,272918.375
1086.6997854927176,272965.03125
1086.7202185556234,272940.25
1086.740651718661,273059.0625
1086.761084681828,273017.5
1086.7815177451048,272973.96875
1086.8019509084916,272977.625
1086.8223838720005,272961.5625
1086.842816935634,272959.8125
1086.863250099399,272967.53125
1086.8836831632725,272952.78125
1086.9041162272697,272963.15625
1086.924549291398,272977.34375
1086.9449823556351,273014.34375
1086.965415519997,272976.03125
1086.985848484488,273009.53125
1087.0062815490892,272970.0
1087.0267146138283,273016.4375
1087.0471476786695,273019.53125
1087.06758084365,273050.34375
1087.0880138087375,273035.25
1087.1084468739427,273016.8125
1087.1288800392722,273014.25
1087.149313004753,273044.53125
1087.1697460703217,273017.96875
1087.1901792360295,273018.15625
1087.2106122018597,273091.8125
1087.2310452678066,273097.6875
1087.2514784338637,273045.59375
1087.271911400072,273074.65625
1087.2923445663982,273040.90625
1087.3127776328183,273109.34375
1087.3332106993912,273123.21875
1087.353643766066,273091.25
1087.374076832879,273054.75
1087.394509899801,273104.53125
1087.414942966854,273077.4375
1087.435376034031,273086.90625
1087.4558092013176,273105.3125
1087.476242268749,273104.03125
1087.4966752362889,273075.5625
1087.517108403954,273128.53125
1087.5375414717564,273100.125
1087.5579744396673,273145.375
1087.5784076077107,273135.40625
1087.5988406758845,273166.0
1087.6192736441517,273137.8125
1087.660139881089,273147.65625
1087.680572949757,273172.375
1087.7010060185276,273169.3125
1087.7214389874423,273207.40625
1087.7418721564682,273191.28125
1087.7623052256167,273183.15625
1087.78273819491,273169.625
1087.803171364314,273180.75
1087.823604433841,273164.4375
1087.8440374034835,273172.9375
1087.864470573266,273194.9375
1087.8849036431711,273223.90625
1087.9053368131863,273200.03125
1087.9257697833382,273216.75
1087.9462028536072,273227.15625
1087.9666360240008,273208.34375
1087.987068994531,273217.5
1088.0075020651784,273241.46875
1088.0279352359505,273259.65625
1088.048368306845,273244.125
1088.0688013778854,273274.53125
1088.0892344490348,273291.59375
1088.109667520308,273232.6875
1088.130100591712,273277.90625
1088.1505336632254,273273.5625
1088.1709667348914,273289.1875
1088.1913999066746,273299.0
1088.2118328785657,273273.90625
1088.232265950595,273283.78125
1088.252699122757,273323.21875
1088.273132095026,273300.65625
1088.293565267435,273299.40625
1088.3139982399734,273323.375
1088.3344313126363,273378.0625
1088.3548644854236,273392.59375
1088.3752974583258,273390.125
1088.395730531367,273377.53125
1088.416163704533,273374.1875
1088.4365966778423,273362.78125
1088.457029851248,273325.5625
1088.477462924791,273360.46875
1088.4978958984648,273371.84375
1088.5183290722634,273320.96875
1088.538762146185,273345.09375
1088.5591952202376,273388.4375
1088.579628294414,273361.625
1088.6000613687283,273382.78125
1088.6204944431593,273383.09375
1088.6409275177284,273394.3125
1088.6613605924067,273417.125
1088.6817937672313,273398.71875
1088.7022268421642,273382.6875
1088.7226598172492,273399.90625
1088.7430929924303,273427.40625
1088.7635260677637,273415.375
1088.7839590432268,273436.625
1088.804392218808,273427.28125
1088.8248252944975,273445.75
1088.8452582703394,273432.5625
1088.8656914462915,273416.53125
1088.886124522396,273441.6875
1088.9065576986177,273466.5625
1088.9269906749832,273468.46875
1088.9474237514587,273490.75
1088.9678568280578,273492.96875
1088.9882899047952,273429.90625
1089.0087229816563,273476.625
1089.0291560586484,273507.375
1089.049589135764,273497.125
1089.0700223130189,273505.59375
1089.090455290403,273525.84375
1089.1108883678971,273507.96875
1089.1313215455302,273516.53125
1089.151754523307,273534.1875
1089.1721876011943,273560.53125
1089.1926207792203,273615.71875
1089.2130538573765,273585.0625
1089.2334868356556,273552.3125
1089.25392001406,273586.34375
1089.274353092609,273574.1875
1089.294786171267,273602.09375
1089.3152192500784,273592.75
1089.3356523290058,273555.3125
1089.3560855080725,273598.15625
1089.376518487261,273585.25
1089.3969515665667,273628.25
1089.4173847460115,273592.78125
1089.4378177256076,273569.75
1089.4582508052918,273633.34375
1089.4991169651184,273632.0
1089.5195501452108,273600.75
1089.539983225441,273617.34375
1089.5604162057934,273647.40625
1089.580849386286,273655.03125
1089.6012824669017,273636.25
1089.6217154476617,273643.25
1089.64214862854,273672.5625
1089.6625816095548,273641.625
1089.6830147906949,273662.96875
1089.7034478719725,273637.8125
1089.7238809533735,273661.90625
1089.7443140349203,273685.28125
1089.7647471165835,273693.40625
1089.7851801983852,273673.0625
1089.8056132803104,273682.03125
1089.8260463623735,273693.9375
1089.8464794445608,273713.84375
1089.8669125268934,273713.59375
1089.8873456093424,273713.84375
1089.9077787919305,273713.21875
1089.9282118746414,273712.125
1089.948644857519,273698.03125
1089.9690780404926,273711.5625
1089.989511123611,273748.5
1090.0099441068742,273725.09375
1090.030377290219,273738.8125
1090.0508103737448,273752.28125
1090.071243357379,273794.53125
1090.0916765411384,273761.78125
1090.1121096250718,273799.6875
1090.132542809115,273767.0625
1090.1529757932803,273785.4375
1090.173408877592,273754.28125
1090.1938420620136,273810.0
1090.2142750465864,273787.46875
1090.2347081312764,273790.09375
1090.2551412161338,273822.65625
1090.2755743010855,273803.8125
1090.296007486213,273826.40625
1090.316440471419,273870.40625
1090.3368735568074,273809.78125
1090.357306742284,273832.5
1090.3777397279264,273853.375
1090.3981728136932,273877.0
1090.4186059995773,273852.125
1090.439039085628,273855.25
1090.4594720718014,273870.1875
1090.479905258093,273866.9375
1090.500338344522,273915.375
1090.5207714311036,273906.09375
1090.5412045178018,273920.28125
1090.5616376046382,273903.5
1090.582070791599,273927.5625
1090.602503778704,273932.875
1090.6433700533162,273957.8125
1090.6638030408285,273937.03125
1090.6842362284517,273942.21875
1090.7046693162265,273935.0625
1090.7251023041465,273930.1875
1090.7455354921767,273954.65625
1090.7659685803592,273956.53125
1090.7864015686573,273973.21875
1090.8068347571243,273969.25
1090.8272678457142,274013.4375
1090.8477008344198,274006.96875
1090.8681340232652,273994.6875
1090.8885671122623,274037.75
1090.909000201369,274026.84375
1090.9294332906284,274043.875
1090.949866380004,274035.03125
1090.9702994695544,274038.1875
1090.9907325591848,274065.25
1091.0111656489971,274066.9375
1091.0315987389183,274069.8125
1091.0520318289928,274053.5625
1091.0724650191842,274081.78125
1091.092898109542,274101.3125
1091.113331100023,274095.8125
1091.133764290622,274073.75
1091.1541973813582,274062.03125
1091.1746303722466,274081.40625
1091.195063563282,274103.21875
1091.2154966544258,274099.5
1091.2359296457216,274110.78125
1091.2563628371354,274089.15625
1091.2767959286866,274103.46875
1091.2972291203914,274111.40625
1091.3176621122402,274087.15625
1091.338095204199,274111.28125
1091.3585283963112,274133.125
1091.3789613885674,274159.125
1091.3993944809336,274132.6875
1091.4198276734533,274102.34375
1091.440260666117,274152.59375
1091.4606937588906,274139.71875
1091.4811269518175,274213.25
1091.5015599448889,274158.5
1091.5219931380998,274185.875
1091.5424262314336,274195.375
1091.562859324913,274183.0625
1091.5832924185306,274211.78125
1091.603725512272,274190.25
1091.6241586061587,274246.625
1091.6445917001838,274201.5
1091.6650247943326,274225.8125
1091.685457888656,274240.15625
1091.7058909830885,274257.125
1091.7263240776738,274262.9375
1091.746757272369,274270.84375
1091.7671902672446,274264.71875
1091.7876233622374,274294.625
1091.80805655734,274291.4375
1091.828489552623,274296.0
1091.8489226480233,274296.8125
1091.8693558435623,274311.1875
1091.889788839253,274344.5625
1091.9102220350617,274334.28125
1091.9306551310074,274353.78125
1091.951088127105,274342.0
1091.9715213233503,274379.65625
1091.9919544197037,274360.9375
1092.0123874162382,274379.09375
1092.0328206128906,274386.03125
1092.0532537096806,274392.59375
1092.073686906595,274377.5
1092.0941199036824,274409.5
1092.1145530008798,274426.875
1092.1349861982017,274434.375
1092.1554191956966,274398.53125
1092.1758522933303,274422.34375
1092.196285491089,274422.03125
1092.216718488991,274489.5
1092.2371515870327,274452.59375
1092.2575846851978,274480.1875
1092.2780177835375,274470.4375
1092.2984509819871,274475.71875
1092.3188840805888,274468.21875
1092.3393170793352,274495.375
1092.3597502781922,274506.84375
1092.3801833772304,274518.28125
1092.4006163763845,274533.09375
1092.421049575678,274518.5
1092.4414826751236,274525.34375
1092.461915674714,274530.6875
1092.482348874415,274573.03125
1092.502781974268,274550.90625
1092.5232151742675,274563.03125
1092.5436481744327,274583.40625
1092.5640812747224,274570.28125
1092.584514475122,274575.15625
1092.6049474756728,274607.9375
1092.625380576399,274562.5625
1092.6458137772424,274626.25
1092.6662467782226,274607.5
1092.686679979357,274623.46875
1092.7071130805998,274640.46875
1092.7275460820238,274668.125
1092.7479792835657,274645.15625
1092.7684123852523,274658.40625
1092.7888454870772,274687.09375
1092.8092785890549,274648.9375
1092.8297116911708,274674.9375
1092.8501447934104,274664.375
1092.870577895825,274659.5
1092.8910109983551,274673.40625
1092.9114441010242,274680.96875
1092.931877203875,274705.75
1092.952310306835,274710.15625
1092.9727435099194,274710.5625
1092.9931765131769,274712.0
1093.0136096165515,274694.625
1093.0340428200943,274712.09375
1093.0544758237593,274714.5625
1093.074909027593,274734.375
1093.0953421315498,274744.03125
1093.1157751356511,274743.125
1093.1362083398635,274740.625
1093.1566414442568,274731.5
1093.1770744487949,274744.84375
1093.1975076534727,274789.78125
1093.2179407582737,274765.34375
1093.2383738632195,274789.625
1093.2588069683045,274797.5625
1093.2792400735707,274794.15625
1093.2996732789543,274820.875
1093.3201062844746,274846.4375
1093.3405393901485,274816.875
1093.3609725959686,274815.25
1093.3814057019265,274801.375
1093.4018387080068,274815.15625
1093.4222719142635,274840.8125
1093.4427050206286,274825.96875
1093.4631381271756,274890.78125
1093.483571233839,274893.0625
1093.504004240669,274879.96875
1093.5244374476242,274844.90625
1093.5448705547242,274878.46875
1093.5653035619616,274898.75
1093.5857367693534,274866.1875
1093.626602884564,274958.0
1093.6674692003653,274941.4375
1093.6879024084774,274945.5625
1093.7083354167116,274955.28125
1093.7287685251213,274967.03125
1093.74920173367,274969.53125
1093.7696347423698,274958.9375
1093.790067851187,274976.28125
1093.810501060172,274940.875
1093.8309340693086,274981.125
1093.8513671785622,275014.5
1093.892233397528,275013.25
1093.9126666072116,274995.875
1093.9330997170764,275013.28125
1093.9535328270576,275025.0
1093.9739659372135,275029.59375
1093.9943990474785,274981.625
1094.0148321579254,274997.0625
1094.0352652684817,275037.90625
1094.0556983791903,275049.71875
1094.0761315900454,275035.03125
1094.096564701067,275017.375
1094.1169977122115,275038.25
1094.1374309235323,275083.9375
1094.157863934961,275082.53125
1094.1782970465429,275058.9375
1094.1987302583002,275030.03125
1094.2191632701652,275036.6875
1094.2395963822128,275064.5
1094.2600295943776,275047.8125
1094.2804626067082,275100.25
1094.300895819164,275108.21875
1094.3213289317937,275104.71875
1094.3417619445318,275052.03125
1094.3621951574532,275097.0
1094.3826282704904,275113.25
1094.403061283694,275101.09375
1094.423494497023,275086.125
1094.443927610526,275103.5
1094.4643608241677,275129.28125
1094.4847938379608,275130.46875
1094.5052269519,275123.59375
1094.5256601659494,275104.90625
1094.546093180179,275138.34375
1094.566526294555,275123.84375
1094.58695950907,275115.59375
1094.6073926237368,275148.75
1094.6278256385483,275159.3125
1094.6482588535,275133.625
1094.6686919686326,275145.71875
1094.6891250838817,275175.15625
1094.709558199269,275151.65625
1094.729991314838,275148.65625
1094.7504245305172,275109.53125
1094.7708575463766,275125.6875
1094.7912905623816,275146.59375
1094.8117237785043,275177.96875
1094.832156894794,275157.9375
1094.852590111237,275166.0
1094.8730231278169,275147.5
1094.8934562445502,275160.1875
1094.9138894614298,275158.65625
1094.9343224784825,275157.5
1094.954755595645,275217.78125
1094.9751888129613,275179.53125
1094.9956218304433,275154.875
1095.0160549480495,275174.53125
1095.0364881658315,275211.59375
1095.0569211837574,275187.5625
1095.077354401794,275184.03125
1095.0977875200406,275153.5
1095.1182206383965,275156.96875
1095.1386537569051,275175.3125
1095.1590868755884,275240.53125
1095.1795199943808,275182.1875
1095.1999531133551,275165.75
1095.220386232446,275167.625
1095.2408194517047,275203.0
1095.2612525711156,275171.03125
1095.2816855907004,275213.59375
1095.302118810367,275180.15625
1095.3225519302432,275201.4375
1095.3429849502354,275177.9375
1095.3634181703965,275195.5
1095.3838512907096,275211.5
1095.4042843111674,275210.875
1095.424717531765,275227.90625
1095.445150552514,275205.75
1095.465583773439,275221.5
1095.4860168944724,275210.6875
1095.506449915687,275230.1875
1095.5268831370486,275217.53125
1095.5473162585183,275240.9375
1095.5677492801988,275225.21875
1095.588182501997,275213.09375
1095.6086156239326,275215.78125
1095.62904874605,275239.9375
1095.649481868284,275226.1875
1095.6699149906854,275230.9375
1095.690348213269,275232.125
1095.7107812359682,275235.0625
1095.7312143588351,275254.34375
1095.7516475818263,275216.5
1095.772080604991,275228.96875
1095.7925137282946,275224.3125
1095.8129469517517,275201.5
1095.833380075375,275214.25
1095.8538131991518,275207.90625
1095.8742463230446,275198.65625
1095.894679447112,275261.625
1095.915112571318,275195.6875
1095.9355456957055,275190.15625
1095.9559788202023,275202.625
1095.9764120448815,275253.15625
1095.9968450697052,275233.84375
1096.0172781946749,275202.25
1096.0377114197836,275244.75
1096.058144445073,275265.5
1096.0785776705015,275216.75
1096.0990106960817,275239.03125
1096.119443821808,275224.78125
1096.1398770477026,275243.59375
1096.1603100737193,275235.78125
1096.1807431999114,275254.1875
1096.2011764262716,275255.59375
1096.221609452754,275277.125
1096.2420426794124,275222.09375
1096.2624758061793,275261.46875
1096.2829088331564,275273.125
1096.3033420602517,275259.875
1096.323775187484,275226.03125
1096.3442083148984,275236.28125
1096.3646414424584,275298.71875
1096.4259408260623,275271.59375
1096.446373954226,275244.4375
1096.4872403110348,275267.4375
1096.5076733396636,275303.78125
1096.528106568447,275265.375
1096.5485396973745,275280.875
1096.568972726469,275281.4375
1096.6098390851112,275253.96875
1096.6507053443563,275289.25
1096.6711384742157,275290.15625
1096.691571704214,275281.84375
1096.7120047343924,275283.78125
1096.7324377647165,275277.375
1096.7528709951512,275299.625
1096.773304125796,275293.25
1096.7937371565858,275323.625
1096.814170387515,275299.34375
1096.8550367498538,275308.34375
1096.8754697812185,275323.625
1096.8959029127946,275322.25
1096.9163361444807,275327.09375
1096.95720230836,275307.5625
1096.977635540512,275332.84375
1097.0389349379402,275269.09375
1097.0593680707389,275319.625
1097.079801203683,275298.46875
1097.1002343367654,275294.40625
1097.1206674700295,275304.09375
1097.1411007034403,275263.90625
1097.1615337369876,275288.375
1097.1819668707176,275317.9375
1097.2024001045647,275320.15625
1097.2228331386068,275245.3125
1097.243266372774,275273.59375
1097.2636995071152,275292.0625
1097.304565776256,275300.4375
1097.3249989110627,275248.21875
1097.345431946036,275245.40625
1097.3658651811347,275244.5
1097.3862982164355,275293.8125
1097.406731451847,274918.625
1097.4271645874103,274211.5
1097.447597623177,272197.03125
1097.468030859054,271070.4375
1097.4884639951124,270965.5625
1097.5088971313162,271053.4375
1097.529330267687,271021.71875
1097.5497634042113,271206.375
1097.5701966408817,272646.8125
1097.5906296777175,274555.0
1097.611062814707,275267.34375
1097.6314960518357,275239.4375
1097.6519291891454,275296.875
1097.6723622266,275298.8125
1097.6927954642306,275257.8125
1097.7132286019987,275252.0625
1097.7336616399189,275151.6875
1097.7540948779788,275231.375
1097.774528016249,275258.5
1097.7949611546355,275221.5625
1097.8153942931967,275245.0
1097.8358274319253,275214.90625
1097.8562606707785,275222.84375
1097.876693709797,275208.71875
1097.8971268489986,275233.3125
1097.9175600883464,275221.28125
1097.937993127838,275178.46875
1097.9584263674988,275235.1875
1097.9788595073114,275266.46875
1097.999292547291,275223.78125
1098.0197257874242,275215.90625
1098.0401588277018,275243.65625
1098.0605919681548,275197.125
1098.0810252087467,275208.25
1098.101458249519,275203.90625
1098.1218913904304,275232.1875
1098.1423246315244,275207.5
1098.1627576727624,275184.5625
1098.18319091414,275206.71875
1098.203624055699,275190.0
1098.2240571974037,275223.59375
1098.2444903392752,275181.34375
1098.2649234812998,275206.90625
1098.285356623499,275208.40625
1098.3057898658371,275172.90625
1098.3262229083266,275185.3125
