time,flux
1472.1382122338982,249334.546875
1472.1586449230672,249361.734375
1472.1790778124705,249352.796875
1472.1995106019822,249361.546875
1472.2199432917332,249330.734375
1472.2403761816604,249355.359375
1472.2608089718124,249355.21875
1472.2812416621457,249327.734375
1472.3016745526547,249330.171875
1472.3221073433888,249342.890625
1472.3425401343047,249322.234375
1472.3629729254535,249371.65625
1472.3834057167696,249353.296875
1472.4038386082684,249369.4375
1472.4242712999985,249365.6875
1472.4447040918967,249336.921875
1472.4651369839776,249398.34375
1472.4855697762832,249422.125
1472.50600246877,249386.890625
1472.5264353614912,249400.5
1472.5468681543862,249423.0
1472.5673009474483,249424.203125
1472.587733740751,249389.078125
1472.6081665342208,249404.265625
1472.6285993279307,249459.546875
1472.6490321218153,249412.90625
1472.6694649158744,249341.609375
1472.6898977101591,249391.15625
1472.7103305046255,249407.6875
1472.7307631993244,249416.640625
1472.751196094192,249404.5625
1472.771628889241,249374.90625
1472.7920617845157,249393.875
1472.812494479971,249378.734375
1472.83292727566,249374.5
1472.8533601715171,249384.75
1472.8737928676128,249357.546875
1472.8942256638838,249350.28125
1472.914658560323,249326.84375
1472.9350912570007,249336.046875
1472.975956950933,249333.5625
1472.996389748194,249307.53125
1473.016822545629,249335.546875
1473.03725534329,249307.953125
1473.0576881411907,249369.8125
1473.0781209392662,249344.703125
1473.098553737509,249341.75
1473.1189865359338,249335.625
1473.1394194346503,249339.9375
1473.1598521334745,249306.15625
1473.1802850325405,249309.703125
1473.200717831838,249321.3125
1473.2211505313026,249308.5
1473.2415834309504,249347.0625
1473.2620162308303,249318.328125
1473.282448930935,249323.890625
1473.3028818312232,249322.8125
1473.3233146316852,249368.96875
1473.343747332372,249364.859375
1473.3641802332422,249346.515625
1473.3846129342855,249346.046875
1473.405045835556,249377.640625
1473.4254786370657,249398.453125
1473.4459113387493,249403.828125
1473.46634424066,249401.109375
1473.4867770427518,249358.234375
1473.5072098450182,249377.984375
1473.5276426475102,249358.921875
1473.5480754502423,249366.96875
1473.5685083531423,249363.9375
1473.5889410562231,249368.84375
1473.6093738595373,249378.390625
1473.6502395667412,249389.15625
1473.670672270695,249366.171875
1473.6911051748175,249355.8125
1473.7115379791212,249333.34375
1473.731970683657,249353.46875
1473.752403588369,249365.8125
1473.7728363933056,249340.96875
1473.7932691984824,249394.59375
1473.8137020038266,249348.109375
1473.8341348093527,249332.953125
1473.8545677151124,249307.765625
1473.875000421103,249342.03125
1473.8954332272624,249329.953125
1473.9158660336034,249340.859375
1473.93629884017,249344.140625
1473.956731746919,249354.03125
1473.9771644539578,249326.84375
1473.9975972611064,249310.609375
1474.018030168496,249326.390625
1474.038462876117,249301.140625
1474.0588956839056,249297.609375
1474.0793285918771,249292.078125
1474.0997613001382,249326.34375
1474.1201941085092,249318.484375
1474.1406270171792,249308.640625
1474.1610597260224,249346.75
1474.1814926350344,249356.28125
1474.2019254442855,249369.3125
1474.2223582537115,249375.671875
1474.2427910633633,249342.953125
1474.263223873255,249339.625
1474.2836566833212,249363.46875
1474.3040895935555,249393.359375
1474.3245223040285,249334.546875
1474.3449552147358,249399.0
1474.3653880256095,249331.1875
1474.385820736723,249363.1875
1474.4062536480633,249371.328125
1474.4266864595263,249382.15625
1474.44711917128,249377.875
1474.4675520832095,249365.296875
1474.4879848953642,249364.84375
1474.5084176076998,249338.8125
1474.5288505202625,249372.859375
1474.5492833330063,249329.40625
1474.569716145983,249354.984375
1474.5901489591342,249347.890625
1474.610581772511,249346.53125
1474.631014586128,249326.734375
1474.6514473999125,249302.078125
1474.671880213937,249288.1875
1474.6923130281357,249281.671875
1474.7127458425675,249312.765625
1474.7331787572257,249269.0
1474.7536114720642,249336.046875
1474.774044287129,249308.671875
1474.7944772023766,249331.234375
1474.8149099178554,249284.171875
1474.8353427335678,249305.765625
1474.8557756494483,249294.09375
1474.87620846551,249294.140625
1474.8966411818546,249306.015625
1474.9170740983827,249291.484375
1474.937506915085,249296.84375
1474.9579397320122,249256.390625
1474.9783725491798,249252.671875
1474.998805366522,249244.828125
1475.0192382840903,249250.28125
1475.0396710018977,249264.296875
1475.0601038198802,249251.703125
1475.080536738089,249285.546875
1475.1009694564782,249271.3125
1475.1214023751018,249297.140625
1475.14183519395,249247.078125
1475.1622679129796,249237.84375
1475.1827008322434,249262.40625
1475.203133651732,249247.046875
1475.2235663714018,249227.46875
1475.243999291306,249185.859375
1475.264432011376,249228.828125
1475.2848648316867,249217.75
1475.3052977522311,249217.46875
1475.3257304729414,249198.796875
1475.3461633938932,249245.453125
1475.3665962150772,249262.78125
1475.3870290364284,249250.59375
1475.4074618580198,249217.625
1475.427894679844,249218.421875
1475.4483275018356,249240.078125
1475.4687603240673,249241.78125
1475.4891931464736,249281.546875
1475.5096260691062,249284.8125
1475.530058891978,249237.578125
1475.550491615082,249237.5
1475.570924538355,249259.8125
1475.5913573618673,249269.75
1475.6117900855534,249301.53125
1475.6322230094663,249277.609375
1475.652655833619,249312.6875
1475.6730885580037,249298.984375
1475.6935214825571,249352.921875
1475.71395430735,249366.75
1475.7343872323108,249361.4375
1475.7548199575103,249315.25
1475.7752527829434,249391.890625
1475.7956857086028,249393.0
1475.8161184344426,249400.484375
1475.836551260516,249405.8125
1475.8569840867567,249394.796875
1475.8774169132375,249415.71875
1475.8978497400094,249403.734375
1475.9182825668977,249416.828125
1475.9387153940115,249437.0625
1475.9591483213662,249449.640625
1475.979581048945,249472.296875
1476.0000138767646,249467.890625
1476.0204468047596,249466.84375
1476.040879532986,249439.859375
1476.0613123613805,249431.234375
1476.0817452900155,249457.703125
1476.1021781188756,249465.65625
1476.1226109479758,249491.296875
1476.1430437772506,249495.90625
1476.163476606751,249482.765625
1476.183909536492,249516.34375
1476.2043422664065,249507.703125
1476.2247750966053,249514.390625
1476.2452080269286,249480.265625
1476.2656407575414,249516.546875
1476.2860735883223,249533.65625
1476.3065065194023,249525.46875
1476.3269392505972,249523.296875
1476.3473721820774,249467.25
1476.3678050137387,249520.109375
1476.388237745632,249482.875
1476.4086706777523,249510.125
1476.429103510054,249490.484375
1476.449536242646,249503.8125
1476.4699691753483,249462.515625
1476.4904020083486,249465.46875
1476.510834841523,249499.578125
1476.5312676749818,249466.734375
1476.551700508564,249488.484375
1476.5721333424372,249473.40625
1476.5925661764777,249489.328125
1476.6334318452718,249475.921875
1476.6538646800109,249520.859375
1476.67429751499,249545.640625
1476.6947304501373,249546.765625
1476.7151631855231,249528.234375
1476.735596121085,249531.25
1476.756028956872,249470.59375
1476.7764616929562,249503.171875
1476.7968946292167,249481.53125
1476.817327465702,249443.0625
1476.8377602023684,249423.640625
1476.8581931392691,249403.15625
1476.8786259763947,249413.234375
1476.899058913761,249395.546875
1476.9194916513588,249398.6875
1476.939924489125,249393.84375
1476.9603574271314,249407.375
1476.9807901653694,249357.953125
1477.0012230038335,249373.296875
1477.0216559424807,249390.484375
1477.042088681359,249356.0625
1477.0625215204636,249365.9375
1477.0829544598091,249325.640625
1477.103387199386,249345.75
1477.1238201391316,249339.421875
1477.1442529791748,249366.1875
1477.1646858193926,249338.703125
1477.1851186597778,249349.546875
1477.2055514004603,249384.5625
1477.2259842413769,249417.359375
1477.2464171824613,249429.015625
1477.266850023785,249465.25
1477.2872828653417,249476.890625
1477.3077157070657,249501.015625
1488.688843674623,249338.703125
1488.709276754715,249357.1875
1488.7297096350376,249302.234375
1488.7501427155876,249327.0625
1488.770575696377,249310.15625
1488.7910085775077,249321.359375
1488.811441658996,249320.15625
1488.8318746406003,249328.625
1488.852307522553,249315.0
1488.8727406047328,249289.328125
1488.8931735872684,249341.953125
1488.9136064700288,249333.84375
1488.9340395530307,249296.4375
1488.9544725363812,249341.6875
1488.974905619958,249337.734375
1488.9953385037734,249342.4375
1489.0157714879388,249336.046875
1489.0362044723297,249309.09375
1489.0566374569607,249321.90625
1489.077070441941,249330.984375
1489.0975034271469,249338.0
1489.1179364125928,249328.59375
1489.1383694983888,249346.765625
1489.1588024844095,249289.59375
1489.179235370786,249321.375
1489.199668457397,249336.71875
1489.2201014442326,249288.484375
1489.2405343313076,249325.390625
1489.2609674187331,249368.890625
1489.281400406384,249332.140625
1489.3018332943902,249351.640625
1489.322266382631,249350.953125
1489.3426993710964,249338.421875
1489.3631324599191,249312.578125
1489.3835653489732,249320.09375
1489.4039983382536,249340.140625
1489.4244314278912,249309.6875
1489.4448643177602,249336.0625
1489.465297307972,249303.1875
1489.485730398308,249277.8125
1489.5061632891084,249286.546875
1489.5265962800186,249248.46875
1489.547029371286,249249.59375
1489.5674622627848,249270.515625
1489.587895354627,249223.171875
1489.6083283467087,249211.15625
1489.628761339016,249218.703125
1489.6491943316796,249184.71875
1489.669627324576,249188.4375
1489.690060317822,249170.6875
1489.7104933111768,249180.703125
1489.7309263050047,249179.171875
1489.7513592989417,249167.53125
1489.7717922932352,249179.0625
1489.8126582826371,249214.46875
1489.8330912777385,249192.796875
1489.853524273196,249206.765625
1489.8739573687635,249176.46875
1489.8943902648025,249216.109375
1489.9148232609589,249237.3125
1489.9352563574575,249184.84375
1489.955689254195,249197.5
1489.9761223512833,249170.421875
1489.9965553485963,249155.390625
1490.016988246265,249183.0
1490.0374213440518,249201.375
1490.0578543422962,249199.171875
1490.0782872406637,249197.0
1490.0987203393815,249213.609375
1490.1191533383244,249202.9375
1490.1395864376243,249227.328125
1490.160019337156,249184.859375
1490.18045233703,249168.078125
1490.2008854371452,249183.90625
1490.2213183374915,249169.84375
1490.2417513381806,249151.25
1490.2621844391106,249141.640625
1490.2826174402726,249174.578125
1490.3030503417758,249249.703125
1490.32348334352,249142.46875
1490.3439164456067,249135.5
1490.364349447933,249111.375
1490.384782450492,249154.9375
1490.4052153533994,249133.609375
1490.425648456534,249113.40625
1490.446081459908,249090.125
1490.4665143636305,249062.3125
1490.4869474676962,249044.421875
1490.507380471885,249050.125
1490.5278133765387,249033.0
1490.548246481303,249005.65625
1490.5686794864232,249016.78125
1490.5891125917697,248993.6875
1490.6095454974711,248998.109375
1490.6299785034062,248996.9375
1490.650411609684,249008.65625
1490.6708445162003,249035.890625
1490.6912775229505,249033.203125
1490.7117106299263,249014.15625
1490.7321435373742,249001.28125
1490.7525766449398,249038.9375
1490.773009652847,249018.796875
1490.7934425609928,249027.3125
1490.8138756694898,249054.796875
1490.8343086782115,249060.796875
1490.8547416872898,249050.34375
1490.8751746966009,249053.25
1490.8956077061375,249069.34375
1490.9160407160307,249071.078125
1490.9364737261567,249070.390625
1490.9569067365082,249049.03125
1490.9773397472163,249038.9375
1490.9977727582736,249050.546875
1491.01820576944,249018.21875
1491.0386388810805,249013.5
1491.0590717928353,248998.40625
1491.079504804933,249045.921875
1491.0999379173882,249025.421875
1491.1203708300743,249052.125
1491.140803942988,249004.53125
1491.1612369561408,249014.078125
1491.1816698697585,248974.75
1491.2021029834868,248979.53125
1491.222535997571,248951.515625
1491.2429689118871,248970.6875
1491.2634020265468,248954.0
1491.283835041446,248966.125
1491.3042679566934,248911.234375
1491.324701072168,248943.421875
1491.345134087882,248893.25
1491.3655672039458,248896.046875
1491.3860001202338,248849.328125
1491.406433136879,248891.40625
1491.4268662537506,248842.796875
1491.4472991709772,248847.765625
1491.4677321884374,248827.140625
1491.4881653061311,248792.671875
1491.508598324166,248846.78125
1491.5290313424412,248841.5
1491.5494643610582,248837.8125
1491.5698973799151,248825.75
1491.5903303991215,248847.65625
1491.610763418561,248849.296875
1491.6311964382255,248844.09375
1491.651629458247,248842.015625
1491.672062478494,248839.78125
1491.6924953990963,248890.65625
1491.7129285199337,248848.5
1491.7333615410023,248851.203125
1491.7537946624143,248847.125
1491.774227584181,248870.96875
1491.794660606174,248872.90625
1491.815093728408,248868.9375
1491.8355266509898,248879.890625
1491.855959673805,248887.328125
1491.8763927968466,248906.421875
1491.8968257202432,248887.3125
1491.9172587439823,248873.203125
1491.9376918679627,248877.40625
1491.9581247921742,248904.453125
1491.9785579167292,248859.546875
1491.9989909415235,248882.0625
1492.019423966667,248847.703125
1492.0398569920362,248842.265625
1492.0602900176457,248823.328125
1492.080723043604,248845.265625
1492.1011560699044,248810.171875
1492.121589096445,248795.78125
1492.142022223219,248822.953125
1492.1624552503345,248816.390625
1492.1828881776892,248789.25
1492.2033213053946,248768.09375
1492.223754333325,248818.390625
1492.2441872614943,248768.46875
1492.264620390015,248736.359375
1492.2850534188765,248731.734375
1492.3054863479774,248705.234375
1492.3259194773127,248684.5625
1492.3463524069884,248659.875
1492.3667855369058,248679.28125
1492.3872185671717,248662.828125
1492.4076514976623,248624.21875
1492.428084628511,248632.59375
1492.4485176595915,248636.25
1492.4689505908973,248601.671875
1492.489383722561,248627.265625
1492.509816754573,248615.21875
1492.5302498868114,248652.59375
1492.5506828192883,248648.53125
1492.571115852115,248622.078125
1492.5915489851686,248597.171875
1492.611981918577,248594.765625
1492.6324149522115,248613.359375
1492.6528480862034,248564.234375
1492.6732810204269,248689.203125
1492.6937140548837,248650.6875
1492.714147189683,248644.828125
1492.7345802248385,248622.109375
1492.7550132602191,248649.71875
1492.7958793318105,248636.15625
1492.8163124680068,248625.203125
1492.8367454045583,248624.359375
1492.8571784414598,248656.546875
1492.8776114784705,248651.0
1492.8980445158377,248631.171875
1492.9184776535549,248583.859375
1492.938910591496,248546.328125
1492.9593436297946,248546.90625
1492.9797767683267,248584.796875
1493.0002097071992,248589.0625
1493.020642746313,248567.421875
1493.0410758856597,248590.75
1493.0615088253471,248573.34375
1493.081941865392,248569.171875
1493.1023750055538,248579.609375
1493.1228079461723,248554.09375
1493.143241087033,248536.75
1493.1636741281254,248574.03125
1493.18410716956,248503.6875
1493.2045402112344,248502.421875
1493.2249732532582,248503.6875
1493.2454062955076,248554.3125
1493.2658393381134,248530.703125
1493.286272380952,248563.875
1493.3067055241336,248489.578125
1493.3271385675544,248521.09375
1493.3475715113236,248496.65625
1493.36800465532,248483.3125
1493.3884376995557,248503.734375
1493.4088706442562,248526.0625
1493.4293037890675,248507.71875
1493.4497368342345,248527.15625
1493.47016977975,248539.40625
1493.4906029254926,248480.140625
1493.5110359714745,248512.6875
1493.5314690178056,248533.375
1493.5519020644788,248525.546875
1493.572335111392,248534.125
1493.5927681585308,248521.53125
1493.613201206026,248556.59375
1493.63363415387,248586.5625
1493.654067301948,248562.1875
1493.674500350251,248593.03125
1493.6949334989113,248543.046875
1493.7153664477955,248575.28125
1493.735799497037,248565.765625
1493.7562326466286,248553.5625
1493.7766655964515,248566.359375
1493.797098646501,248546.515625
1493.8175317969071,248545.328125
1493.8379647475376,248567.375
1493.8583977985254,248564.1875
1493.8788309498632,248551.0625
1493.8992640013091,248546.84375
1493.9196970532284,248578.078125
1493.9401301053804,248550.34375
1493.960563157758,248579.328125
1493.980996210492,248562.328125
1494.0014292634587,248540.6875
1494.0218623167675,248528.53125
1494.0422954703172,248522.8125
1494.0627284242146,248498.546875
1494.0831615784557,248567.375
1494.1035946328193,248553.015625
1494.124027587648,248504.578125
1494.1444607427038,248543.296875
1494.1648936979982,248509.0
1494.1853267536426,248510.515625
1494.2057599095133,248501.171875
1494.2261929657398,248491.28125
1494.2466259223147,248500.640625
1494.2670590790003,248562.6875
1494.2874920361571,248550.34375
1494.3079251935487,248512.6875
1494.328358251165,248505.484375
1494.3487912091368,248524.140625
1494.3692243674595,248535.3125
1494.389657426007,248527.671875
1494.4100904847946,248563.203125
1494.4305235439317,248558.203125
1494.4509566034103,248567.046875
1494.4713897630136,248594.40625
1494.491822723081,248621.921875
1494.5122557833747,248667.28125
1494.5326889440255,248664.84375
1494.5531220049015,248639.296875
1494.573554966017,248659.578125
1494.5939881274826,248667.875
1494.614421189297,248654.34375
1494.6348541513362,248671.46875
1494.6552873137334,248643.578125
1494.6757203763557,248702.1875
1494.6961535393348,248697.375
1494.7165865025454,248789.75
1494.737019566106,248694.5625
1494.757452729893,248726.703125
1494.777885694035,248694.75
1494.7983187584032,248681.53125
1494.818751823128,248679.625
1494.8391848880856,248722.421875
1494.859618053386,248693.140625
1494.8800510189249,248730.046875
1494.9004840848138,248716.53125
1494.9209172510457,248719.171875
1494.9413502175155,248700.546875
1494.9617832842196,248725.984375
1494.982216451266,248697.828125
1495.0026494186675,248709.5625
1495.0230824863029,248723.75
1495.0435156541644,248731.953125
1495.063948722498,248672.28125
1495.084381790948,248657.140625
1495.10481485974,248673.0
1495.1252479288887,248630.96875
1495.14568099827,248621.40625
1495.1661140679937,248607.265625
1495.1865471380734,248597.8125
1495.2069803082704,248599.390625
1495.2274132789244,248573.015625
1495.24784644982,248569.03125
1495.2682795209475,248539.640625
1495.2887124924164,248544.703125
1495.3091456642433,248597.09375
1495.3295787363022,248559.859375
1495.350011708586,248555.6875
1495.3704448812275,248570.984375
1495.3908779542107,248571.09375
1495.411310927433,248587.875
1495.4317441010062,248532.546875
1495.4521771749278,248562.15625
1495.4726102489583,248545.578125
1495.4930433234622,248509.03125
1495.5134763981914,248511.03125
1495.5339094731607,248450.703125
1495.554342548479,248457.921875
1495.5747756241472,248403.65625
1495.5952087000403,248370.265625
1495.615641776174,248290.25
1495.6360749527666,248259.53125
1495.6565079294814,248270.421875
1495.676941006663,248195.0
1495.6973741840702,248165.3125
1495.7178071617163,248107.390625
1495.7382402397125,248097.625
1495.7791064965131,247958.34375
1495.7995394754398,247961.5625
1495.8199726545936,247917.015625
1495.8404057341031,247932.9375
1495.8608388138457,247879.5
1495.8812718939298,247884.328125
1495.9017049742542,247822.890625
1495.9221381549287,247845.375
1495.9425711358272,247854.921875
1495.963004217083,247849.53125
1495.9834373986887,247877.390625
1496.0038703805185,247894.875
1496.0243035627063,247936.609375
1496.0447366451262,247939.859375
1496.0651696278874,247941.34375
1496.08560281089,247971.640625
1496.1060357942406,248025.765625
1496.1264688778174,248001.609375
1496.1469020617517,248022.46875
1496.1673350460333,248057.34375
1496.1877681305414,248123.125
1496.2082013154068,248150.421875
1496.2286343005037,248160.03125
1496.2490674859437,248220.421875
1496.2695005716232,248238.90625
1496.289933657652,248270.921875
1496.3103667440228,248314.0
1496.3307998306336,248291.515625
1496.351232917477,248334.21875
1496.371666004663,248370.625
1496.3920990922052,248381.203125
1496.412532279981,248401.03125
1496.432965368098,248416.40625
1496.4533983565707,248451.234375
1496.4738315452703,248455.296875
1496.4942646342097,248459.234375
1496.5146976229153,248551.828125
1496.5351308124373,248519.40625
1496.555563902417,248545.78125
1496.575996892636,248562.8125
1496.596430083082,248616.140625
1496.6168631738838,248596.984375
1496.6372963650356,248637.90625
1496.6577293564187,248638.453125
1496.6781624481446,248696.28125
1496.6985956401113,248668.8125
1496.7190286324185,248681.5
1496.7394617249663,248700.703125
1496.7598948178638,248690.296875
1496.7803279111104,248709.78125
1496.8007611045832,248718.609375
1496.821194098411,248743.984375
1496.8416271924652,248765.1875
1496.8620603868767,248813.796875
1496.8824933815197,248798.8125
1496.9029264765122,248814.3125
1496.9233596718475,248804.53125
1496.9437927674226,248818.484375
1496.9642258633394,248835.234375
1496.9846589594963,248803.953125
1497.0050920560025,248776.265625
1497.0255251528506,248758.4375
1497.0459582499388,248781.875
1497.0663913473763,248791.71875
1497.08682454504,248762.75
1497.107257543059,248771.1875
1497.1276906413111,248781.3125
1497.1481238399065,248825.171875
1497.1685568388566,248852.390625
1497.188990038041,248813.046875
1497.2094231375668,248794.890625
1497.2298561373318,248866.65625
1497.2502893374476,248864.140625
1497.2707224379046,248885.71875
1497.291155438601,248837.4375
1497.311588639648,248856.40625
1497.33202174092,248854.390625
1497.3524549425492,248867.484375
1497.3728879445262,248863.453125
1497.3933210467294,248873.46875
1497.4137541492892,248902.828125
1497.4341872520818,248868.78125
1497.4546203552163,248914.46875
1497.475053458591,248919.28125
1497.495486562315,248918.109375
1497.5159196663808,248958.09375
1497.5363527706868,248938.640625
1497.556785875342,248919.71875
1497.5772190802236,248898.078125
1497.597652185461,248913.453125
1497.6180851910467,248924.125
1497.6385183968596,248901.296875
1497.6589515030282,248915.546875
1497.6793845095451,248934.703125
1497.6998177162895,248913.4375
1497.720250823273,248880.140625
1497.7406839307223,248936.984375
1497.7611170382806,248944.78125
1497.781550146312,248902.65625
1497.8019833545695,248887.484375
1497.822416363182,248908.953125
1497.8428494720283,248858.21875
1497.8632826812172,248856.828125
1497.8837156906447,248829.53125
1497.9041488004225,248831.609375
1497.9245820105425,248842.859375
1497.945015020901,248801.0625
1497.965448231611,248844.453125
1497.9858813426615,248838.375
1498.006314353952,248852.5
1498.0267475654764,248818.953125
1498.108479914932,248873.859375
1498.1289131280864,248858.140625
1498.1493462414728,248882.1875
1498.1697793552012,248896.3125
1498.190212469286,248880.890625
1498.2106455836038,248879.4375
1498.2310786982634,248893.59375
1498.251511913164,248864.96875
1498.2719449284125,248894.109375
1498.292378144004,248898.296875
1498.3128112598351,248910.09375
1498.3536774925378,248946.265625
1498.3741106093005,248930.03125
1498.3945436264112,248967.859375
1498.4149768437492,248881.09375
1498.435409961443,248921.40625
1498.4558429793688,248923.328125
1498.4762761977545,248909.421875
1498.4967093163796,248890.421875
1498.517142535231,248890.296875
1498.5375755544374,248858.109375
1498.5580086739938,248888.90625
1498.5784418937765,248927.515625
1498.5988749139142,248952.1875
1498.7010405191395,248978.40625
1498.741906863368,248962.28125
1498.7623398859432,248924.328125
1498.7827730087592,248970.46875
1498.8032062319253,248945.296875
1498.8236393554323,248892.890625
1498.8440723792955,248935.6875
1498.884938727715,248915.125
1498.90537185251,248911.078125
1498.925804977538,248903.671875
1498.9462381027915,248900.28125
1498.9871043543608,248917.703125
1499.007537480662,248911.1875
1499.027970707204,248937.5625
1499.048403734094,248892.484375
1499.0688369612108,248915.46875
1499.0892700886834,248896.34375
1499.109703116388,248905.265625
1499.1301363445527,248936.21875
1499.1505694729567,248938.328125
1499.1710025015927,248905.5
1499.1914357305725,248912.359375
1499.2118688599076,248932.0
1499.2323020895856,248934.109375
1499.2527351195022,248977.78125
1499.2731682496524,248934.578125
1499.293601480269,248926.40625
1499.3140345111096,248884.03125
1499.3344676421912,248972.734375
1499.3549007737383,248961.5
1499.3753339053949,248906.71875
1499.395767037524,248935.234375
1499.416200169886,248967.640625
1499.43663330259,248959.0
1499.4570665356514,248982.15625
1499.4774996689375,248966.03125
1499.497932702463,248919.359375
1499.5183659364557,248962.546875
1499.5387990706804,248996.40625
1499.5592321052463,248955.3125
1499.579665340054,248943.046875
1499.600098475203,248918.53125
1499.6205317105923,248924.859375
1499.640964746446,248942.4375
1499.6613978825335,248925.46875
1499.6818311188472,248873.96875
1499.7022641556323,248881.734375
1499.7226972925273,248868.390625
1499.743130529896,248850.65625
1499.763563567496,248896.484375
1499.783996705446,248826.90625
1499.8044299436224,248843.84375
1499.8248629821535,248879.125
1499.8452962210283,248902.671875
1499.8657293602591,248846.0
1499.8861623997218,248835.578125
1499.9065956394115,248863.21875
1499.9270287795734,248860.984375
1499.9474619199682,248845.203125
1499.967895060705,248843.53125
1499.9883282016815,248880.5625
1500.0087613430078,248877.25
1500.0291944846758,248873.390625
1500.049627626584,248873.3125
1500.0700607688414,248917.359375
1500.0904939113243,248901.46875
1500.1109270542802,248936.90625
1500.1313602974697,248933.875
1500.1517933408832,248948.578125
1500.172226484654,248947.375
1500.1926597287747,248941.890625
1500.213092773236,248887.640625
1500.2335260179389,248906.90625
1500.2539591629902,248858.75
1500.2743922083828,248914.796875
1500.294825454017,248910.078125
1500.3152585999997,248893.09375
1500.3356916462071,248921.78125
1500.356124892889,248908.0625
1500.3765580396866,248920.453125
1500.3969912869434,248965.4375
1500.4174243344387,248966.15625
1500.437857482284,248971.859375
1500.458290730472,248945.078125
1500.4787237788987,248916.859375
1500.499156927559,248932.65625
1500.5195901766783,248947.78125
1500.5400232260365,248908.53125
1500.5604563757445,248904.859375
1500.580889625795,248868.359375
1500.601322776085,248868.453125
1500.621755926717,248904.0625
1500.6421890775891,248900.1875
1500.6626221288095,248911.265625
1500.6830553803738,248921.609375
1500.7034885322937,248889.8125
1500.7239215844456,248903.953125
1500.744354836941,248891.40625
1500.7647879897922,248882.46875
1500.7852211428765,248920.65625
1500.8056542963022,248905.8125
1500.8260874499683,248914.796875
1500.8465207039844,248897.3125
1500.866953758341,248888.53125
1500.8873869130548,248870.375
1500.9078201680022,248882.71875
1500.92825322329,248900.578125
1500.9486863789352,248893.546875
1500.969119634814,248924.484375
1500.9895526910332,248930.390625
1501.0099859476104,248950.0625
1501.0304191044197,248919.421875
1501.0508521615702,248965.75
1501.0712854190788,248906.921875
1501.0917185768194,248905.78125
1501.112151734902,248892.40625
1501.1325848933411,248926.40625
1501.153018052013,248906.46875
1501.1734513111442,248919.34375
1501.1938843703974,248917.828125
1501.2143175301171,248924.34375
1501.2347507900631,248939.6875
1501.255183850364,248925.09375
1501.2756170108987,248909.71875
1501.2960501718917,248905.953125
1501.3164833330084,248955.0625
1501.3369164945907,248925.5
1501.3573497563991,248923.140625
1501.377782818563,248919.046875
1501.39821608107,248914.8125
1501.4186492438166,248897.625
1501.4390823069116,248919.46875
1501.459515570357,248886.171875
1501.479948734028,248927.0
1501.500381798054,248931.25
1501.520815062424,248907.375
1501.541248227033,248886.78125
1501.5616814921086,248869.140625
1501.582114557299,248853.859375
1501.6025477229489,248850.609375
1501.6229809888391,248852.15625
1501.64341405507,248849.4375
1501.6638472216582,248835.140625
1501.68428048848,248803.640625
1501.725146723045,248814.265625
1501.7455799909148,248813.1875
1501.7660130590084,248963.078125
1501.78644632746,248799.890625
1501.8068794961437,248801.40625
1501.8273126651693,248826.546875
1501.8477458345517,248807.640625
1501.8681790042829,248776.234375
1501.8886121742398,248814.796875
1501.9090453445533,248793.078125
1501.9294785150996,248771.453125
1501.9499116861043,248772.890625
1501.9703448573491,248782.015625
1501.9907780288268,248760.78125
1502.0112113007635,248797.015625
1502.031644372939,248810.59375
1502.0520775454645,248807.0625
1502.072510818216,248822.9375
1502.0929438913226,248837.703125
1502.1133770647791,248860.109375
1502.1338103385788,248858.40625
1502.1542434126168,248831.75
1502.1746766870056,248873.78125
1502.1951098617355,248854.46875
1502.2155429368213,248874.46875
1502.2359762121414,248891.9375
1502.2564093876863,248839.6875
1502.2768424637034,248858.90625
1502.2972757399548,248887.625
1502.3177089165474,248909.734375
1502.338142193497,248855.296875
1502.3585752706786,248837.28125
1502.3790084482025,248871.046875
1502.3994417260838,248849.53125
1502.4198748043127,248881.4375
1502.440307982768,248855.953125
1502.4607412615806,248868.5625
1502.481174440618,248919.734375
1502.5016075201274,248883.984375
1502.522040799871,248871.0625
1502.5424739798473,248876.734375
1502.5629071602816,248866.34375
1502.583340340956,248841.453125
1502.603773421979,248873.859375
1502.624206703229,248852.953125
1502.6446398849512,248872.421875
1502.6650729669054,248886.46875
1502.6855062492032,248901.40625
1502.7059394317405,248893.703125
1502.72637271462,248881.875
1502.746805797855,248901.9375
1502.7672389814395,248885.125
1502.7876722652509,248852.5625
1502.808105349417,248893.765625
1502.8285385339332,248874.4375
1502.8489718186756,248907.234375
1502.869404903773,248918.234375
1502.8898380892206,248936.78125
1502.9102713750108,248913.234375
1502.9307044610396,248938.109375
1502.9511377474191,248975.75
1502.97157093414,248951.875
1502.9920041211008,248955.84375
1503.0124373084109,248904.9375
1503.032870496063,248898.34375
1503.0533036840716,248935.328125
1503.073736872313,248964.546875
1503.0941700608964,248945.96875
1503.1146033498371,248926.890625
1503.1350365391263,248908.5625
1503.1554696286405,248906.296875
1503.1759029185123,248902.703125
1503.196336008732,248880.8125
1503.216769199178,248902.390625
1503.2372024899814,248895.78125
1503.2576355811325,248893.15625
1503.2780687726265,248876.640625
1503.298502064361,248866.796875
1503.318935156443,248871.0625
1503.3393684488692,248864.5
1503.3598016415344,248856.015625
1503.3802347346646,248846.03125
1503.4006680280218,248827.875
1503.4211012216183,248814.40625
1503.4415343156795,248812.9375
1503.4619676099685,248815.25
1503.4824008046126,248810.78125
1503.5028340994832,248821.34375
1503.5232671948252,248748.859375
1503.5437003904008,248754.671875
1503.5641336862027,248773.28125
1503.584566782476,248770.59375
1503.604999978983,248769.28125
1503.6254332758326,248801.828125
1503.6458663730373,248833.546875
1503.6662995704755,248823.359375
1503.686732868373,248792.765625
1503.7071660663933,248806.015625
1503.7275992648792,248810.109375
1503.7480324635908,248820.0625
1503.7684656627753,248768.578125
1503.788898962077,248810.015625
1503.8093320618354,248815.546875
1503.8297652618348,248828.078125
1503.8501984621837,248848.109375
1503.870631662874,248829.546875
1503.891064963922,248859.65625
1503.9114980652012,248859.96875
1503.931931266823,248863.9375
1503.9523645688023,248835.96875
1503.9727976710128,248885.25
1503.9932308736825,248865.140625
1504.013664176593,248871.125
1504.0340972797349,248858.75
1504.0545305833366,248836.953125
1504.0749637871777,248819.78125
1504.0953968913673,248796.828125
1504.115830195784,248796.625
1504.1362634006728,248774.984375
1504.1566966057944,248801.234375
1504.177129811258,248806.46875
1504.1975630170782,248793.578125
1504.2179962231312,248789.546875
1504.238429429526,248796.703125
1504.2588626362776,248781.625
1504.2792959433718,248773.65625
1504.2997291507054,248808.03125
1504.3201622583874,248768.953125
1504.3405955664202,248742.78125
1504.3610287747942,248777.84375
1504.3814618834076,248796.9375
1504.4018951923645,248751.921875
1504.422328401677,248785.484375
1504.4427616112223,248796.203125
1504.4631948212336,248769.046875
1504.5040612420637,248730.28125
1504.5244944528822,248709.0625
1504.5449275641731,248717.015625
1504.5653608756984,248714.84375
1504.585794087572,248710.453125
1504.606227199671,248747.46875
1504.6266605121273,248728.859375
1504.6470937250415,248724.890625
1504.6675270380802,248723.90625
1504.7083933653194,248693.046875
1504.7288266793985,248698.1875
1504.7492597938326,248718.109375
1504.7696930086097,248770.203125
1504.7901263236272,248721.03125
1504.8105594389926,248721.265625
1504.8309927547016,248742.40625
1504.8514259707665,248730.5
1504.8718591870638,248727.859375
1504.892292403703,248670.9375
1504.9127256206991,248708.625
1504.9331588380446,248673.140625
1504.9535920556154,248639.640625
1504.9740252735428,248664.71875
1504.9944584918194,248643.296875
1505.0148918104387,248671.59375
1505.035324929413,248638.140625
1505.0557582486215,248658.828125
1505.0761914681716,248678.625
1505.0966245879608,248632.9375
1505.1170579082172,248620.78125
1505.1374910286977,248658.21875
1505.1579242495354,248653.203125
1505.1783575707232,248583.125
1505.198790692135,248589.609375
1505.2192240140212,248568.765625
1505.2396572361397,248585.78125
1505.260090358599,248576.4375
1505.2805236813,248564.234375
1505.3009569043495,248567.671875
1505.321390027857,248568.96875
1505.3418233514894,248565.4375
1505.3622565755868,248562.046875
1505.3826897999097,248546.75
1505.4031230247056,248478.484375
1505.4235562496178,248512.390625
1505.4439895749892,248492.3125
1505.4644227007157,248471.734375
1505.4848559266757,248511.046875
1505.5052892529784,248491.3125
1505.525722479637,248491.09375
1505.5461556065277,248530.390625
1505.5870221614678,248537.734375
1505.6074553892831,248514.8125
1505.6278886175714,248494.90625
1505.6483218460926,248508.078125
1505.6687551749565,248494.765625
1505.689188304175,248499.609375
1505.7096215337442,248485.375
1505.7300548636558,248489.140625
1505.750487993806,248491.40625
1505.7709212243062,248480.75
1505.7913544551484,248476.34375
1505.811787686231,248454.03125
1505.832221017663,248471.859375
1505.852654149552,248462.96875
1505.8730873815657,248453.09375
1505.8935207140455,248451.265625
1505.9139538467498,248430.390625
1505.9343870799275,248442.140625
1505.9548204132225,248433.515625
1505.9752535469745,248424.125
1505.995686881084,248448.609375
1506.016120115426,248431.984375
1506.03655335011,248454.25
1506.0569865851503,248355.4375
1506.0774198204235,248368.546875
1506.0978530561551,248358.4375
1506.1182862921269,248350.234375
1506.1387195284478,248299.234375
1506.1591527651108,248352.71875
1506.1795861020146,248308.8125
1506.2000192393823,248321.234375
1506.2204525769776,248323.96875
1506.240885814812,248331.8125
1506.2613189531112,248317.75
1506.281752291754,248309.265625
1506.302185530636,248263.21875
1506.3226186698666,248310.328125
1506.3430520093243,248249.796875
1506.3634852492542,248250.21875
1506.3839184894168,248239.421875
1506.4043517299217,248194.15625
1506.4247849707826,248212.09375
1506.4452182119858,248230.15625
1506.465651453429,248238.390625
1506.4860845953372,248222.9375
1506.5065179373632,248230.0
1506.526951179847,248269.0625
1506.547384522688,248280.234375
1506.567817665753,248235.265625
1506.5882509091753,248262.71875
1506.6086842529476,248280.203125
1506.6291173970676,248246.515625
1506.6495506415304,248295.90625
1506.669983986234,248264.078125
1506.690417131278,248231.796875
1506.7108503766794,248235.125
1506.7312837224308,248221.375
1506.751716968407,248256.03125
1506.7721502147397,248239.796875
1506.7925834614216,248253.90625
1506.8130167084455,248207.5
1506.833449955826,248225.5
1506.8538832034392,248232.875
1506.8743164513944,248215.3125
1506.894749799707,248180.171875
1506.9151829483671,248166.140625
1506.9356162973709,248145.125
1506.956049546614,248131.5
1506.9764826962055,248126.25
1506.9969160461403,248110.28125
1507.0173492964311,248075.125
1507.0377824469542,248126.5625
1507.058215797937,248089.84375
1507.0786489491584,248110.78125
1507.0990822007298,248097.796875
1507.1195155525274,248096.734375
1507.1399487047966,248083.375
1507.1603820573,248066.28125
1507.180815310145,248067.71875
1507.201248463345,248064.921875
1507.2216818168963,248055.9375
1507.2421150706723,248039.5625
1507.2625483248048,248045.0625
1507.282981579403,248006.703125
1507.3034148341103,248007.015625
1507.3238481892913,248027.078125
1507.3442813447036,248015.796875
1507.364714600575,247983.09375
1507.3851479566874,247975.90625
1507.405581213141,248009.890625
1507.426014369834,248019.65625
1507.446447726994,248005.40625
1507.466880984386,247978.0
1507.4873141421194,248023.359375
1507.5077475002108,247984.359375
1507.5281807586434,247991.515625
1507.548614117317,247941.4375
1507.569047276338,247971.859375
1507.5894805357093,247942.203125
1507.6099138954232,247965.796875
1507.6303470554922,247928.359375
1507.6507803157874,247899.8125
1507.6916468375566,247898.671875
1507.7120801989004,247883.75
1507.7325133604827,247862.078125
1507.7529466225317,247866.546875
1507.7733799848063,247859.59375
1507.7938131474366,247852.578125
1507.814246410417,247854.875
1507.8346797737397,247799.875
1507.8551129373009,247831.828125
1507.8755462013287,247808.890625
1507.8959795655828,247827.4375
1507.9164128301927,247802.265625
1507.9368460950354,247786.859375
1507.9572793603363,247787.5
1507.9777126258778,247771.234375
1507.9981458917682,247746.984375
1508.0185791580006,247743.125
1508.0390124245896,247723.875
1508.0594457915286,247738.3125
1508.0798789586916,247760.140625
1508.1003123262126,247730.484375
1508.120745594082,247692.75
1508.1411787622928,247702.21875
1508.1616121308616,247687.25
1508.1820453996625,247672.0
1508.202478568921,247653.1875
1508.222911938421,247656.78125
1508.2433452082696,247619.671875
1508.263778378343,247648.40625
1508.2842117488908,247653.578125
1508.3046450196707,247633.578125
1508.3250782907926,247660.1875
1508.345511562271,247617.859375
1508.3659448340986,247632.296875
1508.3863781062682,247670.875
1508.406811378678,247609.28125
1508.427244651437,247633.84375
1508.447677924538,247609.1875
1508.4681111979953,247614.8125
1508.4885445717955,247608.234375
1508.5089777458345,247588.875
1508.529411020223,247547.4375
1508.549844395071,247566.5625
1508.5702776700418,247559.9375
1508.5907108454776,247574.640625
1508.6111442212568,247572.625
1508.6315774972754,247562.796875
1508.6520107736433,247557.78125
1508.672444050353,247542.6875
1508.6928773274194,247495.328125
1508.713310604835,247459.15625
1508.733743882476,247477.65625
1508.7541771605902,247437.65625
1508.7746105388214,247459.21875
1508.7950437175095,247465.84375
1508.815476996555,247375.78125
1508.8359103759503,247374.296875
1508.8563435555698,247322.421875
1508.8767769355472,247367.96875
1508.8972102158732,247335.6875
1508.9176433965404,247291.0
1508.9380767775656,247280.453125
1508.9585100588229,247306.71875
1508.9789432405378,247278.9375
1508.9993766224943,247299.453125
1509.019809904799,247319.171875
1509.0402431874463,247244.875
1509.0606764703334,247246.25
1509.0811096536854,247250.34375
1509.1015430372645,247218.546875
1509.121976321199,247190.09375
1509.1424096054834,247190.53125
1509.1628428901097,247148.234375
1509.1832761749756,247164.5625
1509.2037094603074,247172.71875
1509.2241428458656,247118.21875
1509.2445760317787,247138.453125
1509.2650094180426,247114.15625
1509.2854427045313,247100.828125
1509.3058758914922,247066.390625
1509.32630927868,247041.046875
1509.3467425662238,247033.96875
1509.367175754116,247006.9375
1509.387609142359,247004.1875
1509.4080424309432,247009.265625
1509.4284758197682,247018.0
1509.44890900905,246983.375
1509.4693422985729,246976.96875
1509.4897756884457,246963.609375
1509.5102088786662,246951.9375
1509.530642169113,246914.46875
1509.5510755600335,246896.84375
1509.571508751178,246897.65625
1509.59194204268,246874.328125
1509.612375334531,246818.65625
1509.6328086267313,246796.671875
1509.653242019158,246728.453125
1509.673675212056,246729.6875
1509.6941085051803,246727.5625
1509.714541898662,246726.203125
1509.7349750924914,246705.109375
1509.7554083866708,246698.03125
1509.7758417811929,246675.453125
1509.7962750759543,246697.9375
1509.8167083710578,246645.03125
1509.8371416665177,246615.09375
1509.857574962443,246600.046875
1509.878008258478,246581.046875
1509.8984415549858,246506.46875
1509.9188748517263,246480.8125
1509.939308248926,246471.6875
1509.9597414463642,246516.3125
1509.9801748441532,246452.890625
1510.0006081422837,246447.0625
1510.021041340653,246417.109375
1510.061908038551,246420.609375
1510.0823412379686,246388.375
1510.1027746377367,246385.203125
1510.123207937846,246340.046875
1510.143641138311,246294.171875
1510.1640745390105,246254.171875
1510.1845078401675,246270.15625
1510.2049411415646,246239.984375
1510.225374443311,246244.25
1510.2458077453994,246189.25
1510.2662410477278,246189.828125
1510.286674350522,246176.828125
1510.3071076535416,246167.65625
1510.3275409569178,246114.5
1510.3479742607597,246105.0625
1510.3684076648278,246081.015625
1510.3888408691346,246061.71875
1510.4092741739078,246000.921875
1510.4297075789073,245996.25
1510.450140884379,245955.6875
1510.470574090083,245935.453125
1510.49100749613,245909.015625
1510.5114408024165,245855.78125
1510.531874009168,245888.640625
1510.552307416263,245839.515625
1510.5727407235972,245832.375
1510.5931741312745,245811.21875
1510.6136073393063,245782.1875
1510.6340406476884,245793.6875
1510.6749072653763,245707.265625
1510.6953405748063,245697.78125
1510.7157739844624,245733.421875
1510.7362071944735,245755.609375
1510.7566406048354,245665.84375
1510.7770739155385,245664.546875
1510.797507126597,245639.859375
1510.8179405378903,245629.9375
1510.838373849525,245602.390625
1510.8588070616315,245597.859375
1510.8792404739725,245558.265625
1510.8996737866546,245560.421875
1510.9201070995769,245519.046875
1510.9405404129648,245513.859375
1510.9609737265782,245478.15625
1510.9814070406646,245440.875
1511.001840354984,245427.203125
1511.022273669645,245418.625
1511.0427069845464,245407.25
1511.0631402999134,245353.28125
1511.0835736156223,245357.625
1511.104007031572,245400.6875
1511.1244402478696,245318.453125
1511.144873664511,245309.890625
1511.1653069815077,245292.625
1511.1857401988527,245263.0625
1511.2061736165415,245298.765625
1511.2266069344696,245269.25
1511.2470401528626,245304.234375
1511.2674735714827,245265.25
1511.2879068904583,245238.125
1511.3083403097771,245247.75
1511.3287735294507,245210.5
1511.349206849358,245214.21875
1511.3696402697242,245166.828125
1511.390073490329,245167.375
1511.410506811284,245146.0
1511.4309402325816,245160.109375
1511.4513734542345,245133.953125
1511.471806776237,245135.78125
1511.492240198466,245115.96875
1511.5126734211665,245104.78125
1511.533106844101,245138.375
1511.5535400673834,245142.046875
1511.5739734910094,245168.703125
1511.594406814991,245149.703125
1511.6148401393148,245185.796875
1511.6352733638778,245150.703125
1511.655706788908,245174.375
1511.676140114163,245164.5
1511.6965734397745,245206.515625
1511.7170067657353,245234.53125
1511.737440092038,245214.0
1511.7578734186973,245242.40625
1511.7783067457058,245232.453125
1511.7987400729398,245278.40625
1511.8191735005312,245266.65625
1511.839606728587,245264.8125
1511.8600400568685,245250.734375
1511.8804734853911,245300.390625
1511.900906714378,245303.34375
1511.9213401437082,245335.59375
1511.941773473278,245297.5
1511.9622067033124,245292.140625
1511.982640133574,245305.0625
1512.0030734641914,245321.359375
1512.0235066951573,245281.578125
1512.0439401264666,245338.734375
1512.064373458015,245305.421875
1512.0848068900232,245349.34375
1512.1052401222696,245330.15625
1512.125673454866,245424.40625
1512.1461067878115,245482.890625
1512.1665401210994,245405.109375
1512.1869734547436,245464.96875
1512.207406788737,245511.09375
1512.227840122956,245477.21875
1512.2482735576486,245510.390625
1512.2687067925726,245504.890625
1512.2891401278391,245560.578125
1512.3095735634631,245607.765625
1512.3300068994286,245590.359375
1512.3504401357495,245591.765625
1512.3708735723048,245618.609375
1512.391306909325,245631.0
1512.41174014657,245664.421875
1512.4321735841731,245741.75
1512.4526069221174,245762.53125
1512.473040360419,245787.203125
1512.4934735990682,245756.296875
1512.5139069380675,245853.296875
1512.5343403772931,245894.046875
1512.55477361699,245893.03125
1512.5752069569137,245928.40625
1512.595640397194,245983.59375
1512.6160736378224,246021.453125
1512.6365070787942,246027.109375
1512.6569404201218,246071.90625
1512.6773736616817,246074.8125
1512.697807103701,246123.140625
1512.71824044596,246121.84375
1512.7386736885674,246169.21875
1512.7591071315182,246184.4375
1512.779540474825,246228.296875
1512.7999738184808,246261.46875
1512.820407162479,246261.765625
1512.8408405067166,246283.5625
1512.8612738514205,246259.921875
1512.8817071963497,246287.40625
1512.9021405416352,246334.46875
1512.92257388727,246352.265625
1512.943007233247,246385.703125
1512.9634405795805,246389.8125
1512.983874026264,246417.515625
1513.0043072731714,246454.53125
1513.0247407205534,246474.09375
1513.0451740681674,246499.78125
1513.0656073161226,246504.296875
1513.086040764436,246537.453125
1513.1064741130976,246599.890625
1513.1269073621006,246574.109375
1513.1473408113452,246610.734375
1513.1677741610547,246619.640625
1513.1882076109905,246616.953125
1513.2086408613975,246655.484375
1513.2290742120383,246623.28125
1513.249507663022,246662.9375
1513.2699409143606,246676.203125
1513.2903742659328,246725.21875
1513.310807717964,246709.6875
1513.3312409703503,246698.03125
1513.3516743229702,246782.671875
1513.3721077759328,246769.65625
1513.3925410292504,246792.71875
1513.4129744829115,246796.59375
1513.4334078369284,246845.140625
1513.4538411912945,246846.65625
1513.4742745460098,246830.828125
1513.4947079009507,246888.9375
1513.5151412563646,246924.90625
1513.535574612004,246949.984375
1513.556007968,246968.1875
1513.576441324345,246974.09375
1513.5968746810397,247021.515625
1513.617308038076,246994.765625
1513.6581747530872,247040.109375
1513.6786081110622,247024.5625
1513.6990415695036,247047.53125
1513.7194748281763,247038.171875
1513.7399082871923,247017.25
1513.7603416465645,247011.421875
1513.7807749062777,246999.578125
1513.8012083662325,247041.28125
1513.8216417266522,247016.234375
1513.8420749872969,246984.84375
1513.8625084484156,247015.84375
1513.8829418097666,247025.203125
1513.9033750714589,247020.421875
1513.9238085335091,247039.34375
1513.944241895908,247009.375
1513.9646753586494,247023.140625
1513.9851086216297,247025.1875
1514.005541985076,247020.53125
1514.0259754487488,247025.40625
1514.0464087127766,247047.65625
1514.0668420772708,247052.890625
1514.0872755419914,247044.484375
1514.107708807067,247078.125
1514.1281422723696,247136.40625
1514.1485755381436,247140.46875
1514.1690089042677,247135.6875
1514.189442370625,247185.453125
1514.2098757373242,247169.625
1514.2303090044952,247166.40625
1514.250742471893,247162.65625
1514.2711758396472,247137.53125
1514.2916091077495,247121.5625
1514.3120425762029,247198.734375
1514.3324759448806,247212.765625
1514.3529094140322,247218.671875
1514.3733426834078,247221.34375
1514.3937760531408,247236.546875
1514.41420952334,247241.234375
1514.4346427937708,247283.578125
1514.4550761645442,247296.375
1514.4755096356748,247317.8125
1514.4959429070295,247314.0
1514.5163763788587,247319.46875
1514.53680975092,247312.453125
1514.557243023446,247324.5625
1514.5776764961993,247323.65625
1514.5981098693082,247335.59375
1514.6185431427584,247286.546875
1514.6389766165669,247321.90625
1514.6594099907234,247329.671875
1514.6798434652228,247335.875
1514.7002767399608,247306.6875
1514.7207101151653,247310.140625
1514.7411434905953,247312.28125
1514.7615768663818,247331.890625
1514.782010242634,247333.578125
1514.8024436191115,247321.90625
1514.822876995946,247336.1875
1514.843310373013,247326.65625
1514.863743850539,247297.875
1514.8841771284206,247291.625
1514.9046106065362,247275.53125
1514.9250439851094,247304.328125
1514.945477263922,247267.609375
1514.9659107430853,247302.796875
1514.9863441225898,247312.328125
1515.00677740245,247304.65625
1515.0272108826612,247305.203125
1515.0476442632134,247309.71875
1515.0680777440066,247357.15625
1515.088511025264,247334.125
1515.1089444067477,247336.25
1515.1293778887048,247322.46875
1515.1498111708934,247367.46875
1515.1702445534247,247334.46875
1515.190678036313,247331.046875
1515.2111113195497,247365.875
1515.2315447030123,247370.546875
1515.2519781869487,247397.296875
1515.2724115712335,247437.984375
1515.292844955744,247437.515625
1515.3132783406109,247415.375
1515.3337117259362,247439.984375
1515.3541451115016,247456.203125
1515.3745784974162,247452.046875
1515.3950117836794,247454.09375
1515.4154452701696,247429.234375
1515.435878657132,247496.28125
1515.4563120444363,247462.9375
1515.4767454319808,247485.453125
1515.4971788198743,247450.046875
1515.5176123082274,247452.859375
1515.5380455968188,247444.3125
1515.5584789857603,247463.0
1515.5789124750445,247410.15625
1515.5993457646837,247427.875
1515.6197792546736,247420.96875
1515.6402126448884,247416.296875
1515.6606459355753,247378.234375
1515.6810794264966,247393.3125
1515.701512817759,247347.125
1515.7219461094935,247384.859375
1515.7423796014627,247342.84375
1515.762812993773,247346.796875
1515.783246286439,247346.328125
1515.8036797794557,247275.703125
1515.8241131726973,247291.671875
1515.8445466664125,247307.078125
1515.864979960359,247255.890625
1515.8854133547648,247249.875
1515.905846849411,247222.046875
1515.9262801444056,247191.390625
1515.9467135397426,247187.75
1515.967147035437,247142.75
1515.9875804314795,247165.703125
1516.0080138278645,247139.359375
1516.0284472246058,247153.328125
1516.0693140190124,247107.984375
1516.089747416685,247083.59375
1516.1101807148225,247134.40625
1516.130614213187,247121.796875
1516.1510476119074,247099.578125
1516.1714811109705,247093.015625
1516.1919144103886,247076.609375
1516.2123478100402,247063.25
1516.2327813101583,247053.171875
1516.2532146106169,247015.734375
1516.2736480113165,246989.203125
1516.2940815124748,246971.46875
1516.314514813872,246915.671875
1516.334948215619,246882.90625
1516.3553817177162,246838.671875
1516.3758150201538,246831.953125
1516.3962485229497,246794.796875
1516.4166819260863,246763.3125
1516.4371152294625,246759.5625
1516.457548733306,246674.953125
1516.4779821374975,246615.515625
1516.4984155419152,246580.90625
1516.518848946689,246552.0
1516.539282351805,246445.84375
1516.5597158573946,246398.046875
1516.5801491632155,246367.359375
1516.6005825693792,246264.859375
1516.6414494826531,246070.75
1516.6618827898635,245965.0
1516.682316297316,245910.84375
1516.7027496052324,245805.84375
1516.723183013375,245683.640625
1516.743616521875,245611.125
1516.7640498307228,245522.640625
1516.784483339914,245379.40625
1516.804916749461,245317.71875
1516.8253500593564,245189.609375
1516.8457835695954,245139.890625
1516.86621698019,245053.6875
1516.8866502910168,245007.875
1516.9070838023035,244947.78125
1516.9275172138296,244881.84375
1516.9479507257056,244881.96875
1516.9683840380385,244899.828125
1516.9888174506125,244912.109375
1517.0092509635288,244912.453125
1517.0296842766838,244953.75
1517.0501176903051,244951.8125
1517.0705512042769,245018.421875
1517.0909845185888,245019.125
1517.1114180331424,245039.625
1517.1318514481536,245037.5625
1517.152284863405,245008.28125
1517.1727182790055,244963.53125
1517.1931516949553,244963.453125
1517.213585111247,244887.765625
1517.2340185278954,244863.765625
1517.2544519448857,244788.125
1517.2748853622325,244704.875
1517.2953187799285,244598.453125
1517.3157521978574,244538.328125
1517.3361856162446,244381.765625
1517.356619034872,244257.421875
1517.377052453841,244157.859375
1517.3974859732843,244083.21875
1517.417919292959,244090.359375
1517.438352712983,244100.328125
1517.45878623335,244185.21875
1517.4792195540722,244247.921875
1517.4996530750211,244433.3125
1517.520086496443,244560.515625
1517.5405198182125,244736.6875
1517.5609533402094,244918.765625
1517.581386762562,245079.765625
1517.6018200853796,245252.5
1517.6222536084242,245437.546875
1517.6426870318246,245632.953125
1517.6631203555737,245775.703125
1517.683553879666,245885.03125
1517.703987304114,246003.34375
1517.724420828912,246106.578125
1517.7448541539345,246220.890625
1517.7652875794302,246276.4375
1517.7857211051596,246293.40625
1517.806154431346,246290.09375
1517.8265878577731,246293.671875
1517.8470213845503,246335.59375
1517.8674548116687,246328.34375
1517.8878882391436,246330.296875
1517.9083216669678,246341.359375
1517.928755095134,246276.9375
1517.9491885236566,246284.84375
1517.9696219525283,246295.984375
1517.9900552816252,246297.796875
1518.0104888111964,246226.328125
1518.0309222409996,246205.4765625
1518.0513557711456,246184.625
1518.071789101763,246150.03125
1518.092222532614,246103.328125
1518.1126560638077,246018.125
1518.1330893953564,245976.71875
1518.153522827255,245920.078125
1518.1739563594963,245852.40625
1518.1943896919763,245760.609375
1518.214823124923,245571.015625
1518.2352566582122,245356.765625
1518.25568999174,244915.9375
1518.2761235256185,244423.25
1518.2965569599546,243832.765625
1518.31699029453,243192.234375
1518.337423829449,242520.203125
1518.357857264724,241738.859375
1518.378290700348,240886.328125
1518.398724136321,239938.375
1518.41915757252,238982.953125
1518.4395911091924,238052.703125
1518.4600244462054,237059.984375
1518.4804578834592,236209.671875
1518.5008914211794,235513.6875
1518.5213248591244,234855.875
1518.5417581974252,234237.8125
1518.5621917360768,233614.328125
1518.5826251750696,233109.265625
1518.603058514418,232655.046875
1518.6234920541174,232261.28125
1518.6439253941644,231749.875
1518.664358934555,230726.53125
1518.6847923751848,229237.96875
1518.7052257162725,228018.828125
1518.7256592576014,227029.640625
1518.7665260414217,225579.953125
1518.786959583791,225195.515625
1518.8073930265164,224964.53125
1518.8278265695844,224972.53125
1518.8482599130075,225153.15625
1518.8686933567806,225523.796875
1518.8891269008964,226071.703125
1518.9095602453672,226836.0
1518.9299936900716,227983.03125
1518.950427235235,229200.640625
1518.9708605806372,229862.484375
1518.9912941265063,230291.328125
1519.0117275726006,230531.890625
1519.0321610190513,230791.140625
1519.0525944658511,230908.328125
1519.073027912993,230944.34375
1519.0934613604911,230866.25
1519.113894808339,230706.21875
1519.1343282565283,230444.9375
1519.1547617049582,229874.984375
1519.175195253847,229078.484375
1519.1956286030909,227925.703125
1519.2160620525683,226316.78125
1519.236495502395,224287.34375
1519.25692895268,222098.8125
1519.277362503206,219912.1875
1519.2977958540723,217790.109375
1519.318229305296,215584.46875
1519.3386628568696,213200.90625
1519.359096208791,210846.453125
1519.379529761056,208135.8125
1519.39996321356,205002.96875
1519.420396566522,202219.8125
1519.4408301197254,200158.09375
1519.4612635733938,198843.140625
1519.4816969272945,197924.75
1519.5021304816546,197225.8125
1519.5225639362543,196771.84375
1519.542997391196,196789.90625
1519.5634308464942,197424.09375
1519.5838643021416,198550.390625
1519.624731214477,199118.0
1519.6451646710557,198421.265625
1519.6655982280936,197660.703125
1519.68603158537,198023.1875
1519.706465043113,199311.4375
1519.7268986010822,200931.828125
1519.7473320595236,202826.765625
1519.7677655181978,205144.34375
1519.788198977214,207578.28125
1519.8086324365868,209802.765625
1519.8290659963095,212043.890625
1519.8494993563727,214621.640625
1519.8699328167932,217774.5
1519.8903662775629,221245.546875
1519.910799738558,224277.359375
1519.931233300027,226390.09375
1519.9516666617274,228070.796875
1519.9721001238868,229610.5625
1519.992533686287,231134.59375
1520.012967049035,232521.71875
1520.0334005122422,233216.6171875
1520.0538340756902,233911.515625
1520.074267439486,234515.40625
1520.0947009036245,235114.453125
1520.1151344680038,235816.421875
1520.1355678328473,236374.5
1520.1560013980345,236954.75
1520.176434863577,237390.390625
1520.1968683293526,237860.359375
1520.2173017955863,238332.078125
1520.2377352620606,238838.34375
1520.2581687288766,239281.890625
1520.2786021960492,239739.140625
1520.2990356636874,240096.875
1520.319469231552,240344.984375
1520.3399026997722,240489.625
1520.360336068341,240552.53125
1520.3807696371368,240611.828125
1520.4012031064049,240649.453125
1520.4216364760214,240681.921875
1520.4420700459814,240692.53125
1520.4625035161807,240719.71875
1520.4829368867286,240724.171875
1520.5033704577363,240757.46875
1520.5238039289834,240758.640625
1520.5442374005795,240816.6875
1520.564670872518,240938.234375
1520.585104244812,240947.6875
1520.605537817457,241129.3125
1520.625971290443,241236.359375
1520.6464046637848,241349.84375
1520.6668382374774,241519.15625
1520.6872717115111,241647.734375
1520.7077052857858,241879.875
1520.7281386605246,242147.578125
1520.7485721354897,242346.6875
1520.769005710812,242620.453125
1520.7894390865986,242960.15625
1520.8098725626114,243233.671875
1520.8303061389815,243556.96875
1520.8507395156994,243882.1875
1520.8711730927607,244210.96875
1520.8916065701778,244572.71875
1520.9120400479442,244784.296875
1520.932473525936,244955.71875
1520.952907004401,245107.453125
1520.973340483215,245209.890625
1520.9937739622546,245342.3125
1521.0142074416508,245430.140625
1521.0346409215126,245474.203125
1521.0550745016008,245557.5
1521.075507882044,245600.625
1521.0959414628303,245699.53125
1521.116374943973,245747.890625
1521.1368083254638,245804.9375
1521.1572419073054,245871.15625
1521.1776752894875,245946.75
1521.198108772027,246020.5
1521.2185423547926,246112.390625
1521.2389757380297,246159.90625
1521.2594093215012,246215.671875
1521.2798428054375,246224.234375
1521.300276189599,246298.171875
1521.320709774118,246337.484375
1521.341143259095,246390.1875
1521.3615766443108,246432.40625
1521.3820102298778,246494.140625
1521.4024437157932,246581.671875
1521.4228772020506,246637.625
1521.443310688548,246722.71875
1521.463744175504,246748.015625
1521.4841777628171,246842.921875
1521.5046111503616,246859.984375
1521.5250446383725,246981.921875
1521.5454782266097,246993.15625
1521.565911715319,247051.09375
1521.5863451042533,247097.046875
1521.6067786935455,247130.890625
1521.6272121831862,247196.296875
1521.6476456731689,247234.75
1521.668079163508,247328.1875
1521.6885126541963,247345.3125
1521.7089462452277,247370.515625
1521.729379636614,247424.453125
1521.7498131282337,247467.71875
1521.7702466203118,247500.390625
1521.79068011263,247556.203125
1521.8111137054148,247581.6875
1521.8315470984237,247626.328125
1521.851980591906,247657.453125
1521.872414185622,247682.125
1521.8928475796783,247709.390625
1521.913281074092,247728.453125
1521.9337146688558,247703.859375
1521.95414806396,247755.015625
1521.9745815594215,247733.8125
1521.9950151551166,247769.65625
1522.0154485512685,247784.234375
1522.0358821477785,247795.59375
1522.0563156445132,247799.234375
1522.076749141721,247799.265625
1522.0971826391617,247787.21875
1522.1176161369513,247827.4375
1522.1380496351994,247834.5625
1522.1584831336877,247817.265625
1522.178916632518,247845.21875
1522.1993502317057,247813.84375
1522.2197837312417,247766.140625
1522.240217131126,247791.4375
1522.2606507312375,247772.953125
1522.2810842318213,247779.59375
1522.3015176327465,247766.046875
1522.3219512339128,247805.328125
1522.3423847355443,247812.65625
1522.362818137408,247831.75
1522.3832517397311,247857.65625
1522.4036852422942,247862.265625
1522.424118745199,247892.359375
1522.4445522484602,247883.28125
1522.4649857520708,247858.1875
1522.4854192560233,247800.59375
1522.5058527603323,247826.34375
1522.52628616499,247854.578125
1522.546719769991,247848.609375
1522.5671532752312,247871.546875
1522.6080202868689,247819.796875
1522.6284537932734,247858.09375
1522.6488873999117,247840.953125
1522.66932080689,247853.890625
1522.6897543143425,247859.625
1522.710187922028,247838.21875
1522.7306213300544,247796.578125
1522.7510549384388,247795.453125
1522.7714884471716,247789.25
1522.7919219562464,247753.578125
1522.8123554655613,247749.953125
1522.8327889753418,247747.109375
1522.8532224854644,247692.34375
1522.873655995827,247681.84375
1522.8940895066553,247676.15625
1522.9145230177091,247686.140625
1522.9349566291205,247691.125
1522.9553900409956,247675.109375
1522.975823653098,247670.015625
1522.996257165556,247623.4375
1523.0166905783626,247600.9375
1523.0371241915127,247573.484375
1523.0575577050186,247592.53125
1523.077991118873,247557.578125
1523.0984247329543,247507.859375
1523.1188581475071,247525.265625
1523.1392917624034,247507.4375
1523.159725277539,247515.859375
1523.1801586931397,247531.109375
1523.2005923089746,247541.015625
1523.2210258251507,247526.921875
1523.2414592416826,247604.203125
1523.2618928586744,247556.984375
1523.2823263759055,247552.125
1523.302759893486,247584.484375
1523.3231934112991,247573.984375
1523.3436269295707,247572.359375
1523.3640605481996,247562.109375
1523.384493967169,247588.53125
1523.4049274863792,247598.59375
1523.4253611060558,247601.859375
1523.4457946259572,247624.234375
1523.4662280463308,247604.875
1523.4866616669387,247688.5625
1523.507095187888,247645.921875
1523.5275287091936,247622.0
1523.547962230965,247643.15625
1523.5683957529618,247684.84375
1523.588829375316,247684.703125
1523.6092627979017,247739.234375
1523.629696320946,247671.546875
1523.650129944348,247673.203125
1523.6705633680976,247677.34375
1523.6909968920736,247713.0
1523.7114304165225,247702.25
1523.7318639412042,247718.390625
1523.752297566345,247719.734375
1523.7727309917243,247687.78125
1523.793164517454,247702.640625
1523.8135981435262,247739.90625
1523.8340315699534,247696.390625
1523.8544650967306,247734.046875
1523.8748987238505,247689.0
1523.8953321513254,247650.375
1523.9157657791511,247665.0
1523.9361993072016,247654.140625
1523.956632835725,247600.6875
1523.9770663644813,247633.140625
1523.997499893696,247639.859375
1524.017933423151,247641.59375
1524.038366953071,247648.734375
1524.058800483217,247621.109375
1524.0792340137195,247675.1875
1524.0996676445648,247646.296875
1524.120101075765,247656.234375
1524.140534707316,247652.203125
1524.1609682392154,247674.53125
1524.181401671456,247658.71875
1524.2018353039384,247690.3125
1524.2222688368784,247692.796875
1524.242702270174,247687.5
1524.263135903704,247713.828125
1524.283569437699,247691.578125
1524.3040029719195,247692.28125
1524.3244365064966,247688.421875
1524.3448700414156,247718.375
1524.365303576691,247712.921875
1524.3857371124325,247615.671875
1524.4061706484065,247680.59375
1524.4266041846058,247687.1875
1524.4470377212783,247702.5
1524.4674713582936,247717.203125
1524.4879047956638,247749.734375
1524.5083383332676,247729.46875
1524.5287719713306,247734.046875
1524.549205409632,247680.921875
1524.5696389484,247691.078125
1524.5900725873944,247720.203125
1524.6105061267444,247705.75
1524.630939566443,247698.796875
1524.651373206485,247699.5625
1524.6718067468828,247703.609375
1524.6922402876298,247723.6875
1524.7126738287188,247715.921875
1524.7331073701644,247711.71875
1524.7535409119591,247687.296875
1524.7739744539797,247684.953125
1524.7944079964727,247624.453125
1524.8148416391923,247628.546875
1524.8352750823833,247612.484375
1524.8557087258089,247587.421875
1524.8761422695825,247580.359375
1524.8965757136975,247582.28125
1524.917009358287,247570.0625
1524.937442903101,247573.171875
1524.957876348155,247575.90625
1526.143022950113,247939.484375
1526.1634565153072,247930.84375
1526.18388998085,247931.53125
1526.2043236468598,247965.71875
1526.2247572130946,247964.65625
1526.2451907796858,247956.578125
1526.265624346619,247909.734375
1526.2860579139087,247936.21875
1526.3064914815477,247926.15625
1526.326925049536,247918.8984375
1526.347358617866,247911.640625
1526.3677921864364,247914.9375
1526.388225755465,247952.78125
1526.4086594247349,247954.296875
1526.4290928944683,247939.5625
1526.4495264644356,247907.46875
1526.4699601347456,247899.34375
1526.4903937055278,247938.015625
1526.5312608478998,247967.765625
1526.551694419613,247943.03125
1526.572127891675,247950.359375
1526.5925615640808,247932.265625
1526.6129951367257,247926.75
1526.6334288098296,247902.984375
1526.6538622831722,247876.546875
1526.6742958569812,247922.96875
1526.6947295310165,247891.796875
1526.7151630055232,247893.015625
1526.7355965802635,247892.0625
1526.7560302553466,247847.1875
1526.7764637307846,247874.875
1526.7968973065726,247874.4375
1526.8173309827034,247883.3125
1526.8377644591892,247884.4375
1526.8581981360255,247877.546875
1526.8786317132035,247847.953125
1526.8990651906206,247871.53125
1526.919498868505,247832.671875
1526.9399323466132,247839.625
1526.9603660250796,247838.546875
1526.9807996040108,247828.640625
1527.0012331831676,247853.78125
1527.021666762681,247848.390625
1527.0421003425436,247870.703125
1527.062533922748,247891.453125
1527.0829675033092,247924.171875
1527.1034010842195,247917.609375
1527.1238346654718,247917.71875
1527.144268346965,247883.140625
1527.1647018289225,247945.984375
1527.185135411106,247897.453125
1527.2055690937632,247930.703125
1527.2260025766443,247926.84375
1527.246436259884,247924.765625
1527.2668698435882,247907.21875
1527.2873033275246,247933.21875
1527.3077370118044,247939.609375
1527.32817059644,247975.3125
1527.3486040813004,247957.4375
1527.3690377666353,247989.140625
1527.3894713523189,247971.625
1527.409904838234,247978.078125
1527.4303385246094,247998.28125
1527.450772111224,247997.34375
1527.471205798298,248019.9375
1527.4916392856103,247994.90625
1527.51207287141,247957.28125
1527.5325065594152,247954.03125
1527.552940047775,247942.03125
1527.5733736364857,247901.625
1527.5938072255376,247942.359375
1527.6142409148306,247876.421875
1527.6346745045885,247868.6875
1527.6551080946883,247883.015625
1527.6755415850275,247917.796875
1527.6959752757175,247915.453125
1527.716408866865,247920.25
1527.736842358252,247889.53125
1527.7572760499895,247898.21875
1527.7777096420689,247913.34375
1527.798143134503,247901.859375
1527.8185768272888,247927.734375
1527.8390104204154,247964.25
1527.8594441138994,247972.9375
1527.8798776076146,247987.390625
1527.900311201789,247970.84375
1527.9207448962045,248017.984375
1527.9616119861894,248038.046875
1527.9820456816524,247993.921875
1528.002479177463,248033.71875
1528.022912873617,248055.6875
1528.0433464701273,248023.4375
1528.0637799669855,248033.53125
1528.0842136641877,248044.390625
1528.1046472617454,248028.578125
1528.125080859536,248030.390625
1528.1455144577849,248047.3125
1528.165948056274,248053.796875
1528.186381655221,248074.609375
1528.2068152544089,248068.46875
1528.2272488539456,248063.65625
1528.247682453948,248089.296875
1528.268116054176,248087.640625
1528.2885496547606,248103.46875
1528.3089832555706,248123.890625
1528.3294168568536,248152.46875
1528.349850458486,248158.078125
1528.3702841604609,248116.171875
1528.3907176626744,248089.546875
1528.4111513653552,248156.625
1528.4315849682607,248131.5625
1528.452018471522,248175.296875
1528.472452175134,248166.59375
1528.4928857790874,248181.234375
1528.5133192835128,248158.109375
1528.5337529880562,248166.0625
1528.5541865930572,248153.875
1528.574620098414,248148.203125
1528.5950538041216,248148.828125
1528.615487410054,248114.84375
1528.63592111646,248140.578125
1528.6563546230973,248135.0625
1528.6767882301938,248149.125
1528.6972219375311,248116.09375
1528.7176554452162,248160.03125
1528.738089053244,248182.28125
1528.7585227616291,248162.765625
1528.778956270362,248166.546875
1528.7993898794375,248183.9375
1528.819823588754,248209.859375
1528.8402571985353,248196.234375
1528.860690808542,248232.1875
1528.881124419022,248212.28125
1528.9015580297346,248216.578125
1528.9219916409056,248203.234375
1528.9424252523168,248214.3125
1528.9628587640764,248223.21875
1528.9832924761797,248224.234375
1529.0037260886384,248212.5625
1529.02415980144,248210.3125
1529.0445933144802,248226.1875
1529.0650269279868,248233.828125
1529.0854606418434,248257.03125
1529.105894155924,248271.0
1529.126327770362,248281.15625
1529.146761485259,248282.453125
1529.1671950003947,248303.59375
1529.1876286158804,248281.375
1529.208062331716,248251.84375
1529.2284958478922,248247.109375
1529.2489295644264,248225.59375
1529.2693631813015,248291.484375
1529.2897966984165,248223.34375
1529.3102304159984,248235.125
1529.3306640338124,248199.75
1529.3510976520847,248241.359375
1529.3715312705972,248232.109375
1529.3919648894516,248249.765625
1529.4123986087798,248219.59375
1529.4328321283392,248224.21875
1529.4532657481325,248201.515625
1529.4736994683844,248195.125
1529.4941330889924,248209.1875
1529.5145666099415,248213.5625
1529.5350003311323,248176.125
1529.555433952788,248193.65625
1529.5758674746758,248179.640625
1529.5963011970234,248207.296875
1529.6167347196097,248197.28125
1529.6371684425394,248219.859375
1529.657602065825,248229.3125
1529.678035589459,248223.90625
1529.6984693134364,248255.296875
1529.7189029377696,248194.796875
1529.739336462335,248199.140625
1529.75977018736,248219.359375
1529.780203812625,248213.546875
1529.8006375383557,248235.15625
1529.821071064311,248217.03125
1529.841504690623,248229.125
1529.8619384172853,248243.171875
1529.882371944288,248287.078125
1529.902805571648,248260.390625
1529.923239299358,248284.03125
1529.9436728274086,248306.234375
1529.9641064557,248286.03125
1529.9845401844505,248287.90625
1530.0049738134403,248324.75
1530.0254074428958,248326.390625
1530.0458410725842,248280.734375
1530.0662747026145,248298.296875
1530.0867083330013,248289.5
1530.10714196373,248261.859375
1530.1275755948154,248252.515625
1530.14800922625,248206.640625
1530.1684428580338,248217.015625
1530.1888764900432,248191.21875
1530.2093101225255,248160.375
1530.2297437552334,248125.46875
1530.2501774882985,248139.578125
1530.2706110218278,248121.109375
1530.291044655591,248112.640625
1530.3114783896965,248091.828125
1530.3319119241569,248105.828125
1530.3523455588438,248097.78125
1530.3727792940044,248117.046875
1530.3932128295128,248129.5
1530.4136465652482,248092.328125
1530.4340802014558,248144.796875
1530.4545137378957,248140.34375
1530.4749474746786,248207.5
1530.495381111934,248215.46875
1530.515814749422,248213.609375
1530.536248387136,248202.40625
1530.5566820253223,248273.390625
1530.5771157638592,248281.90625
1530.5975493027363,248325.234375
1530.6179829418545,248363.9375
1530.638416681439,248343.609375
1530.6588502212471,248349.515625
1530.6792838614128,248335.390625
1530.699717602045,248346.578125
1530.720151242902,248314.859375
1530.7405847841146,248321.15625
1530.761018525678,248311.140625
1530.7814521674663,248342.859375
1530.8018858097275,248328.234375
1530.822319452338,248354.015625
1530.842753095174,248370.421875
1530.8631867383665,248349.515625
1530.883620382025,248363.75
1530.9040539259076,248331.5
1530.9449213147382,248380.578125
1530.9653548596689,248317.296875
1530.9857886049576,248319.34375
1531.0062222504785,248321.515625
1531.0266559964584,248308.125
1531.047089542677,248317.109375
1531.067523189362,248307.375
1531.0879569362733,248310.671875
1531.1083904835396,248299.890625
1531.128824131156,248314.46875
1531.1492578791149,248340.171875
1531.1696915274297,248349.25
1531.1901251760864,248359.25
1531.2105588249833,248354.84375
1531.2309924743458,248365.328125
1531.2514261240576,248370.75
1531.271859773995,248387.640625
1531.2922934242888,248384.046875
1531.3127271749254,248344.4375
1531.333160725917,248328.234375
1531.3535943772586,248354.90625
1531.3740281289429,248371.578125
1531.3944616809822,248350.078125
1531.414895433256,248361.75
1531.4353289859864,248384.4375
1531.4557626389578,248393.1875
1531.4761963923957,248384.734375
1531.4966299460648,248407.25
1531.5170636000769,248418.609375
1531.5374973544458,248406.984375
1531.5579309091554,248414.265625
1531.578364664223,248449.375
1531.5987983195228,248442.0625
1531.6192318752874,248428.5
1531.639665631279,248444.859375
1531.660099287743,248427.953125
1531.6805328444316,248454.9375
1531.7009666014785,248463.953125
1531.7214002588737,248450.703125
1531.7418339166106,248458.640625
1531.7622675747043,248462.0625
1531.7827012331472,248451.140625
1531.8031349918165,248501.859375
1531.8235685509571,248498.984375
1531.8440022103314,248480.8125
1531.8644359701648,248458.25
1531.8848696302375,248438.328125
1531.9053031906587,248496.921875
1531.9257369514237,248495.53125
1531.946170612544,248497.9375
1531.9666042740137,248471.046875
1531.987037935709,248482.3125
1532.0074715978772,248504.671875
1532.0279053602717,248503.40625
1532.0483389231376,248503.609375
1532.0687725862372,248503.625
1532.089206249686,248478.234375
1532.1096399134767,248478.390625
1532.130073577624,248472.921875
1532.1505072421205,248438.09375
1532.1709409068426,248435.359375
1532.1913746720384,248432.4375
1532.2118082374654,248394.140625
1532.2322419033517,248394.265625
1532.2526756694788,248389.9375
1532.2731092359536,248357.65625
1532.2935429027712,248361.578125
1532.313976669946,248391.484375
1532.3344102374683,248427.203125
1532.3548440053346,248399.296875
1532.37527767344,248365.4375
1532.3957113420038,248352.65625
1532.4161450108077,248335.625
1532.4365786799608,248340.390625
1532.457012349456,248360.21875
1532.477446019424,248314.125
1532.4978796895084,248312.28125
1532.5183133600513,248334.9375
1532.5387471309514,248307.875
1532.5591807020828,248306.75
1532.5796144736742,248345.546875
1532.6000481455048,248328.703125
1532.620481717684,248307.59375
1532.640915490323,248294.890625
1532.6613491632015,248301.390625
1532.681782736312,248310.4375
1532.7022165098824,248309.84375
1532.7226501838086,248264.75
1532.7430837579668,248244.390625
1532.763517532585,248245.5
1532.7839512074424,248232.328125
1532.8043848826492,248226.34375
1532.8248185583143,248240.03125
1532.8656859103576,248238.078125
1532.886119586954,248234.28125
1532.9065531639062,248216.34375
1532.9269869410928,248232.859375
1532.947420618737,248227.875
1532.967854396622,248211.90625
1532.9882879748548,248212.8125
1533.0087216534305,248205.203125
1533.029155432363,248201.0625
1533.0495891116443,248206.265625
1533.0700226912668,248176.609375
1533.090456471131,248149.734375
1533.1108901514526,248158.203125
1533.1313237320137,248172.15625
1533.1517575129255,248135.09375
1533.172191194186,248162.15625
1533.192624975789,248159.75
1533.213058557747,248163.109375
1533.2334922400478,248115.515625
1533.253926022706,248142.171875
1533.2743596055952,248123.546875
1533.294793288951,248136.171875
1533.3152270725332,248088.25
1533.3356606564705,248089.59375
1533.356094440751,248091.125
1533.3765280253865,248105.453125
1533.396961710372,248099.75
1533.417395495584,248146.90625
1533.4378290812674,248159.390625
1533.4582627671844,248109.296875
1533.4786965535604,248144.203125
1533.499130140175,248146.9375
1533.5195639271406,248159.71875
1533.5399976144472,248155.640625
1533.5604313021104,248131.859375
1533.5808649900064,248111.65625
1533.6012986783608,248102.09375
1533.6217323670717,248127.46875
1533.6625997453011,248071.359375
1533.6830334349434,248081.65625
1533.7034671249348,248086.5
1533.7239008152685,248071.140625
1533.744334605959,248096.578125
1533.7647682968818,248079.078125
1533.7852018882622,248105.734375
1533.8056356798843,248126.28125
1533.8260693719712,248106.34375
1533.846502964283,248135.734375
1533.8669367569528,248125.28125
1533.887370449971,248104.21875
1533.9282378369317,248154.265625
1533.9486715308813,248107.5625
1533.96910532529,248090.96875
1533.989538919937,248055.140625
1534.009972614935,248066.6875
1534.030406310274,248098.6875
1534.0508400059698,248084.703125
1534.0712737020149,248083.28125
1534.0917073982855,248058.21875
1534.112141095029,248090.046875
1534.1325748920062,248097.640625
1534.1530084893238,248057.453125
1534.1734421869987,248084.3125
1534.1938759850163,248018.90625
1534.214309583389,248053.9375
1534.2347432821116,248043.890625
1534.2551770810678,248029.4375
1534.2756107804817,248046.578125
1534.2960444801356,248052.640625
1534.3164781801315,248062.375
1534.3369118806004,248099.0625
1534.3573455811857,248090.15625
1534.3777792822366,248090.1875
1534.3982129836295,248078.46875
1534.4186467852633,248055.828125
1534.4595140896854,248048.671875
1534.479947892367,248064.171875
1534.500381495396,248039.875
1534.5208152987689,248030.6875
1534.5412490024974,248032.578125
1534.561682606567,248011.84375
1534.5821164108784,247992.140625
1534.6025501156546,248003.875
1534.622983720663,248005.171875
1534.643417526015,247975.390625
1534.6638511317217,247965.0
1534.6842849377715,247945.578125
1534.7047186441778,248010.484375
1534.7251523508166,248003.25
1534.745586057914,247962.515625
1534.7660197652513,247931.453125
1534.786453472938,247934.328125
1534.8068871809664,247931.765625
1534.8273208893515,247912.65625
1534.847754598086,247884.5625
1534.8681883070458,247899.40625
1534.8886220164786,247852.78125
1534.909055826145,247842.8125
1534.929489536269,247831.609375
1534.9499231466325,247831.125
1534.9703569572305,247806.09375
1534.9907906682856,247757.1875
1535.0112242796968,247763.140625
1535.031658091459,247764.890625
1535.0520918034454,247754.203125
1535.0725256157891,247723.15625
1535.092959228481,247728.015625
1535.1133929415157,247745.953125
1535.1338267549072,247733.21875
1535.1542603686394,247726.28125
1535.1746940827288,247707.765625
1535.195127897052,247736.46875
1535.215561511839,247691.765625
1535.2359952268523,247833.78125
1535.256429042223,247699.25
1535.2768626579343,247685.734375
1535.2972964738874,247692.09375
1535.3177300903044,247683.5
1535.3381638070714,247664.34375
1535.3585976240647,247693.203125
1535.379031241413,247670.03125
1535.399464959104,247675.390625
1535.4198987771524,247615.21875
1535.4403324955492,247646.453125
1535.4607662141716,247612.171875
1535.481199933267,247617.78125
1535.501633652595,247575.421875
1535.5220673723816,247558.921875
1535.5425010924082,247553.59375
1535.562934812784,247600.75
1535.5833686333865,247562.953125
1535.60380225446,247520.328125
1535.6242359758835,247546.3125
1535.6446697975334,247531.1875
1535.6651034195384,247546.890625
1535.685537241894,247508.234375
1535.705970964591,247480.046875
1535.7264045876436,247448.25
1535.746838411047,247433.640625
1535.7672721346753,247407.046875
1535.7877057587757,247401.625
1535.8081395831105,247387.828125
1535.8285733077864,247349.125
1535.8490071328197,247343.671875
1535.8694407582009,247306.953125
1535.889874483808,247249.984375
1535.910308309889,247300.265625
1535.9307419362012,247247.546875
1535.9511756628565,247217.390625
1535.9716093898678,247192.015625
1535.9920431172286,247202.796875
1536.0124768449314,247216.359375
1536.0329105729909,247170.140625
1536.0533443012828,247118.828125
1536.0737781299176,247185.25
1536.0942117589077,247136.03125
1536.1146454883635,247142.515625
1536.13507931793,247095.9375
1536.1555130479685,247116.203125
1536.175946678355,247115.015625
1536.196380508969,247108.90625
1536.216814239939,247108.609375
1536.2372480713675,247087.484375
1536.2576817029185,247068.46875
1536.278115434936,247042.984375
1536.298549267296,247021.546875
1536.3189829000112,247019.25
1536.33941663296,247021.390625
1536.3598504662514,246985.265625
1536.3802840998978,246990.546875
1536.4007178338943,246965.5625
1536.4211516682335,246998.765625
1536.4415853029277,246981.890625
1536.4620191378565,246979.46875
1536.482452873126,247012.40625
1536.5028865087515,246967.78125
1536.5233203447278,246950.453125
1536.543754081045,246961.265625
1536.5641877177186,246922.078125
1536.5846215547426,246937.484375
1536.6050552919914,246905.0
1536.6254890295968,246880.46875
1536.6459227675514,246852.375
1536.666356505848,246828.953125
1536.686790244501,246838.3125
1536.7072239835034,246812.09375
1536.7276577227312,246807.265625
1536.7480914623156,246725.484375
1536.7685252023657,246710.796875
1536.788958942641,246661.015625
1536.8093927831578,246619.734375
1536.8298264241384,246627.4375
1536.8502602654626,246505.6875
1536.870694007026,246530.375
1536.9115614911934,246399.703125
1536.9319952338046,246386.4375
1536.9524288767643,246340.484375
1536.972862719951,246331.9375
1536.99329646361,246250.921875
1537.0137303075026,246234.84375
1537.0341639517355,246227.328125
1537.0545976963258,246201.296875
1537.0750315412588,246212.15625
1537.0954651865468,246194.21875
1537.1158989320684,246132.703125
1537.13633277794,246124.171875
1537.1567664242684,246064.453125
1537.177200170721,246072.265625
1537.1976340176334,246036.453125
1537.2180677649012,245983.515625
1537.238501512402,246009.890625
1537.2589351603674,246019.0625
1537.27936900856,245980.484375
1537.2998027571084,245915.859375
1537.3202365059988,245951.296875
1537.3406701552449,245922.625
1537.3611040047251,245928.078125
1537.3815377545543,245913.921875
1537.4019715048416,245920.125
1537.422405255369,245897.3125
1537.4428390062385,245829.28125
1537.4632728573488,245795.84375
1537.4837065089232,245753.671875
1537.5041402607312,245783.328125
1537.524574112882,245714.921875
1537.5450077653877,245672.9375
1537.565441618237,245652.40625
1537.585875371442,245657.6875
1537.606309024879,245615.84375
1537.626742878776,245595.5625
1537.6471766329123,245545.140625
1537.667610287397,245566.875
1537.6880441422254,245505.125
1537.7084778974097,245527.203125
1537.7289115528256,245530.890625
1537.7493454087016,245511.640625
1537.769779164817,245464.28125
1537.7902130212824,245450.265625
1537.8106466780882,245434.9375
1537.831080435135,245487.0625
1537.851514292648,245448.390625
1537.8719479503852,245465.09375
1537.892381708596,245465.21875
1537.9128154670398,245453.21875
1537.933249225709,245515.9375
1537.953683084852,245487.5625
1537.9741167443426,245527.03125
1537.9945505040596,245520.265625
1538.014984364134,245547.875
1538.035418124549,245572.203125
1538.0558517853206,245549.875
1538.0762856464426,245575.28125
1538.0967194077966,245644.8125
1538.117153069492,245621.34375
1538.1375869315452,245684.75
1538.1580206939398,245678.53125
1538.1784545566916,245691.109375
1538.1988882197911,245741.53125
1538.2193219831242,245755.71875
1538.2397558468,245801.609375
1538.2601895109474,245857.25
1538.2806232752046,245818.078125
1538.3010571399354,245867.9375
1538.321490805014,245869.890625
1538.3419246703197,245891.171875
1538.3623584359812,245916.359375
1538.382792101991,245949.828125
1538.4032259683445,245926.515625
1538.4236597350537,245958.609375
1538.4440935019957,245971.625
1538.464527269396,246010.546875
1538.4849610370366,245986.484375
1538.5053948050263,245991.453125
1538.525828573358,245998.53125
1538.5462623419298,246022.390625
1538.566696110967,246000.8125
1538.5871298802303,246022.359375
1538.60756364985,245993.546875
1538.6279975198197,245985.875
1538.648431190013,246012.609375
1538.6688649606804,245989.25
1538.6892988315813,246015.03125
1538.7097325028226,245987.84375
1538.730166374422,246042.859375
1538.7506001463698,246057.21875
1538.771033818659,246041.90625
1538.7914676911896,246044.765625
1538.8119014641852,246087.15625
1538.8323351374056,246051.125
1538.852769010984,245983.96875
1538.8732027847946,246036.421875
1538.8936364590627,246034.84375
1538.9140703335725,245979.34375
1538.9345041084307,245925.9375
1538.9549379836317,245923.390625
1538.9753716591877,245940.28125
1538.9958054350936,245907.859375
1539.016239311226,245891.828125
1539.0366729877132,245891.109375
1539.0571067645506,245885.921875
1539.0775406417306,245889.78125
1539.0979744192664,245893.0625
1539.1184081970275,245858.421875
1539.138841975262,245831.09375
1539.1592756537284,245837.125
1539.1797095325455,245824.359375
1539.2001433115877,245811.78125
1539.2205770911023,245836.34375
1539.2410108708427,245842.140625
1539.2614446509397,245800.234375
1539.281878331385,245818.15625
1539.3023122121813,245837.015625
1539.322745993319,245840.296875
1539.343179874697,245821.328125
1539.3636135564157,245799.453125
1539.3840473384917,245845.203125
1539.4044812209177,245822.78125
1539.4249149036914,245856.265625
1539.4453486868078,245809.453125
1539.4657825701652,245823.671875
1539.486216253863,245847.140625
1539.5066501379188,245804.96875
1539.5270839222069,245759.390625
1539.5475176069594,245760.625
1539.5679514919393,245756.140625
1539.588385277275,245783.59375
1539.6088189629518,245745.765625
1539.6292528489869,245725.375
1539.6496866352536,245726.734375
1539.670120421979,245705.03125
1539.6905542089444,245711.734375
1539.710987996259,245717.609375
1539.7314218839165,245679.078125
1539.7518555718125,245639.46875
1539.7722893600585,245572.0
1539.7927232487637,245539.40625
1539.8131569377074,245478.34375
1539.8335907268847,245395.765625
1539.8540246165212,245369.203125
1539.8948921967385,245224.609375
1539.9153259873056,245175.578125
1539.935759678112,245136.515625
1539.9561935693855,245016.203125
1539.976627360884,245001.0625
1539.997061052738,244876.828125
1540.0174949449429,244798.71875
1540.037928737489,244678.6875
1540.0583624303908,244572.171875
1540.078796323527,244464.3125
1540.0992301170045,244361.625
1540.1196640108392,244228.53125
1540.1400977050216,244048.765625
1540.1605314995468,243827.375
1540.1809653943128,243653.546875
1540.2013990894266,243325.71875
1540.221832884883,242929.75
1540.2422667806968,242544.65625
1540.2627004768583,242108.96875
1540.2831343732469,241764.265625
1540.3035681699912,241468.53125
1540.3240019670775,241141.734375
1540.3444357645203,240927.96875
1540.364869562196,240793.515625
1540.38530336033,240762.15625
1540.405737158704,240793.328125
1540.4261709574275,240951.453125
1540.4466047563765,241144.859375
1540.4670385557984,241421.34375
1540.487472355453,241806.125
1540.5079062554505,242252.890625
1540.528339955803,242680.5
1540.5487737565054,243101.09375
1540.5692076574342,243411.71875
1540.5896413588343,243695.34375
1540.610075160468,243909.34375
1540.6305090624446,244114.328125
1540.6509427646597,244287.25
1540.671376667342,244462.296875
1540.691810470249,244631.3125
1540.712244173512,244730.859375
1540.7326780771257,244819.65625
1540.7531118809638,244946.5
1540.7735455852744,244974.8125
1540.793979489819,245105.109375
1540.8144132947054,245206.171875
1540.8348470998317,245247.234375
1540.8552809054236,245318.34375
1540.875714711241,245430.3125
1540.8961486174155,245479.0
1540.9165823239382,245506.28125
1540.9370161308034,245557.140625
1540.9574500379094,245617.90625
1540.9778838454804,245653.8125
1540.998317553276,245694.65625
1541.01875146143,245767.765625
1541.0391852698085,245712.453125
1541.05961907866,245784.109375
1541.0800528877444,245862.0
1541.100486697178,245864.984375
1541.1209205068371,245847.421875
1541.1413543169692,245887.578125
1541.1617881273269,245944.828125
1541.182221938041,245963.375
1541.2026557491045,245948.328125
1541.2230894605163,245977.296875
1541.243523372155,245983.203125
1541.26395718415,245973.4375
1541.2843910964875,245925.171875
1541.30482480918,245975.796875
1541.3252586222225,245972.796875
1541.3456925354913,246000.609375
1541.366126249115,246000.234375
1541.3865600630888,245994.28125
1541.4069939774054,246011.328125
1541.4274276919605,246029.015625
1541.4478616069828,246037.4375
1541.46829542223,246047.1875
1541.488729237717,246017.21875
1541.50916305367,246035.140625
1541.5295968698483,246018.375
1541.5500306863833,246018.484375
1541.5704645032674,245957.78125
1541.5908983204936,245969.3125
1541.6113321379598,245940.09375
1541.6317659558918,245962.765625
1541.6521997740492,245940.3125
1541.6726336924476,245997.390625
1541.6930675113108,246012.21875
1541.7135012303988,246005.109375
1541.733935149845,246033.40625
1541.7543688696387,246040.328125
1541.7748026897752,246056.03125
1541.7952366101526,246016.15625
1541.8156703308778,246025.484375
1541.8361042519464,246078.453125
1541.8565380733708,246039.3125
1541.8769717951436,246019.421875
1541.8974057171436,246069.296875
1541.9178395394993,246062.046875
1541.9382732622034,246079.125
1541.9587071851347,246087.90625
1541.979141008538,246113.734375
1541.9995747321736,246130.859375
1542.0200086561526,246105.484375
1542.040442480371,246117.171875
1542.0608764050558,246113.21875
1542.1017439552306,246071.078125
1542.1221778808394,246009.140625
1542.1426117066876,246039.9375
1542.1630454328842,245993.1875
1542.1834793594317,246011.0
1542.2039131863205,245975.34375
1542.2243470135654,245977.75
1542.244780841036,245979.03125
1542.265214668863,245961.640625
1542.2856485970406,245946.03125
1542.3060823255655,245942.421875
1542.3265161543168,245908.96875
1542.346950083425,245922.171875
1542.3673838128743,245852.40625
1542.3878176426806,245874.375
1542.4082514727197,245841.40625
1542.428685303108,245786.46875
1542.4491192338392,245780.359375
1542.4695529649252,245754.359375
1542.489986796354,245712.609375
1542.5104207280235,245667.34375
1542.5308544600412,245664.125
1542.5512882924086,245583.5625
1542.5717222250023,245619.515625
1542.5921559580677,245593.890625
1542.6125898913597,245559.328125
1542.6330237248912,245485.640625
1542.6534574588875,245483.5
1542.6738913931113,245398.75
1542.6943252276906,245378.59375
1542.7147590626191,245319.4375
1542.7351928978896,245300.59375
1542.7556267334005,245254.921875
1542.7760605692602,245230.640625
1542.796494405462,245314.78125
1542.8169282420204,245211.578125
1542.8373621788123,245202.0
1542.8782297534344,245208.015625
1542.898663691274,245212.84375
1542.9190975293386,245227.8125
1542.9395312677589,245209.3125
1542.95996520653,245263.140625
1542.980399045642,245269.09375
1543.0008329849952,245291.0625
1543.021266724696,245327.5625
1543.0417005647396,245344.0
1543.0621344051397,245353.546875
1543.0825682457653,245369.109375
1543.103002086864,245394.953125
1543.1234359280788,245436.359375
1543.1438697697597,245479.046875
1543.164303511665,245559.109375
1543.1847374540448,245588.90625
1543.2051712966495,245643.109375
1543.225605239495,245637.515625
1543.2460389828047,245665.40625
1543.266472826348,245679.59375
1543.286906770234,245726.625
1543.3073405143589,245772.21875
1543.3277743589424,245825.046875
1543.348208303767,245799.21875
1543.36864214894,245815.359375
1543.3890759943388,245846.28125
1543.4095098402104,245878.515625
1543.4299436863148,245927.25
1543.4503775327612,245967.453125
1543.4708113794477,245975.046875
1543.4912452266,246017.84375
1543.5116791739783,246077.703125
1543.5321129217118,246109.078125
1543.5525467696789,246114.59375
1543.572980718105,246170.984375
1543.59341446677,246176.515625
1543.613848415669,246248.96875
1543.6342822650258,246241.203125
1543.654716014622,246242.515625
1543.6751499645688,246292.609375
1543.6955837148562,246263.53125
1543.7160175655008,246291.828125
1543.736451516379,246306.890625
1543.7568852675977,246314.84375
1543.7773192191744,246327.515625
1543.7977530709832,246335.84375
1543.8181868231331,246306.203125
1543.8386207756412,246329.765625
1543.8590546284977,246358.203125
1543.879488381579,246320.015625
1543.8999223351348,246329.078125
1543.9203561888062,246324.515625
1543.940790042936,246348.390625
1543.961223897306,246263.140625
1543.9816577521417,246268.21875
1544.002091707087,246312.328125
1544.0225255625046,246289.421875
1544.0429593181543,246333.640625
1544.0633932741475,246341.1875
1544.0838271304965,246294.171875
1544.104260887194,246317.46875
1544.1246948441185,246301.984375
1544.1451287013988,246297.453125
1544.1655626589054,246282.203125
1544.1859964168834,246314.296875
1544.206430275095,246351.03125
1544.2268642336494,246339.609375
1544.2472979925587,246354.671875
1544.2677318517017,246375.28125
1544.2881658111874,246368.984375
1544.308599571028,246417.0625
1544.3290334311023,246444.390625
1544.3494672916422,246488.75
1544.3699011524077,246540.703125
1544.390335113414,246587.921875
1544.4107688748772,246599.921875
1544.431202736581,246633.75
1544.4516366986354,246671.96875
1544.4720704610372,246679.265625
1544.4925043236651,246748.171875
1544.5129382866508,246747.625
1544.5333721499774,246753.296875
1544.553806013544,246784.859375
1544.5742398775765,246831.640625
1544.5946737418344,246845.9375
1544.6151076063325,246865.546875
1544.6355414712962,246836.125
1544.6559753364854,246885.5625
1544.6764092020312,246931.140625
1544.6968430678098,246946.65625
1544.7172769340468,246978.546875
1544.7377109005247,247001.78125
1544.758144667234,246994.796875
1544.778578634403,246982.40625
1544.7990125018114,246988.78125
1544.8194462695683,246965.265625
1544.8398802376687,246972.625
1544.8603141060084,247009.0625
1544.880747874697,246993.734375
1544.9011818437284,247044.546875
1544.921615713116,247087.71875
1544.942049682737,247073.734375
1544.9624834526985,247104.890625
1544.982917322901,247126.09375
1545.003351193569,247122.4375
1545.0237850644626,247111.015625
1545.044218835712,247081.078125
1545.0646528071957,247126.765625
1545.0850866790206,247085.421875
1545.105520551202,247097.640625
1545.1259544237328,247096.9375
1545.146388296489,247101.859375
1545.166822269719,247094.0625
1545.1872560431802,247026.703125
1545.2076899168678,247078.34375
1545.228123890913,247100.984375
1545.2485577652988,247069.71875
1545.2689915400406,247056.546875
1545.2894255150168,247032.796875
1545.3098593903414,247008.15625
1545.330293266008,246983.4375
1545.3507271420312,246947.9375
1545.37116101828,246965.65625
1545.391594994886,246986.796875
1545.4120287717233,246942.265625
1545.432462649027,246967.5625
1545.452896626557,246956.125
1545.473330404442,246980.1875
1545.4937642825537,246972.953125
1545.514198261022,246990.828125
1545.5346320398385,247013.28125
1545.5550660189983,247023.78125
1545.5754998983975,247089.59375
1545.5959336781452,247054.984375
1545.6163676582364,247094.515625
1545.6368014385662,247141.03125
1545.657235319246,247186.265625
1545.6776693002685,247216.03125
1545.6981030815296,247257.015625
1545.7185370632578,247337.265625
1545.738970945211,247326.8125
1545.759404827404,247386.59375
1545.779838710063,247456.125
1545.8002725929473,247450.234375
1545.8207064760718,247491.953125
1545.8615742434777,247565.65625
1545.88200812765,247547.078125
1545.9024421120555,247592.1875
1545.922875896802,247601.921875
1545.9433098819063,247583.3125
1545.9637437673518,247602.546875
1545.9841775530367,247603.296875
1546.0046115390724,247555.03125
1546.0250454254565,247577.703125
1546.0454792120654,247567.78125
1546.0659131991488,247569.625
1546.0863470863403,247585.921875
1546.106781074006,247594.65625
1546.1272148619028,247581.953125
1546.1476487501495,247541.359375
1546.168082738739,247557.15625
1546.1885165275671,247537.984375
1546.208950416738,247542.28125
1546.229384406266,247532.078125
1546.2498181960254,247535.75
1546.2702520861349,247530.109375
1546.2906859765862,247568.046875
1546.3111198672775,247543.0625
1546.331553858312,247567.953125
1546.3519876497012,247602.15625
1546.3724215414404,247618.65625
1546.392855533406,247601.296875
1546.4132894257273,247584.96875
1546.4337232182806,247629.046875
1546.4541572111775,247640.5625
1546.47459110443,247649.015625
1546.5154588918597,247658.265625
1546.5358927860434,247603.265625
1546.5563267805774,247640.734375
1546.5767605753354,247655.03125
1546.5971944704506,247688.953125
1546.617628465916,247669.703125
1546.6380622617216,247669.984375
1546.6584961577682,247735.125
1546.6789301540484,247741.328125
1546.6993639507857,247750.828125
1546.7197979477642,247696.953125
1546.740231845091,247755.171875
1546.7606656426433,247769.671875
1546.7810996406697,247700.15625
1546.8015335389282,247689.15625
1546.8219673374117,247712.3125
1546.8424013362528,247729.28125
1546.8628352354426,247700.171875
1546.8832692349752,247640.515625
1546.9037030347465,247654.265625
1546.9241369348674,247634.96875
1546.9445708353303,247635.59375
1546.9650047360335,247719.4375
1546.9854386370862,247640.34375
1547.0058725384806,247632.171875
1547.0263064401151,247636.796875
1547.046740342099,247606.484375
1547.067174244425,247618.25
1547.0876081469903,247629.90625
1547.1080421500228,247613.8125
1547.1284760531637,247609.078125
1547.1489098567763,247639.296875
1547.1693438606162,247615.71875
1547.189777764812,247618.140625
1547.2102115692396,247615.34375
1547.230645574018,247660.609375
1547.2510794791378,247663.53125
1547.2715134844984,247666.453125
1547.2919472901997,247664.8125
1547.3123811962578,247724.4375
1547.332815202666,247712.71875
1547.3532490093055,247729.75
1547.373682916288,247725.765625
1547.394116923511,247755.21875
1547.414550731075,247768.3125
1547.434984638996,247770.9375
1547.455418647267,247793.5625
1547.4758524557692,247783.40625
1547.496286464615,247802.890625
1547.5167203737,247843.453125
1547.5371541831264,247818.546875
1547.5575881929108,247888.578125
1547.5780221029272,247848.640625
1547.598456013402,247865.0
1547.6188899240003,247866.9375
1547.6393238350647,247871.234375
1547.6597577463544,247873.09375
1547.6801916580007,247902.609375
1547.7006255698798,247879.265625
1547.7210594821008,247895.1875
1547.7414933946784,247927.96875
1547.7619273076052,247942.0
1547.7823613207584,247942.03125
1547.8027951342665,247972.4375
1547.823229148009,247939.25
1547.843663062093,247978.6875
1547.864096876532,248024.953125
1547.884530891206,248070.375
1547.904964806221,248081.4375
1547.9253986215915,248111.265625
1547.9458326371969,248135.84375
1547.9662665532596,248122.703125
1547.986700369445,248204.3125
1548.0071343860982,248220.546875
1548.027568302976,248209.359375
1548.0480023200944,248266.6875
1548.068436137677,248278.671875
1548.088870055486,248300.9375
1548.109304073536,248275.28125
1548.12973789205,248308.515625
1548.1501718106738,248336.046875
1548.1706058297714,248350.46875
1548.1910396491005,248377.515625
1548.211473668773,248397.515625
1548.2319074888,248418.609375
1548.2523414090538,248391.9375
1548.2727754296648,248410.921875
1548.2932093505078,248423.4375
1548.3136431718158,248450.78125
1548.3340771932344,248434.984375
1548.3545111151252,248471.0
1548.3749449372408,248445.96875
1548.3953789597144,248514.609375
1548.41581288242,248492.375
1548.4362469054686,248502.46875
1548.456680728872,248503.921875
1548.477114652509,248539.25
1548.4975486764888,248580.0
1548.5179825008236,248588.65625
1548.538416425392,248600.96875
1548.558850450303,248580.515625
1548.579284275569,248595.3125
1548.5997183010695,248570.09375
1548.6201522269112,248581.234375
1548.640586052992,248570.671875
1548.661020079424,248601.265625
1548.6814540061969,248600.390625
1548.7018878332092,248557.234375
1548.722321860689,248600.453125
1548.7427557882766,248622.21875
1548.7631897163374,248609.75
1548.783623644631,248605.65625
1548.8040575731502,248603.625
1548.8449254312509,248609.953125
1548.8653593608178,248597.96875
1548.8857932906249,248607.234375
1548.9062272207811,248577.671875
1548.926661151163,248634.1875
1548.9470950820178,248629.046875
1548.967529012989,248632.015625
1548.9879630444193,248631.3125
1549.008396976089,248623.828125
1549.0288308079907,248651.171875
1549.0492648403524,248635.75
1549.069698772837,248628.765625
1549.0901326057865,248675.921875
1549.110566638963,248674.546875
1549.1310005724954,248630.71875
1549.1514344062598,248661.59375
1549.171868440484,248662.359375
1549.1923023748311,248654.5625
1549.2127364096375,248637.40625
1549.2331702446827,248621.703125
1549.2536041799613,248641.5625
1549.2740382155826,248671.203125
1549.2944720515588,248699.171875
1549.3149059878851,248681.09375
1549.3353400244378,248708.765625
1549.376207898487,248685.171875
1549.3966418359705,248664.890625
1549.4170757736938,248667.546875
1549.4375097118827,248665.90625
1549.4579436501808,248657.890625
1549.4783775889518,248659.015625
1549.4988115279557,248631.328125
1549.5192454673015,248629.4375
1549.5396794068874,248643.890625
1549.5601133468226,248640.0625
1549.5805472870998,248601.734375
1549.6009813276178,248651.390625
1549.6214151684835,248623.203125
1549.6418491095756,248625.171875
1549.662283151025,248660.25
1549.682716992822,248640.328125
1549.703150934845,248651.640625
1549.723584977226,248634.609375
1549.7440188199544,248627.40625
1549.7644528629098,248601.671875
1549.784886806221,248566.234375
1549.8053206497643,248599.3125
1549.825754693651,248589.390625
1549.8461886378936,248583.015625
1549.8666224823685,248604.390625
1549.8870565271864,248581.4375
1549.9074904723602,248560.46875
1549.9279245177604,248578.4375
1549.9483583635156,248578.609375
1549.9687923095044,248575.375
1549.9892263558431,248598.3125
1550.0096602025224,248607.6875
1550.0300941494424,248636.5625
1550.0505281967053,248597.125
1550.0709621442074,248596.5
1550.091395992058,248600.90625
1550.1118300402595,248580.609375
1550.132263888685,248586.859375
1550.1526979374685,248621.265625
1550.1731318864768,248629.0625
1550.1935657358408,248632.34375
1550.2139997855556,248656.140625
1550.2344337355023,248652.921875
1550.2548675857906,248665.421875
1550.2753016364368,248651.5
1550.2957355873075,248680.03125
1550.316169638536,248675.671875
1550.3366034899957,248676.890625
1550.357037441805,248670.6875
1550.3774714938409,248707.828125
1550.3979053462317,248635.4375
1550.4183392989653,248660.640625
1550.4387733519395,248591.21875
1550.459207205262,248579.5625
1550.4796412589276,248599.453125
1550.5000752128326,248595.3125
1550.520509067086,248637.171875
1550.540943121567,248614.140625
1550.561377076403,248641.703125
1550.5818109315878,248612.375
1550.6022449869995,248690.9375
1550.6226789427674,248658.28125
1550.643112898768,248668.0
1550.6635468551103,248639.609375
1550.683980811693,248648.828125
1550.704414868742,248605.796875
1550.7248487258985,248647.21875
1550.7452826835288,248664.734375
1550.765716741393,248640.84375
1550.7861505994806,248634.5625
1550.8065845579258,248652.65625
1550.827018616721,248704.375
1550.8474524757405,248690.546875
1550.8678865351176,248714.09375
1550.8883204948434,248719.453125
1550.908754354794,248754.84375
1550.929188414986,248761.8828125
1550.9496223756432,248768.921875
1550.9700562365251,248784.1875
1550.9904902976486,248759.296875
1551.0109242591134,248762.453125
1551.031358120934,248789.734375
1551.0517921829887,248776.234375
1551.072226145392,248807.03125
1551.0926602080217,248838.703125
1551.1130940710063,248824.9375
1551.1335280343335,248819.328125
1551.153962097902,248843.0
1551.174395961818,248868.96875
1551.1948299259675,248870.75
1551.2152639904598,248856.75
1551.235697855191,248837.390625
1551.2561319203814,248868.890625
1551.2765658856952,248843.375
1551.2969998514743,248867.25
1551.317433817363,248860.53125
1551.3378677837245,248907.0625
1551.3583017503188,248890.1875
1551.3787357171386,248879.46875
1551.3991696844314,248912.28125
1551.4196037518414,248894.859375
1551.4400376197082,248904.25
1551.4604715876994,248894.125
1551.4809056561571,248834.296875
1551.5013395248388,248911.515625
1551.5217734938778,248881.859375
1551.5422075631504,248861.21875
1551.5626414327637,248880.453125
1551.5830754026174,248862.5625
1551.603509472821,248853.53125
1551.6239433433657,248899.59375
1551.6443774141517,248838.578125
1551.6648113851695,248848.21875
1551.6852452566454,248831.28125
1551.7056793282463,248893.421875
1551.726113300312,248894.4375
1551.7465471726027,248939.1875
1551.766981245135,248908.984375
1551.807849291239,248917.546875
1551.8282831647011,248913.4921875
1551.8487171385132,248909.4375
1551.869151212668,248904.984375
1551.8895850870613,248924.125
1551.9100190616882,248961.96875
1551.930453136658,248944.328125
1551.950887111983,248964.84375
1551.9713209875408,248960.90625
1551.9917550634418,248945.765625
1552.0121890395822,248955.140625
1552.0326230160715,248903.921875
1552.0530569929033,248921.390625
1552.073490969975,248950.140625
1552.0939249473886,248909.375
1552.1143589250423,248883.296875
1552.1347928030443,248895.8125
1552.1552268812811,248898.21875
1552.175660859859,248920.75
1552.1960949386776,248882.703125
1552.216528817837,248878.328125
1552.236962797353,248875.625
1552.257396877103,248850.28125
1552.2778307572007,248861.359375
1552.2982647375247,248846.9375
1552.318698818206,248842.65625
1552.3391326991114,248860.796875
1552.3595667803747,248869.359375
1552.3800007619866,248827.71875
1552.4004346438303,248839.828125
1552.4208687259015,248861.59375
1552.4413027083283,248807.03125
1552.461736691097,248858.296875
1552.482170674106,248811.8125
1552.502604657464,248844.75
1552.523038641164,248833.1875
1552.5434726251042,248869.75
1552.5639066092772,248845.09375
1552.584340693793,248844.6875
1552.6047745786636,248824.15625
1552.625208563768,248851.5
1552.645642649215,248839.671875
1552.6660766349014,248866.109375
1552.6865105209365,248909.640625
1552.7069446071982,248837.390625
1552.7273784938152,248825.78125
1552.7478125806665,248878.75
1552.768246567859,248896.5
1552.7886804554073,248896.953125
1552.80911454319,248927.234375
1552.8295485313138,248942.65625
1552.849982419677,248933.359375
1552.870416508391,248932.96875
1552.8908504973297,248963.796875
1552.9112843866242,248922.015625
1552.931718476153,248934.84375
1552.952152466023,248975.421875
1552.972586556134,248935.1875
1552.9930204465927,248939.28125
1553.013454437394,248950.453125
1553.0338885284364,248933.421875
1553.0543224198263,248973.46875
1553.0747564114426,248996.03125
1553.0951905034162,249009.453125
1553.115624495622,249016.984375
1553.1360584881695,249000.359375
1553.1564924809572,249013.203125
1553.176926474087,249005.78125
1553.1973604674567,249007.171875
1553.2177944611758,248999.609375
1553.238228455244,249013.015625
1553.2586625495387,249036.828125
1553.279096444072,249041.984375
1553.2995305389486,249008.765625
1553.319964534181,249030.390625
1553.3403984296456,249031.984375
1553.3608325254536,249013.75
1553.3812664215002,249039.875
1553.4017004178968,248987.328125
1553.4221345145197,248994.296875
1553.4425684114976,249038.15625
1553.4630024087091,249024.4375
1553.4834365062634,249035.484375
1553.5038704040562,249027.5625
1553.5243045021998,249055.09375
1553.5447385006846,249025.546875
1553.5651723994088,249040.78125
1553.5856064983673,249032.046875
1553.606040497667,249018.53125
1553.6264743973225,249036.921875
1553.6469084972125,249016.015625
1553.667342497443,249015.390625
1553.6877765979152,249021.015625
1553.7082104987348,249074.9375
1553.7286444997808,249056.359375
1553.749078601184,249027.328125
1553.7695125028183,249017.484375
1553.7899465046794,248984.828125
1553.810380607014,249032.125
1553.8308146095806,249049.484375
1553.8512486123727,249016.421875
1553.8716826155214,249015.625
1553.8921166188957,249003.84375
1553.9125506226264,249032.296875
1553.9329846267065,249018.984375
1553.9534186310193,249015.390625
1553.9738527355585,249055.90625
1553.9942866404526,249081.140625
1554.0147206456895,249054.015625
1554.03515465105,249044.359375
1554.0555886568764,249020.890625
1554.076022762929,249022.484375
1554.1168906759776,249045.5625
1554.137324782845,249024.703125
1554.1577586900676,248970.6875
1554.17819269764,248969.78125
1554.1986268054388,248987.609375
1554.2190607135926,249003.28125
1554.2394948219808,249021.828125
1554.25992883071,249010.109375
1554.2803627396788,249029.875
1554.3007968489983,248991.34375
1554.3212308585423,249030.765625
1554.341664868327,248989.984375
1554.362098878577,249004.15625
1554.382532888936,248982.421875
1554.4029668997682,248967.484375
1554.4234009107167,248949.859375
1554.4438349221236,248949.34375
1554.464269033655,248952.359375
1554.4847030456513,248970.828125
1554.505136957756,248946.953125
1554.525571070335,248954.078125
1554.5460050830295,248945.546875
1554.566438996182,248933.109375
1554.5868731094597,248966.734375
1554.6073071232022,248975.84375
1554.627741237171,248987.46875
1554.6481751513784,248955.390625
1554.668609065935,248973.328125
1554.6890431807187,248985.6875
1554.7094771958582,248993.484375
1554.7299111112295,248968.234375
1554.7503452269448,249024.703125
1554.7912133592035,248991.921875
1554.811647275732,249010.484375
1554.8320812926177,248995.03125
1554.8525154097297,249025.546875
1554.8729493271967,249045.78125
1554.8933833448973,249031.953125
1554.913817462948,248998.96875
1554.9342513812226,249007.5625
1554.9546853998545,249049.046875
1554.9751195187127,249045.234375
1554.9955535379268,249046.171875
1555.0159875573736,249074.46875
1555.0364215771697,249016.765625
1555.056855597191,248985.515625
1555.0772896175697,249008.375
1555.0977236381732,248970.84375
1555.1181576591334,248924.96875
1555.1385917803273,248918.59375
1555.1590257017524,248948.234375
1555.1794598236374,248929.6875
1555.1998938456454,248900.796875
1555.2203277679946,248947.15625
1555.2407618907018,248915.8125
1555.2611959136411,248880.1875
1555.281629836929,248843.9375
1555.3020639604438,248853.265625
1555.3224978841972,248873.0
1555.3429320082942,248898.671875
1555.3633660327469,248854.484375
1555.3837999574316,248867.640625
1555.4042340823437,248903.5
1555.424668107611,248902.21875
1555.4451020331107,248903.203125
1555.465536158954,248947.953125
1555.4859701851528,248912.375
1555.5064043115854,248995.9375
1555.526838238242,248965.96875
1555.5472722652555,248961.0
1555.5677063925032,248974.59375
1555.588140320091,248956.0625
1555.6085743479198,248950.234375
1555.6290084760983,248976.59375
1555.649442404501,248944.6875
1555.6698764332614,248974.078125
1555.690310562255,248944.5625
1555.71074459159,248969.5625
1555.7311786211649,248943.265625
1555.751612650973,248987.125
1555.7720466811224,248974.359375
1555.7924807116287,249016.1875
1555.812914742368,249018.578125
1555.8333487733323,249015.359375
1555.8537829046545,249032.203125
1555.8742168363242,248994.296875
1555.8946509681043,249036.84375
1555.915085000357,249018.890625
1555.9355189328417,248966.5625
1555.955953065553,248984.125
1555.97638699862,248980.15625
1555.9968210319205,248972.96875
1556.0172551654468,249017.515625
1556.0376890994448,248983.921875
1556.0581232335535,249018.90625
1556.078557268018,249021.203125
1556.0989912028308,249000.640625
1556.119425337878,249007.34375
1556.13985937315,248994.4375
1556.160293308778,249019.90625
1556.1807274447492,249017.390625
1556.2011614808434,248976.34375
1556.221595517403,248963.609375
1556.2420295540724,248994.53125
1556.2624635912143,248968.46875
1556.2828977284737,248974.375
1556.303331666073,248994.21875
1556.32376570403,249006.515625
1556.3441998422204,248985.0625
1556.364633880752,249017.984375
1556.385067819523,249028.0625
1556.4055019585285,249024.96875
1556.425935997875,249014.984375
1556.4463700374615,249017.296875
1556.4668040773977,249021.984375
1556.4872381175592,249000.9375
1556.5076722571466,249028.234375
1556.5281061978967,249050.125
1556.548540238873,249039.71875
1556.5689743802068,249087.8125
1556.5894083218882,249072.21875
1556.609842463797,249080.4375
1556.6302764059435,249099.234375
1556.6507104484408,249103.9375
1556.6711445911642,249122.375
1556.6915785342426,249101.4375
1556.7120125775546,249143.4375
1556.7324467212093,249110.0
1556.7528806651026,249130.890625
1556.7733147092297,249148.234375
1556.793748853699,249078.875
1556.8141827985237,249118.265625
1556.834616943583,249121.09375
1556.8550509888664,249149.125
1556.8754850345067,249117.953125
1556.8959190803726,249104.65625
1556.916353126595,249107.875
1556.93678717305,249108.59375
1556.957221219738,249122.34375
1556.977655266768,249091.8125
1556.998089414039,249144.328125
1557.018523461651,249037.78125
1557.038957409619,249058.5625
1557.0593915577049,249058.40625
1557.0798256061316,249065.15625
1557.1002595549144,249025.875
1557.1206937039317,249035.9375
1557.1411277531734,249053.578125
1557.1615618027718,249059.625
1557.1819958527194,249039.015625
1557.2024299027762,249069.828125
1557.2228639531895,249113.0625
1557.243298003952,249038.765625
1557.2637319549394,249082.109375
1557.2841661062848,249085.8125
1557.3046001578623,249071.34375
1557.3250341096718,249031.421875
1557.3454682618249,249078.28125
1557.3659023142172,249091.21875
1557.3863364669523,249064.578125
1557.4067704198096,249071.0625
1557.427204473133,249090.140625
1557.447638626683,249099.609375
1557.468072580472,249106.96875
1557.4885066346103,249139.484375
1557.5089407889757,249160.625
1557.529374843696,249139.8125
1557.5498088986496,249162.234375
1557.5702429538287,249127.296875
1557.5906770093643,249166.859375
1557.6111110652491,249174.671875
1557.631545121243,249189.796875
1557.6519791775936,249176.25
1557.6724132342931,249168.53125
1557.6928472912186,249153.28125
1557.7132814483848,249191.53125
1557.7337155058922,249222.109375
1557.7745836217364,249168.5
1557.795017680066,249164.4375
1557.8154516387367,249139.203125
1557.835885797649,249181.15625
1557.8563198567865,249153.765625
1557.87675391628,249139.515625
1557.8971879760063,249128.109375
1557.9176219359651,249157.03125
1557.9380560962672,249074.375
1557.958490156925,249091.34375
