time,flux
539.4707711324372,8208.537109375
539.4912050740022,8135.66064453125
539.5116391153279,8093.56591796875
539.5320729561936,8019.8271484375
539.5525068970601,7961.72119140625
539.5729409374617,7924.72705078125
539.5933747778545,7912.74267578125
539.6138087177897,7889.5869140625
539.6342427574855,7854.34912109375
539.6546765971871,7829.70068359375
539.6751105364237,7761.8056640625
539.6955445754284,7693.41357421875
539.7159785141921,7611.18212890625
539.7364123529624,7538.59423828125
539.7568463912612,7474.41552734375
539.7772803293337,7419.42578125
539.7977141671727,7347.5654296875
539.8181482047803,7236.78466796875
539.8385820421463,7157.86669921875
539.8590160792883,7117.47998046875
539.8794500159565,7043.59912109375
539.8998838526313,6979.1513671875
539.9203178890748,6929.984375
539.9407518252847,6825.0703125
539.9611856612537,6691.20654296875
539.9816196967658,6603.13720703125
540.00205363227,6540.3671875
540.0224874673149,6472.2919921875
540.0429215023614,6382.0615234375
540.0633554369415,6292.3359375
540.0837893715143,6247.26123046875
540.1042233056287,6154.95849609375
540.124657239503,6032.34521484375
540.1450912733853,5903.0693359375
540.1655251068005,5898.6875
540.1859590399836,5881.689453125
540.2063930729273,5770.6748046875
540.2268270058776,5655.8203125
540.2472608383541,5636.13671875
540.2676948706066,5598.2490234375
540.2881288026256,5426.68994140625
540.3085626344109,5286.0087890625
540.3289966657248,5216.75048828125
540.3494305970453,5234.25341796875
540.3698644281249,5099.458984375
540.3902984589804,4943.10400390625
540.4107323896023,4903.3984375
540.4311662197506,4878.494140625
540.4516002499076,4701.353515625
540.4720340798303,4578.61181640625
540.4924681092816,4532.298828125
540.5129020387394,4526.0986328125
540.5333358677308,4370.89599609375
540.5537698964836,4266.89697265625
540.5742038252429,4158.92822265625
540.5946377535365,4117.08837890625
540.61507168159,4011.98291015625
540.635505609418,3862.806396484375
540.655939537246,3807.081298828125
540.676373464601,3799.067138671875
540.6968073917305,3695.5595703125
540.7172413186272,3543.69873046875
540.7376753452845,3462.274658203125
540.7581091717148,3496.678466796875
540.7785431976808,3418.186279296875
540.7989771236389,3266.687744140625
540.8194109493706,3186.822998046875
540.8398449748638,3178.3466796875
540.8602788998978,3138.9326171875
540.8807127249311,2990.816162109375
540.901146749733,2906.67724609375
540.9215806740613,2886.685546875
540.942014498396,2849.04296875
540.9624485222594,2701.132080078125
540.9828824458964,2617.359375
541.0033162695327,2616.7939453125
541.0237502927048,2581.08544921875
541.044184215636,2503.76806640625
541.0646182383425,2371.119873046875
541.0850520610402,2349.916015625
541.1259199052874,2224.021240234375
541.1463538270618,2136.7041015625
541.1667877483633,2121.84912109375
541.187221669672,2132.206787109375
541.2076555907406,1974.149169921875
541.2280895115837,1901.8397216796875
541.2485234321939,1882.660888671875
541.2689573523385,1894.78515625
541.2893912724758,1758.1572265625
541.3098252921554,1657.6474609375
541.3302591118263,1638.76318359375
541.3506931310403,1661.9427490234375
541.3711270502536,1538.96142578125
541.3915608690004,1444.963623046875
541.4119948875086,1433.5145263671875
541.4324288060234,1442.491455078125
541.4528626240644,1380.4947509765625
541.4732966418815,1267.704345703125
541.4937305594649,1256.92724609375
541.5141643768147,1246.2598876953125
541.534598393926,1184.9373779296875
541.5550323108109,1101.4234619140625
541.5754662274558,1080.797607421875
541.5959001436422,1068.6568603515625
541.6163340598287,1029.2091064453125
541.636767975775,957.7716674804688
541.6572018914958,900.385009765625
541.6776358067509,901.5462036132812
541.6980698219995,865.2628784179688
541.7185036367882,801.224609375
541.7389375515777,794.5433349609375
541.759371565895,781.8256225585938
541.779805479986,735.6201171875
541.8002392938433,678.70849609375
541.820673307695,667.0266723632812
541.8411071210867,654.7362060546875
541.8615410342463,617.2440185546875
541.8819750471666,597.5345458984375
541.9024088598599,591.0470581054688
541.922842772321,590.8956909179688
541.9432767845428,581.5514526367188
541.9637105963047,522.565673828125
541.9841446080682,567.031982421875
542.0045785195907,526.9393310546875
542.0250123306541,520.8311767578125
542.0454463417191,489.8577270507813
542.0658802523103,457.3696594238281
542.0863140629081,491.3631896972656
542.1067480730417,481.2914123535156
542.1271819831672,431.0750427246094
542.1476158928344,446.1060180664063
542.1680498022688,506.9856262207031
542.188483711463,470.3213195800781
542.2089176204317,450.1910095214844
542.2293516291684,440.5037231445313
542.2497854376634,447.2835083007813
542.2702194459343,428.3899230957031
542.2906533539644,421.9139709472656
542.3110871617682,414.6654357910156
542.3315211693407,455.9612426757813
542.3519550764468,442.4175720214844
542.3723888835448,450.0327758789063
542.3928228904188,432.3396301269531
542.413256796819,418.5599060058594
542.433690602993,416.31341552734375
542.4541246091685,421.8680114746094
542.4745585148776,450.9252624511719
542.4949923203458,444.1867980957031
542.5154263258228,428.1537170410156
542.5358601308326,425.758056640625
542.5562941356038,446.1960754394531
542.5767280401487,433.7848510742188
542.5971618444601,442.83831787109375
542.6175958485328,458.9232482910156
542.6380297521464,449.1818237304688
542.6584636557527,442.6122131347656
542.6788975591335,453.2780456542969
542.6993314622814,448.2701721191406
542.7197653649637,407.9118041992188
542.7401992676387,446.40478515625
542.7606331698553,440.0599365234375
542.7810670720646,443.6054382324219
542.8015010738163,400.4376220703125
542.8219348753337,404.93115234375
542.8423687766117,408.5345764160156
542.8628027778977,411.1883239746094
542.8832365787166,413.2665710449219
542.9036705792969,385.6676940917969
542.9241044796509,426.4006652832031
542.9445382795384,400.7713623046875
542.9649722794202,412.7207336425781
542.9854061790757,413.6124877929688
543.0058399784975,405.7729797363281
543.026273977448,381.3505554199219
543.046707876405,383.8572998046875
543.0671417748963,373.0670776367188
543.0875756733803,330.3564147949219
543.108009571406,346.0478515625
543.1284434694317,333.752197265625
543.1488773669844,323.490966796875
543.1693112643115,287.5827941894531
543.1897451614059,294.06817626953125
543.2101790582601,308.19830322265625
543.2306129548888,302.1612548828125
543.2510468512846,287.9430236816406
543.2714807474404,317.2718200683594
543.2919146433705,342.9082946777344
543.3123486388358,319.1079406738281
543.3327824342923,291.6968994140625
543.353216329524,306.9686889648437
543.3736503242835,338.2784118652344
543.3940841190488,319.4967346191406
543.4145180133492,307.60186767578125
543.4349520074175,290.9617004394531
543.4553858012441,318.6810302734375
543.4758197950796,338.2781066894531
543.4962536884414,325.37420654296875
543.5166874815768,305.7961730957031
543.537121474481,353.1017150878906
543.5575553671515,404.2165222167969
543.5779891593484,414.11920166015625
543.598423151554,369.1865539550781
543.6188570435188,386.55853271484375
543.639290935258,412.1678466796875
543.6597248265316,420.1954956054688
543.6801587178052,399.7943115234375
543.7005926086058,404.0946960449219
543.7210264991809,434.4236145019531
543.7414603897487,431.9687805175781
543.7618942798581,407.8406982421875
543.7823281697347,396.7599182128906
543.8027620593784,409.0294799804688
543.8231960487828,423.8895263671875
543.8436299379609,371.9907836914063
543.8640637268982,385.6414794921875
543.8844977156114,437.9841003417969
543.9049315040902,443.4992370605469
543.9253653921041,417.0943603515625
543.9457993801116,403.5094299316406
543.9662331676591,409.55419921875
543.9866670552001,433.07427978515625
544.0071010422835,420.6023254394531
544.0275348291325,405.0105285644531
544.0479687159823,437.0191955566406
544.0684027023599,425.6202087402344
544.1092704744224,415.7642211914063
544.129704360108,426.5617370605469
544.1501382455608,425.3953857421875
544.1705721307735,432.9116821289063
544.1910060155278,423.5567626953125
544.2114399002821,429.5425720214844
544.2318737847963,434.6032409667969
544.2523076688522,449.46234130859375
544.272741552908,449.7126159667969
544.2931755364916,432.7630310058594
544.3136093198482,441.1984252929688
544.3340432029727,429.8976135253906
544.3544771860907,421.39202880859375
544.3749109687487,425.1302795410156
544.3953449511755,467.85546875
544.4157788333614,462.6398010253906
544.436212615321,442.9060668945313
544.4566465968164,449.1931762695313
544.4770804783038,440.9217529296875
544.4975142595649,462.8225402832031
544.5179482403619,456.2771911621094
544.5383821211508,467.3148498535156
544.5588159014806,466.7138366699219
544.579249881579,452.2991943359375
544.5996836616687,466.06396484375
544.6201175413007,465.4479064941406
544.6405515207007,460.8095703125
544.6609853998598,438.3280334472656
544.6814191787926,442.6138610839844
544.701853157494,463.1455993652344
544.7222870359547,435.447021484375
544.7427209139569,461.0613098144531
544.7631547919591,482.0048828125
544.7835886697212,473.357666015625
544.8040225470249,450.09124755859375
544.8244564243287,466.51275634765625
544.8448903011595,476.2120971679688
544.8653242777655,491.1151428222656
544.88575805437,488.6386413574219
544.9061919305022,481.8252868652344
544.9266259064098,468.778076171875
544.9470596820829,487.8363037109375
544.9674935575167,486.1557922363281
544.9879275324929,476.843994140625
545.0083613074676,487.6284790039063
545.0287952822036,490.323974609375
545.0492291564806,505.6163024902344
545.0696629307567,536.2049560546875
545.0900969045615,517.166748046875
545.1105307783728,534.172607421875
545.1309646517184,552.9813232421875
545.1513985248239,542.4973754882812
545.1718323977038,536.1085815429688
545.1922662703437,499.5643615722656
545.212700142758,514.5314331054688
545.2331340149394,527.326416015625
545.2535678868808,534.2452392578125
545.2740017585966,519.6036376953125
545.2944356298467,532.66357421875
545.3148696010903,533.2760620117188
545.335303371874,535.6437377929688
545.3557372426585,528.8297119140625
545.3761712129708,539.7406616210938
545.396604983056,526.7564697265625
545.417038853142,530.8171997070312
545.4374728227558,526.9349975585938
545.4579065921425,528.7872924804688
545.4783404612972,523.911376953125
545.4987744302125,522.6299438476562
545.5192081986679,518.8829956054688
545.5396420671241,511.7342529296875
545.5600760353409,528.0875244140625
545.5805098030978,546.7518310546875
545.6009436708555,532.2623901367188
545.621377638141,534.8924560546875
545.6418114051994,555.3097534179688
545.6622453720265,547.49755859375
545.6826792388456,538.5454711914062
545.7031131052063,523.7172241210938
545.7235469713341,532.2888793945312
545.7439808372219,536.6102905273438
545.7644147026513,527.4222412109375
545.7848486680741,523.1476440429688
545.8052824332699,526.4607543945312
545.8257162980008,542.0829467773438
545.8461502627324,536.1773071289062
545.8665840269896,544.8449096679688
545.887017891022,544.77294921875
545.9074518550478,548.58251953125
545.9278856186138,564.98486328125
545.9483195819485,562.2418823242188
545.9687533450488,544.1211547851562
545.9891872079097,545.6255493164062
546.009621170313,579.28125
546.0300549327148,579.9660034179688
546.0504887948773,562.2496948242188
546.0709227565821,589.4441528320312
546.0913565182855,579.6411743164062
546.1117903795166,584.0458374023438
546.1322243407558,581.895751953125
546.1526582015213,574.79150390625
546.1730919620604,601.2379150390625
546.1935259223683,597.0861206054688
546.2139597824425,580.7650146484375
546.2343936422767,562.0361328125
546.254827500954,581.3546142578125
546.2752613600896,622.580078125
546.2956953192333,603.270263671875
546.3161290781427,622.6027221679688
546.3365629365871,612.950927734375
546.3569968947922,654.38818359375
546.3774306530031,646.4489135742188
546.3978645107418,640.74072265625
546.4182984682557,625.8787841796875
546.4387322255352,640.657470703125
546.4591660825827,644.385498046875
546.4796000393908,648.6376342773438
546.5000337959718,620.2557983398438
546.5204676523135,621.7096557617188
546.5409016081976,653.13916015625
546.5613353640802,683.3370361328125
546.5817693194913,662.2713012695312
546.6022030749082,651.5994873046875
546.6226369298602,708.0717163085938
546.6430708845728,689.2429809570312
546.6635046390584,638.635009765625
546.6839384933119,633.5015869140625
546.704372447326,663.9979248046875
546.7248063011139,647.1085815429688
546.7452400546681,626.7273559570312
546.7656740077509,648.3414306640625
546.7861078608403,645.8335571289062
546.8065416134632,680.978759765625
546.8269755660804,666.3231811523438
546.8474094182384,679.5869140625
546.8678433701643,711.4611206054688
546.8882771220815,711.703125
546.908710973541,732.0548706054688
546.9291449247685,759.377197265625
546.9495786755215,771.9998168945312
546.9700125262825,754.8347778320312
546.9904464768115,773.6551513671875
547.010880226866,816.8842163085938
547.0313140769285,815.1882934570312
547.0517480265262,856.2465209960938
547.1130495741454,919.2556762695312
547.1334834228037,942.95361328125
547.1539171712357,933.7682495117188
547.1743511194363,938.9077758789062
547.1947849673961,987.7388916015624
547.2152188151304,1028.95166015625
547.2356526623989,1067.53125
547.2560865096602,1082.906982421875
547.2765203564632,1111.112060546875
547.2969542032661,1139.05078125
547.317388049596,1191.59716796875
547.3378218957005,1231.878173828125
547.3582557415721,1281.7025146484375
547.3786894872028,1350.0576171875
547.3991234326095,1411.2994384765625
547.4195572777826,1481.6827392578125
547.439991022482,1509.4775390625
547.4604249671902,1580.156494140625
547.480858811432,1683.02099609375
547.5012927556672,1843.940185546875
547.5217264994426,2042.6007080078125
547.5421603429859,2273.03173828125
547.5625942865227,2463.318603515625
547.5830280295995,2662.447265625
547.6034618724443,2885.507568359375
547.6238958150498,3110.50439453125
547.6443295571953,3404.590087890625
547.6647633993416,3692.869140625
547.6851973412486,3993.017333984375
547.7056311826964,4293.82421875
547.7260649239033,4613.2431640625
547.7464988651191,4939.93115234375
547.7669327058684,5264.5966796875
547.7873664463841,5637.7890625
547.8078003866613,6023.9970703125
547.8282342267121,6290.11181640625
547.8486681665236,6531.9150390625
547.869101906108,6666.88916015625
547.8895357452275,6795.43359375
547.9099696843405,6951.263671875
547.9304034229935,7112.8173828125
547.9508372616474,7265.51123046875
547.9712710998283,7380.95361328125
547.9917049377837,7474.61279296875
548.0121386755054,7546.8154296875
548.0325726129886,7639.13916015625
548.0530064502454,7767.57421875
548.0734402872695,7836.798828125
548.0938741240534,7881.93212890625
548.1143079603789,7937.23046875
548.1347418967052,7999.63720703125
548.1551756325571,8069.36669921875
548.175609468417,8145.68896484375
548.1960434038119,8182.62109375
548.216477238966,8206.0869140625
548.2369109738938,8265.287109375
548.2573449085903,8313.16796875
548.2777787430459,8316.01953125
548.2982124772752,8393.234375
548.3186464110404,8432.884765625
548.3390802447975,8472.5400390625
548.3595139780955,8491.0146484375
548.379947911395,8525.0703125
548.4003817442208,8536.9501953125
548.4208154768203,8497.611328125
548.4412494091885,8501.58984375
548.4616832413158,8502.0791015625
548.4821171732183,8505.5224609375
548.5025509048864,8450.248046875
548.5229847360824,8395.3583984375
548.5434186672865,8397.771484375
548.5638523980233,8403.5595703125
548.5842862287536,8360.138671875
548.6047201590263,8303.2822265625
548.6251538890647,8308.9755859375
548.6455877188637,8294.072265625
548.6660215484371,8247.3115234375
548.6864553777777,8226.3955078125
548.7068892068783,8214.732421875
548.7273230357532,8167.70458984375
548.7477568641625,8100.61279296875
548.7681907925653,8079.7578125
548.7886246205089,8029.1923828125
548.8090583484518,7990.18896484375
548.8294922759233,7956.0185546875
548.8499261031684,7890.29345703125
548.87035983018,7817.71728515625
548.8907937569529,7771.63134765625
548.9112275834996,7729.8388671875
548.9316613095798,7675.376953125
548.9520952356543,7641.15478515625
548.9725290612696,7566.486328125
548.9929627868842,7553.28125
549.0133967120273,7503.89013671875
549.0338305369442,7425.6298828125
549.0542643616209,7326.19384765625
549.074698186072,7276.0634765625
549.0951320102904,7220.37109375
549.1155659342694,7147.18798828125
549.1359996580213,7085.40185546875
549.1564334813083,6995.5556640625
549.1768674045888,6960.015625
549.1973012274102,6873.05615234375
549.2177349502308,6767.03515625
549.23816887258,6729.5625
549.2586026947029,6667.56005859375
549.2790364165921,6603.9287109375
549.2994703382428,6522.78955078125
549.3199041596672,6418.4990234375
549.3403378806252,6337.1083984375
549.3607718015774,6298.93994140625
549.3812055220696,6190.55908203125
549.4016394425635,6081.59033203125
549.4220732625836,6006.294921875
549.4425069823774,5924.56640625
549.4629409019399,5820.16552734375
549.4833747212615,5699.28662109375
549.5038084403568,5664.40087890625
549.5242423592208,5573.71533203125
549.5446761778439,5478.4560546875
549.5651098960079,5386.06494140625
549.5855438141734,5320.44873046875
549.6059776318652,5248.896484375
549.6264114493315,5226.765625
549.6468452665649,5125.6787109375
549.6672790835582,4988.4970703125
549.687712900326,4948.736328125
549.7081468168617,4924.19384765625
549.7285805331558,4797.42138671875
549.749014448993,4633.31396484375
549.7694482648294,4579.7255859375
549.7898819801921,4529.97900390625
549.8103158955637,4422.30224609375
549.8307497104688,4264.82421875
549.8511834251331,4215.24365234375
549.8716173395733,4157.5068359375
549.8920511537799,4121.27392578125
549.9124848677457,3925.29736328125
549.9329187812546,3805.07177734375
549.9533525947627,3791.118408203125
549.9737863077971,3750.869140625
549.9942202208404,3612.743408203125
550.0146540334172,3494.839599609375
550.0350878457539,3420.44873046875
550.0759554697433,3284.720458984375
550.0963892813816,3156.695068359375
550.1168230927942,3086.669189453125
550.1372569037339,3010.294189453125
550.1576907146809,2957.736083984375
550.1781245251623,2850.309814453125
550.1985583356436,2763.778076171875
550.2189922456528,2737.77197265625
550.2394259554349,2667.56396484375
550.2598597649776,2539.0087890625
550.2802936742955,2517.06787109375
550.3007273833791,2476.490966796875
550.3211611919978,2444.921875
550.34159510061,2331.96142578125
550.3620288087623,2250.931884765625
550.3824627169088,2245.2333984375
550.4028965245961,2241.895751953125
550.4233302320499,2128.82421875
550.4437641392651,2040.3255615234373
550.464197946254,2038.682373046875
550.4846316530093,2057.70263671875
550.5050655592931,1966.4271240234373
550.5254993655835,1862.3250732421875
550.5459331716411,1834.2515869140625
550.5663669772257,1823.5855712890625
550.5868007825848,1730.1507568359375
550.607234587711,1665.885986328125
550.6276683925971,1647.4556884765625
550.6481021972577,1592.677001953125
550.6685360016854,1513.6339111328125
550.6889698058731,1448.91357421875
550.7094036098351,1433.631103515625
550.7298374133316,1406.9375
550.7502712165879,1329.798095703125
550.7707050198514,1257.7115478515625
550.7911389226501,1242.42041015625
550.8115726252072,1225.97802734375
550.8320064275395,1161.54541015625
550.8524403296396,1095.60888671875
550.8728740314982,1084.906005859375
550.8933078328992,1072.8873291015625
550.9137417343009,1014.2131958007812
550.9341754352281,939.8834838867188
550.9546092359305,965.4874877929688
550.9750431366338,947.8089599609376
550.9954768368625,889.6983032226562
551.0159107368672,817.3133544921875
551.0363445366384,858.2674560546875
551.0567783359365,883.0081176757812
551.077212135242,793.1268310546875
551.0976459340818,750.7035522460938
551.1180797329143,736.1303100585938
551.1385135312885,783.9266357421875
551.1589473294298,725.4049072265625
551.1793811275638,661.310546875
551.1998149250066,707.0003662109375
551.2202487224495,682.8162841796875
551.2406825196522,612.0455932617188
551.2611164166301,579.5857543945312
551.2815501131408,610.448974609375
551.3019839096451,629.3311767578125
551.3224178056917,530.88720703125
551.3428515015039,523.2929077148438
551.3632853970776,610.9745483398438
551.3837191924249,570.2149047851562
551.4041528875387,472.5882263183594
551.4245867824138,459.0115356445313
551.4450204770619,492.2686462402344
551.4654542712451,529.1715087890625
551.485888165189,477.9712219238281
551.5063218591386,461.5465698242188
551.5267556526233,496.5315856933594
551.5471895458686,456.27490234375
551.5676232388869,441.01275634765625
551.5880570316731,472.7137756347656
551.60849092422,462.5374450683594
551.6289247163077,430.1110229492188
551.6493585083954,421.5973510742188
551.6697923000102,420.8023986816406
551.6902260913994,425.6808471679688
551.7106598827813,444.5256042480469
551.7310936737049,417.7730102539063
551.7515274643956,435.7848510742188
551.7719613546142,427.679931640625
551.7923950448385,414.2691955566406
551.8128288348307,395.9967956542969
551.8332627243508,410.6144104003906
551.8536964138766,386.5165100097656
551.8741302029375,402.1678161621094
551.8945640917591,416.59185791015625
551.9149977803536,430.9436645507813
551.935431568716,388.5994567871094
551.9558654568391,369.6990356445313
551.9762991445023,394.4680786132813
551.996733032167,431.4836120605469
552.017166819358,411.1018981933594
552.0376005065555,387.8412780761719
552.0580343932888,378.4674987792969
552.0784681797813,409.3214111328125
552.0989018660475,388.3895263671875
552.1193357520824,395.9358825683594
552.1397695378764,396.7482604980469
552.1602032232113,424.5544738769531
552.1806371085477,388.9146423339844
552.2010708934104,338.6349182128906
552.2215045782796,347.03497314453125
552.2419384626846,345.2912292480469
552.2623722468488,366.6804809570313
552.2828059307867,360.8663330078125
552.3032398144933,342.0425109863281
552.3236735977262,367.1914978027344
552.3441074809671,367.5492248535156
552.3645411639736,338.5797424316406
552.384974946508,335.52789306640625
552.4054088288176,383.2219848632813
552.4258425108928,395.57958984375
552.4462762927287,424.4648132324219
552.4667101743398,395.14984130859375
552.4871438557166,405.772216796875
552.507577636854,407.7563781738281
552.5280115175337,425.9705505371094
552.548445198212,419.6888122558594
552.5688789784181,431.2035217285156
552.5893128583994,437.6261901855469
552.609746638147,464.3582153320313
552.6301804176546,451.2428588867188
552.6506141969367,427.8132019042969
552.6710479759786,444.6905212402344
552.6914817545621,436.6421203613281
552.7119155331457,439.5030212402344
552.7323493112635,438.18109130859375
552.7527830893741,449.8197021484375
552.7732168670263,463.7955322265625
552.7936506444385,480.9627075195313
552.814084421625,443.08782958984375
552.8345181983459,476.2650146484375
552.854951875066,437.6597290039063
552.8753857515476,459.35052490234375
552.89581952757,428.8368835449219
552.9162532033588,421.5991516113281
552.9366870791418,466.1318359375
552.9571208544658,430.9303894042969
552.9775547295503,420.9076843261719
552.997988404175,420.3323364257813
553.0184221788004,390.9572143554688
553.0592897271126,416.5832214355469
553.0797235010396,402.1445007324219
553.1001573744943,400.3023071289063
553.1205911477227,420.9776916503906
553.1410248207176,454.0211791992188
553.1614586934738,449.0080871582031
553.1818924660038,411.6491394042969
553.2023261380673,388.7655334472656
553.2227600101251,401.3126220703125
553.2431937817237,401.07318115234375
553.2636274530887,394.3659973144531
553.284061324448,399.6263427734375
553.3044950953481,442.5738525390625
553.3249289660162,408.2713317871094
553.3453626362098,387.8751220703125
553.3657964064114,384.1185302734375
553.386230276381,388.9580993652344
553.4066639458761,401.896240234375
553.4270977151464,375.3063659667969
553.4475315844174,367.1236572265625
553.4679652532141,360.7638854980469
553.4883990217859,375.7579345703125
553.508832789892,371.6739196777344
553.5292665579909,369.2599182128906
553.5497003258643,383.3745422363281
553.5701340932719,372.1890869140625
553.5905678606723,406.1121520996094
553.6110016276143,381.7044677734375
553.6314354943243,377.5195007324219
553.6518691607926,391.6588439941406
553.6723030270368,393.1795959472656
553.6927367928147,402.02154541015625
553.7131704585845,374.270751953125
553.7336043241303,369.5970458984375
553.7540380892096,336.7444763183594
553.7744717540481,352.18829345703125
553.7949056186626,316.9775085449219
553.8153393830435,287.7137451171875
553.8357730471835,292.15240478515625
553.8562069110994,304.54364013671875
553.8766406747818,311.10015869140625
553.8970743379905,307.0720520019531
553.9175082009751,312.4630432128906
553.937941963959,324.9151306152344
553.9583758264707,311.9496459960937
553.9788094887554,278.84002685546875
553.9992432508079,300.3256530761719
554.0196771126211,309.2659912109375
554.0401107739744,315.6662292480469
554.0605445353285,329.5635070800781
554.0809783962104,341.1979064941406
554.101412156866,313.8888244628906
554.121845817288,316.0902709960937
554.1422796777042,303.48077392578125
554.1627133374277,307.7653503417969
554.183147097152,340.5485534667969
554.2035809566369,368.3614807128906
554.2240146156619,322.8670959472656
554.2444483746876,344.5383605957031
554.2648822332412,366.0285034179688
554.2853158915677,388.7646789550781
554.3057497496629,390.818359375
554.3261835075173,379.2182312011719
554.3466171651453,381.6044006347656
554.3670510225347,382.1377258300781
554.387484779465,413.9568786621094
554.4079184363945,393.9375915527344
554.4283522928599,394.5531921386719
554.4487860490844,424.3192138671875
554.4692198050834,433.5460510253906
554.4896535608423,417.03118896484375
554.5100873163756,416.7800903320313
554.5305210714432,428.4921875
554.5509548265109,432.351806640625
554.5713885811056,445.8504638671875
554.5918223357075,468.5538024902344
554.6122561898374,478.43212890625
554.6326898437401,493.8077697753906
554.6531236974115,484.7857666015625
554.673557450842,492.7683410644531
554.6939911038135,518.4453735351562
554.7144249567864,528.63623046875
554.7348587092856,535.7738647460938
554.7552923615585,533.8873291015625
554.775726213833,583.62841796875
554.7961599656337,585.0072021484375
554.8165936172081,565.40673828125
554.8370274683184,583.4501953125
554.8574612194207,602.1065063476562
554.8778948700638,622.385009765625
554.8983287207084,616.5045776367188
554.9187623708785,635.165771484375
554.9391961208239,651.805419921875
554.9596299705372,669.20166015625
554.9800637200096,673.6633911132812
555.0004974692565,674.6189575195312
555.0209312182706,675.8057250976562
555.0413649668117,709.0496826171875
555.0617987151272,759.2955932617188
555.0822324634428,738.9818115234375
555.1026662112854,742.0206298828125
555.1230999589025,748.7305908203125
555.1435337062867,766.9533081054688
555.163967453198,750.5885009765625
555.1844013001173,744.8837280273438
555.2048349465695,784.096923828125
555.2252686930151,783.9822387695312
555.2457025390031,807.7875366210938
555.2661361847568,797.1334228515625
555.2865699302711,832.7962646484375
555.3070037755606,814.6348266601562
555.3274374206158,823.713134765625
555.3478712651995,819.599609375
555.3683050097898,831.023193359375
555.3887386539136,847.95703125
555.4091724977989,873.7631225585938
555.4296062414578,894.4401245117188
555.4500399848766,903.0162353515624
555.4704737280699,898.9288330078125
555.4909074710304,910.2545776367188
555.5113411135244,918.0464477539062
555.5317749560127,952.402587890625
555.5522086980418,982.2296752929688
555.5726423398373,971.1865844726562
555.5930761813943,969.9240112304688
555.6135099227249,996.42529296875
555.633943563822,995.0321655273438
555.6543774046804,1006.557861328125
555.6748111450797,1021.110107421875
555.6952449852397,1039.3138427734375
555.7156786254054,1103.0191650390625
555.7361123651062,1115.9151611328125
555.7565462045677,1088.7176513671875
555.7769798438021,1099.083251953125
555.7974135828044,1120.8492431640625
555.8178474213346,1152.071044921875
555.8382810598705,1170.822998046875
555.8587147979415,1181.483154296875
555.8791486357732,1214.28759765625
555.8995822733777,1246.128173828125
555.9200160107503,1273.1512451171875
555.9404498478834,1315.965576171875
555.9608834847895,1336.2591552734375
555.9813172212307,1386.9010009765625
556.0017510576654,1425.5784912109375
556.0426185293836,1532.9591064453125
556.0630522648862,1597.74560546875
556.0834860001632,1708.1602783203125
556.1039197352075,1826.914794921875
556.1243534700116,2020.301025390625
556.1447872043573,2222.953857421875
556.165220938703,2431.0322265625
556.1856546725758,2665.15380859375
556.206088406223,2897.463134765625
556.2265221396374,3134.05615234375
556.2469558728117,3395.742431640625
556.2673896057604,3638.14013671875
556.2878233382435,3894.8134765625
556.3082570707193,4205.34375
556.3286907027359,4500.1611328125
556.3491245345213,4804.255859375
556.3695582660657,5096.328125
556.3899920973854,5468.0546875
556.4104257284707,5759.353515625
556.4308594593167,6034.16845703125
556.4512932897051,6293.3642578125
556.4717269200919,6512.1748046875
556.4921606500066,6630.66259765625
556.5125944796964,6703.533203125
556.5330282091527,6813.2080078125
556.5534618383681,6942.6201171875
556.5738956673595,7066.05810546875
556.5943293958844,7142.1298828125
556.6147630244013,7183.67431640625
556.6351968524614,7265.369140625
556.6556305802878,7358.67578125
556.6760642078734,7380.45947265625
556.696498035235,7441.66357421875
556.716931762363,7509.03515625
556.7373655892516,7546.939453125
556.7577992156803,7616.986328125
556.7782329421098,7660.16259765625
556.798666768067,7683.57275390625
556.8191003937973,7742.3095703125
556.8395341192954,7801.572265625
556.8599679445542,7806.97021484375
556.880401569586,7878.51953125
556.9008352943856,7879.18017578125
556.9212690187123,7912.79248046875
556.9417027428135,7919.2392578125
556.9621364669147,7908.0146484375
556.9825701905429,7895.6748046875
557.0030039139456,7897.9921875
557.0234376368753,7892.45458984375
557.0438714598131,7887.9912109375
557.0643050825165,7884.79736328125
557.0847389047485,7938.54345703125
557.1051726267542,7928.009765625
557.1256062487591,7914.173828125
557.1460400702927,7944.77490234375
557.166473791367,7984.1552734375
557.1869074124406,7994.8974609375
557.2073412332757,7960.98681640625
557.2277749536515,7949.162109375
557.2482085740266,7913.1328125
557.2686423939303,7924.85546875
557.2890761136077,7910.1826171875
557.3095097330515,7917.72265625
557.3299435522567,7859.4560546875
557.3503772710028,7860.48486328125
557.3708109897489,7826.1484375
557.391244708022,7805.3564453125
557.4116784260696,7739.6923828125
557.4321122441179,7748.75244140625
557.4525458614589,7732.94287109375
557.472979578808,7670.3115234375
557.493413395925,7630.38818359375
557.5138471128012,7586.17236328125
557.5342807292182,7557.896484375
557.5547145454038,7547.599609375
557.5751481613479,7526.439453125
557.5955818773,7489.43701171875
557.6160156925544,7444.20849609375
557.6364493077999,7386.3193359375
557.6568830228207,7342.26123046875
557.6773168373766,7292.2783203125
557.6977504519236,7258.39453125
557.7181841660131,7222.49560546875
557.7386179798705,7155.56640625
557.7590515934862,7123.22802734375
557.7794854068779,7109.1337890625
557.7999191198032,6991.0078125
557.8203527327205,6940.203125
557.8407865451809,6919.12451171875
557.8612202576405,6894.76513671875
557.8816539696272,6866.78271484375
557.9020876813884,6717.255859375
557.9225213929167,6701.4638671875
557.942955103972,6645.01806640625
557.9633888150347,6672.71484375
557.9838225256317,6555.412109375
558.0042562362214,6498.0166015625
558.0246900463535,6466.31982421875
558.0451236562512,6445.169921875
558.0655573659096,6323.31103515625
558.0859911751104,6191.29638671875
558.1064247843096,6153.7685546875
558.1268585932703,6120.44091796875
558.1472923017718,6060.171875
558.1677259100397,5929.30126953125
558.1881597180691,5849.42919921875
558.2085934258721,5808.623046875
558.2290270334415,5770.2646484375
558.2494608405395,5674.3232421875
558.2698945476441,5594.556640625
558.2903281542822,5555.94482421875
558.3107619609145,5541.69287109375
558.331195567087,5399.38916015625
558.3516292730274,5299.49658203125
558.3720630784956,5233.39404296875
558.3924967839703,5221.99267578125
558.4129303892114,5140.74951171875
558.4333641939811,4993.13720703125
558.4537978985245,4921.59912109375
558.4742316028278,4904.06640625
558.4946653071383,4836.544921875
558.5150990107504,4663.74560546875
558.535532814356,4617.83837890625
558.5559664177345,4604.9990234375
558.576400120648,4524.2890625
558.5968339233223,4334.2060546875
558.6172675260023,4298.853515625
558.6377012282173,4271.88427734375
558.6581350299602,4223.35205078125
558.6785686317089,4052.530029296875
558.6990023332255,4006.84716796875
558.7194361342699,3888.640625
558.7398697353201,3834.107421875
558.7603034359054,3665.871337890625
558.7807372362513,3598.407958984375
558.8011708363701,3500.492431640625
558.8216045360241,3452.3564453125
558.8420383356715,3325.052001953125
558.8624720350927,3236.729248046875
558.8829057340481,3160.816650390625
558.9033394327635,3083.506591796875
558.9237731312533,2987.12939453125
558.9442068295102,2881.822265625
558.9646405275271,2817.25927734375
558.9850741253176,2725.76611328125
559.0259416197296,2584.765380859375
559.0463753168224,2521.490478515625
559.0668090134495,2429.7080078125
559.0872427098366,2367.959228515625
559.1076763059973,2245.1796875
559.1281101016939,2229.138916015625
559.1485437973824,2151.670166015625
559.1689773926119,2064.127685546875
559.18941118761,1986.95263671875
559.2098448823672,1977.18896484375
559.2302786768996,1920.5098876953125
559.2507122711977,1852.7294921875
559.2711459652564,1761.6243896484375
559.2915797590904,1753.8387451171875
559.3120133524571,1719.318359375
559.3324470455846,1713.6845703125
559.3528808384872,1622.51416015625
559.3733145311562,1595.2645263671875
559.3937481235844,1578.82958984375
559.4141819157885,1658.1104736328125
559.4346156075189,1601.604248046875
559.4550491992559,1499.714599609375
559.4754829905287,1418.4998779296875
559.4959166815679,1331.137939453125
559.5163502723663,1300.422119140625
559.5367840629406,1222.666015625
559.557217753274,1222.5150146484375
559.5776515431498,1154.753173828125
559.5980851330241,1099.8551025390625
559.6185188224335,1045.15283203125
559.6389525116028,1042.01904296875
559.6593862005466,1011.5620727539062
559.6798198892502,975.2383422851562
559.7002535777283,897.4181518554688
559.7206872657407,908.6597290039062
559.7411209537531,921.9760131835938
559.7615546412926,880.81396484375
559.7819883286065,815.9493408203125
559.8024220156803,783.8307495117188
559.8228557025286,813.18701171875
559.843289389144,783.66748046875
559.8637230752938,722.7913818359375
559.8841567614363,664.2659912109375
559.9045904471204,706.1573486328125
559.9250242325652,682.0305786132812
559.9454579177836,642.8840942382812
559.9658915027685,545.490234375
559.9863252875148,590.473388671875
560.0067589720347,589.454345703125
560.0271925560883,534.2479248046875
560.0476263399032,488.0328979492188
560.0680600234919,552.2901000976562
560.0884936068469,595.7318115234375
560.1089273899634,535.8442993164062
560.1293610728535,497.30963134765625
560.14979465551,517.8073120117188
560.1702284376952,573.61669921875
560.190662119654,570.8382568359375
560.2110958016128,532.626953125
560.2315294830987,557.9015502929688
560.251963164359,558.023681640625
560.2723968451537,549.5245971679688
560.2928305259411,503.40130615234375
560.3132642062701,512.4202270507812
560.3336979865999,484.7555236816406
560.3541315664552,491.00238037109375
560.3745652460857,489.11822509765625
560.3949989254834,440.6707153320313
560.4154326044081,451.197509765625
560.4358662833401,492.894775390625
560.4563000618073,444.9355773925781
560.4767336402656,464.992919921875
560.4971673182663,467.7511901855469
560.5176010960349,467.3305358886719
560.5380346735619,477.3103942871094
560.5584683506313,405.7725830078125
560.5789021277014,376.9240112304688
560.5993357042971,447.5146179199219
560.6197693809008,446.6717224121094
560.6402031570397,433.5398559570313
560.6606367329368,375.5618286132813
560.68107050861,430.372314453125
560.7015041838167,450.0273742675781
560.7219377590154,442.15728759765625
560.7423715337573,447.8582763671875
560.7628052084983,453.691650390625
560.7832388827665,434.37994384765625
560.803672556809,436.0795593261719
560.8241062306188,445.0505981445313
560.8445399039556,460.4949951171875
560.8649735772997,441.7628479003906
560.8854072501781,456.4983520507813
560.9058409230493,447.1089172363281
560.9262746954628,457.994384765625
560.946708267642,446.6309509277344
560.9671419395818,428.4240417480469
560.987575711064,415.13525390625
561.0080092825447,427.1348571777344
561.0284430535539,438.24017333984375
561.0488766243361,412.9892578125
561.0693102951191,453.0525207519531
561.0897440654298,440.6399536132813
561.1101776352807,420.4188232421875
561.1306113051323,433.4346923828125
561.1510450747446,399.3534240722656
561.171478643897,395.1307067871094
561.1919123128173,413.9801025390625
561.2123460814983,403.6882019042969
561.2327796499521,393.0205993652344
561.253213318174,391.2039794921875
561.2736470861564,392.4100646972656
561.2940807536797,376.4948120117188
561.3145143212023,382.0851135253906
561.3349480882534,396.1452331542969
561.3553817550783,364.2576904296875
561.3758153216695,328.66998291015625
561.3962490880222,326.545654296875
561.4166827539157,335.87701416015625
561.4371165198027,349.4745788574219
561.4575500852297,362.6947937011719
561.4779837504248,308.2935485839844
561.4984175153804,325.9932861328125
561.518851080109,338.7254333496094
561.5392847446055,323.5021667480469
561.5597185088627,311.5395202636719
561.58015207266,294.20562744140625
561.6005857362252,289.18914794921875
561.6210194997839,305.7537841796875
561.6414530628826,309.3846740722656
561.6618867257494,328.3102111816406
561.6823204881439,314.6049499511719
561.7027540505442,308.6251525878906
561.7231877124796,308.2855529785156
561.7436214744084,305.0867614746094
561.7640550358774,302.5541076660156
561.784488797115,317.3481750488281
561.8049224581118,317.26593017578125
561.8253560186495,312.00347900390625
561.8457897791886,299.1502990722656
561.8662234392541,297.1394348144531
561.8866569993261,312.4391784667969
561.9070907589339,312.00408935546875
561.9275244183009,316.1932983398437
561.9479579774415,310.6385192871094
561.9683917361181,286.1469116210937
562.0092589529959,308.5855407714844
562.0296927112067,332.8721923828125
562.0501263689439,318.34259033203125
562.0705599264547,308.823974609375
562.0909936835014,351.595703125
562.1114273405401,368.19134521484375
562.131861097354,354.24591064453125
562.1522946537007,370.8168029785156
562.172728309808,359.0005798339844
562.1931620656906,386.01220703125
562.2135956213388,405.0428161621094
562.2340292767476,382.9915771484375
562.2544630319317,370.3782348632813
562.2748966866493,386.7227783203125
562.2953302411261,384.34759521484375
562.3157639956116,354.14910888671875
562.3361976496235,350.9997863769531
562.356631203409,362.4895629882813
562.3770649567305,401.17236328125
562.3974986100511,385.195556640625
562.4179321628981,384.75244140625
562.4383659157538,398.4121398925781
562.4587994681424,389.918212890625
562.4792331202916,387.6880493164063
562.499666872216,405.0921936035156
562.5201004236733,408.4275817871094
562.5405341751248,422.2635498046875
562.5609678261171,370.9059753417969
562.5814013771087,370.4380493164063
562.6018351276289,365.5419006347656
562.6222687779227,389.8630981445313
562.6427024279837,413.3398742675781
562.6631360775718,396.23052978515625
562.6835697271672,405.3670043945313
562.7040033762896,418.0442199707031
562.7244370251865,426.0020446777344
562.7448706740834,415.5465393066406
562.7653043225146,396.063720703125
562.7857380704736,449.7475280761719
562.8061716184384,440.4497680664063
562.826605265931,437.5082092285156
562.8470390134316,410.94146728515625
562.8674725604651,427.8041687011719
562.88790630726,446.9498901367188
562.9083399538285,430.06640625
562.9287735001635,431.7400207519531
562.9492072460271,433.7060546875
562.9696408918971,469.1038818359375
562.9900744373008,467.9875793457031
563.0105081824659,473.8160095214844
563.0309418274046,440.3079528808594
563.0513753721098,458.3756713867188
563.0718091165763,460.4402160644531
563.0922427605838,462.2474365234375
563.1126764045912,461.0823364257813
563.1331100481257,477.7294616699219
563.1535436914346,501.5363464355469
563.17397723451,457.0575256347656
563.1944109773467,454.1773376464844
563.2148446199571,455.7875061035156
563.2352782621019,453.6717529296875
563.2557119042394,456.62200927734375
563.2761455459186,458.9370727539063
563.2965792873656,482.6613464355469
563.317012828571,497.0292053222656
563.3374464695517,480.4871215820313
563.3578802100674,472.9573059082031
563.3783137505743,467.0562438964844
563.3987473906236,468.10198974609375
563.4191811304408,497.273193359375
563.4396146700165,483.21429443359375
563.4600483093673,493.0224914550781
563.480482048486,490.3603210449219
563.5009155871303,519.314453125
563.5213492257826,536.42626953125
563.54178296397,486.616455078125
563.5622165019158,492.3365173339844
563.5826501396368,530.5661010742188
563.6030838771258,555.66943359375
563.6235175143738,537.3887329101562
563.6439511511635,496.972412109375
563.6643847879532,534.5494995117188
563.6848184242699,556.0708618164062
563.7052520603611,558.2908325195312
563.7256856962194,522.3421630859375
563.7461193318377,553.0635986328125
563.7665530669983,574.0595703125
563.7869866021574,568.5366821289062
563.8074202368443,563.9313354492188
563.8278538713057,567.1607666015625
563.8482875055342,586.468505859375
563.8687211395227,610.5454711914062
563.8891547732856,589.6068725585938
563.9095884068156,583.9336547851562
563.930021939872,585.3861694335938
563.9504556727043,586.85546875
563.970889305303,609.7899169921875
563.9913230378952,606.7965087890625
564.0117565697947,600.1005859375
564.0321902016876,639.4749755859375
564.0526239333558,663.8968505859375
564.0730574645568,646.25048828125
564.0934910955257,618.8954467773438
564.1139248262552,640.0072021484375
564.1343584567585,655.1343994140625
564.1547919870209,654.5054931640625
564.1752257170592,653.72216796875
564.1956593466311,647.72607421875
564.2160928759695,662.169921875
564.2365266053021,688.6095581054688
564.2569602341755,698.641357421875
564.2773937628081,692.30419921875
564.2978274909838,729.9207153320312
564.3182611191587,713.3800659179688
564.3386948468615,722.3179931640625
564.35912837457,720.4664306640625
564.3795620018136,744.9393920898438
564.3999957288179,751.2700805664062
564.4204292555951,767.0396728515625
564.4408628819074,780.4666748046875
564.4612966082132,789.1845092773438
564.481730134059,834.032958984375
564.5021637596728,808.1961669921875
564.5225974850473,836.84228515625
564.5430310101947,875.2216796875
564.56346463511,917.7752685546876
564.5838982597852,923.0911865234376
564.604331884002,921.351318359375
564.6247655082188,974.2013549804688
564.6451991319627,1010.9854736328124
564.665632755481,1021.1897583007812
564.6860663787666,1043.2484130859375
564.7065001015799,1089.3653564453125
564.726933624399,1137.0390625
564.7473673467539,1176.868896484375
564.7678009691008,1171.681396484375
564.7882344909885,1157.791015625
564.808668212645,1184.3612060546875
564.8291018338277,1234.905029296875
564.849535355017,1260.083740234375
564.869969075975,1297.6815185546875
564.8904026964592,1330.2882080078125
564.9108362167171,1368.36572265625
564.9312699367438,1421.233642578125
564.9517035565295,1419.8240966796875
564.9925707954171,1522.221923828125
565.0130044142716,1575.21875
565.0334380329004,1599.935546875
565.0538716512965,1668.4345703125
565.0743052694525,1739.605224609375
565.0947389873836,1829.5733642578125
565.1151726050739,1911.140869140625
565.135606122305,2013.6243896484373
565.1560398395377,2181.614501953125
565.1764734563039,2429.1728515625
565.1969069728293,2687.752197265625
565.2173406891307,2918.24462890625
565.2377742051976,3169.225830078125
565.2582078210253,3469.785400390625
565.2786415363953,3780.816162109375
565.299075051531,4058.089599609375
565.3195086666601,4363.11376953125
565.3399423813316,4705.65283203125
565.360375895536,5039.220703125
565.3808095097338,5401.97021484375
565.4012432237068,5696.10400390625
565.4216767372127,6073.046875
565.44211045048,6459.37890625
565.4625440635209,6791.58837890625
565.4829775763283,7107.919921875
565.503411288897,7375.18994140625
565.5238449012395,7733.57275390625
565.5442785131163,7977.2685546875
565.5647121249858,8125.310546875
565.585145736397,8230.8388671875
565.605579347568,8381.30078125
565.6260129585135,8477.92578125
565.6464465692261,8531.1318359375
565.6668801794731,8643.259765625
565.6873138897136,8826.7880859375
565.7077473994941,8889.9423828125
565.7281810090353,8899.48046875
565.7486147183517,8918.400390625
565.7690482274338,8999.1572265625
565.7894818362838,9089.3056640625
565.8099155446616,9170.1787109375
565.8303490530452,9221.1162109375
565.8507827609574,9286.3525390625
565.8712163686432,9323.708984375
565.8916498760955,9366.5244140625
565.9120835833091,9350.1298828125
565.9325171900637,9332.5927734375
565.9529506968174,9407.138671875
565.9733844030998,9444.8486328125
565.993817909155,9486.89453125
566.0142515149782,9472.04296875
566.0346852205621,9467.978515625
566.0551188259196,9505.0029296875
566.0755523308108,9519.828125
566.0959860356961,9446.6318359375
566.1164196401223,9451.326171875
566.136853144315,9485.349609375
566.157286848269,9499.2509765625
566.1777204519967,9455.556640625
566.1981541552595,9405.5732421875
566.2185876585136,9348.8115234375
566.23902126131,9391.3662109375
566.2594549638743,9370.4990234375
566.279888466197,9323.2646484375
566.3003220682949,9255.8994140625
566.3207557701608,9267.7978515625
566.3411892715521,9291.2177734375
566.3616228729516,9306.470703125
566.3820565738861,9235.5126953125
566.402490074579,9139.4169921875
566.4229236750471,9085.7763671875
566.4433573752758,9139.638671875
566.4637908752775,9183.1357421875
566.4842244748143,9142.0068359375
566.5250917734156,8989.716796875
567.4037363812167,8159.57421875
567.424169968639,8195.1220703125
567.444603555603,8113.48046875
567.465037142334,8079.56982421875
567.485470728825,8119.904296875
567.5059043150904,9121.4111328125
567.526337901123,9190.7919921875
567.5467715866835,9833.552734375
567.5672050722496,9786.525390625
567.5876386573509,11275.6884765625
567.6080723422128,11962.8994140625
567.6285058268477,11447.763671875
567.6489395112512,11191.9921875
567.6693730951811,11636.060546875
567.6898065791174,13090.625
567.7102402625897,12919.337890625
567.730673845821,12259.9658203125
567.751107328826,11909.734375
567.7715410115998,13378.3681640625
567.7919745941326,14829.46875
567.8124080762063,13381.662109375
567.8328417582816,12689.6044921875
567.8532753398831,12579.841796875
567.8737089212591,14667.0927734375
567.8941425024022,14921.3515625
567.9145760833053,13444.9853515625
567.93500966375,12851.9580078125
567.9554432441946,13778.1259765625
567.9758768241663,15990.4140625
567.9963105039133,14798.3720703125
568.0167439834258,13535.46484375
568.0371775626991,13177.412109375
568.0576112417475,15234.1455078125
568.0780447205616,16462.751953125
568.0984782989035,14548.568359375
568.1189119770206,13634.294921875
568.1393454549034,14044.87890625
568.1597790325468,16774.369140625
568.1802127099654,15862.66796875
568.2006461871497,14278.255859375
568.2210797638618,13724.6181640625
568.2415134403491,15470.88671875
568.2619469168349,17245.208984375
568.2823804928485,14988.279296875
568.3028141684044,14039.859375
568.3232476439589,14178.498046875
568.3436813192748,16979.890625
568.3641148941315,16384.80078125
568.3845484687481,14561.9287109375
568.4049820431392,13898.7509765625
568.4254156172974,15280.07421875
568.4458491912228,17545.478515625
568.4662827649081,15408.5693359375
568.486716338135,14388.2978515625
568.5071499113546,14228.876953125
568.5275835841167,16880.1484375
568.5480170566443,16679.873046875
568.5684506289326,14998.9580078125
568.5888843007633,14286.791015625
568.6093177725925,15209.7177734375
568.6297513439495,17645.20703125
568.6501850153145,15660.24609375
568.6706184862123,14705.8349609375
568.6910521568716,14400.71875
568.7114856270709,16722.49609375
568.731919197271,16847.30859375
568.7523528672318,15123.2724609375
568.7727863367327,14413.6455078125
568.7932199060015,15321.091796875
568.8136535750309,17554.943359375
568.8340870438333,15678.10546875
568.8545206124036,14814.9111328125
568.8749542805017,14703.8173828125
568.8953878486063,16713.240234375
568.9158213162445,16725.662109375
568.9362549836442,15188.7294921875
568.9566885508175,14696.8388671875
568.9771220177572,15383.42578125
568.9975556842255,17486.740234375
569.0179892507003,15824.181640625
569.0384229167103,14958.294921875
569.0588563824786,14702.1611328125
569.0792899482549,16686.515625
569.0997236133262,16897.462890625
569.1201570784033,15379.7763671875
569.1405906432483,14746.6162109375
569.1610243076284,15439.0546875
569.1814577717669,17596.388671875
569.2018913356806,15877.58984375
569.2223249993549,15146.8623046875
569.2427584628022,14847.94140625
569.2631920260174,16719.751953125
569.2836256887676,16888.09375
569.3040591515091,15404.66796875
569.324492713793,14865.89453125
569.3449263758375,15252.0439453125
569.3653599376557,17308.03515625
569.3857934992411,15806.091796875
569.4062270603608,15020.1953125
569.4266605214725,14729.767578125
569.4470941821273,16207.171875
569.4879612027289,15240.1630859375
569.5083948626852,14783.470703125
569.5288284221751,15199.3984375
569.549261881657,17163.8203125
569.569695540682,15514.0859375
569.5901290994661,14925.4951171875
569.610562558024,14652.7021484375
569.6309962163505,16190.5107421875
569.6514297744434,16550.40234375
569.6718632320626,15344.3828125
569.6922968896906,14846.0830078125
569.712730446845,15089.685546875
569.7331641037745,17016.142578125
569.7535975604696,15525.8203125
569.7740311169327,15014.982421875
569.7944647731565,14674.861328125
569.8148982289204,16410.2265625
569.8353317846777,16507.48828125
569.8557654399774,15199.82421875
569.8761989950435,14758.5927734375
569.896632449876,15019.8271484375
569.9170661042372,16693.98828125
569.9374996586048,15318.2900390625
569.9579331124987,14659.5986328125
569.9783667664015,14343.154296875
569.9988003198378,15746.7900390625
570.0192337730405,15841.2646484375
570.0396674260046,14841.20703125
570.0601009785096,14425.849609375
570.0805345310073,14630.1865234375
570.1009680830466,16588.88671875
570.1214015348523,15021.884765625
570.1418351864195,14579.376953125
570.1622687377603,14284.3447265625
570.1827021888676,15719.3603515625
570.2031358395034,15690.01171875
570.2235693901457,14612.50390625
570.2440028403216,14241.3193359375
570.264436490259,14359.1630859375
570.28487003997,16229.48046875
570.3053035894482,15051.5595703125
570.3257371386862,14439.6875
570.3461706874659,14098.27734375
570.3666042362456,15849.787109375
570.3870377845524,15797.474609375
570.4074713326336,14857.251953125
570.4279049804827,14388.9794921875
570.448338528091,14522.1923828125
570.4687719752401,16192.59765625
570.4892056223907,14863.7333984375
570.5096391690677,14393.3896484375
570.5300726155183,14106.8603515625
570.5505062617376,15788.673828125
570.5709398077161,15542.7607421875
570.5913732532354,14613.12890625
570.6118068987562,14130.9970703125
570.6322404438033,14280.2255859375
570.652673888857,15882.736328125
570.6731075334465,14650.833984375
570.6935410775623,14196.7529296875
570.7139746216853,13768.1533203125
570.7344081655756,15237.3935546875
570.7548417089929,14965.892578125
570.7752752524175,14229.3720703125
570.7957087953764,13877.4638671875
570.8161423380952,13955.6826171875
570.8365758803557,15379.4658203125
570.8570094226161,14210.546875
570.8774429646364,13935.669921875
570.8978765061984,13566.0166015625
570.9183100475202,15138.3212890625
570.9387435886165,14702.4306640625
570.9591772294807,14043.5693359375
570.9796106701106,13676.0234375
571.0000442105011,14089.0712890625
571.020477850434,15368.2626953125
571.0409112901252,14296.880859375
571.0613448295917,13947.1513671875
571.0817784688261,13541.849609375
571.1022119078261,15026.5966796875
571.1226455465876,14618.267578125
571.1430790851227,13954.1572265625
571.1635125231842,13623.556640625
571.1839461610216,14112.306640625
571.2043796986254,15086.9580078125
571.2248131359956,14051.998046875
571.2452467731273,13765.7119140625
571.2656803100326,13350.892578125
571.286113846465,14741.173828125
571.3065473826719,14194.3583984375
571.3269809186459,13717.587890625
571.3474144543798,13339.5830078125
571.3678480898889,13852.37890625
571.3882815251636,14578.81640625
571.408715060199,13582.6669921875
571.4291486947768,13281.3154296875
571.4495821291202,13012.12890625
571.4700157632251,14475.759765625
571.4904491971029,13934.9501953125
571.5108827307486,13482.70703125
571.5313163641549,13081.3544921875
571.5517497971014,13850.498046875
571.5721833298157,14539.0205078125
571.5926169625236,13530.568359375
571.6130503947716,13206.9990234375
571.6334839265546,12888.1416015625
571.6539175583312,14368.3291015625
571.6743509898806,13638.6220703125
571.6947845209652,13189.142578125
571.7152181518104,12921.0439453125
571.7356515824285,13353.267578125
571.7560851128146,13974.392578125
571.7765187429613,13089.9501953125
571.7969522728818,13013.458984375
571.8173857023357,12662.197265625
571.837819331784,14174.6318359375
571.8582528607731,13423.3603515625
571.8786863895293,12931.783203125
571.8991199180455,12609.203125
571.9195534461032,13220.44921875
571.9399870741618,13714.8955078125
571.9604205017458,12978.2001953125
571.9808540293379,12728.7373046875
572.0012876564579,12533.4248046875
572.0217210833507,14041.4873046875
572.0421546100115,13150.904296875
572.0625882362074,12715.0634765625
572.0830216623945,12424.3466796875
572.1034551881239,13259.185546875
572.1238887136205,13652.056640625
572.1443222388771,12803.05859375
572.164755763908,12514.2626953125
572.1851892887062,12375.236328125
572.2056228132642,13554.17578125
572.2260564373646,12834.796875
572.2464898612307,12531.2412109375
572.2669233848574,12087.591796875
572.2873570082593,12819.8984375
572.3077905314276,13096.14453125
572.328223954355,12401.2861328125
572.3486575768256,12275.150390625
572.3690910992882,12124.2666015625
572.3895245212916,13390.7255859375
572.4099581430637,12624.26953125
572.4303916646022,12383.1728515625
572.4712587067406,12962.6376953125
572.4916922275734,13089.0791015625
572.512125647947,12288.6474609375
572.5325592680892,12024.4755859375
572.5529927879979,12010.171875
572.5734264076673,13490.150390625
572.5938598271096,12447.416015625
572.6142933460796,12178.2587890625
572.6347269650578,11785.90234375
572.6551603835687,12702.0732421875
572.6755939018476,12823.2236328125
572.6960275198871,12162.3505859375
572.7164609376996,11848.123046875
572.7368944552727,11975.0322265625
572.7573280723882,13088.8828125
572.7777615892701,12219.6650390625
572.7981950061512,11982.396484375
572.8186286225609,11573.181640625
572.8390621385115,12633.5107421875
572.859495554454,12569.76953125
572.8799291701725,11903.322265625
572.9003625854239,11638.6416015625
572.9207962004366,11867.654296875
572.9412297154558,12806.49609375
572.9616631300087,11970.18359375
572.9820967440901,11786.9619140625
573.002530258178,11489.1513671875
573.0229636720323,12549.23828125
573.0433972854153,12323.970703125
573.0638307985719,11803.48828125
573.0842642114949,11530.10546875
573.1046978241793,11778.373046875
573.1251313366374,12643.7880859375
573.1455648486299,11866.775390625
573.165998360615,11700.8515625
573.1864318721418,11237.71875
573.2068653834358,12566.794921875
573.2272988944896,12181.1357421875
573.247732405318,11726.9423828125
573.2681660159142,11383.6767578125
573.2885995260367,11593.0224609375
573.3090329361657,12299.7841796875
573.3294665458307,11685.0673828125
573.3499000552547,11562.771484375
573.3703334644524,11286.0185546875
573.3907670734188,12542.8359375
573.4112005821444,11948.5810546875
573.4316339904108,11585.115234375
573.4520675984386,11215.0322265625
573.4725011064729,11887.955078125
573.4929345140408,12416.1259765625
573.5133681211446,11512.7119140625
573.5338015282396,11406.6845703125
573.5542350351097,11223.4462890625
573.5746686415077,12509.6474609375
573.5951021479123,11844.7939453125
573.6155356538511,11409.8125
573.6359691595571,11030.6806640625
573.6564026647902,11774.7265625
573.6768361700306,12230.6494140625
573.6972696750308,11427.056640625
573.7177031795727,11261.173828125
573.7381366838817,11213.1748046875
573.758570187958,12444.0185546875
573.7790036917941,11705.2646484375
573.7994372954054,11386.3447265625
573.819870698775,10998.0224609375
573.8403042016871,11837.8896484375
573.8607378043671,12162.4501953125
573.8811712070456,11360.8994140625
573.9016047092518,11133.5869140625
573.9220383112333,10986.8115234375
573.9424717127404,11995.6962890625
573.9629053142562,11312.01171875
573.9833388153056,11111.9638671875
574.0037722161214,10764.0693359375
574.0242058169315,11633.158203125
574.0446393172824,11726.3291015625
574.0650727171596,11107.1591796875
574.0855063170457,10979.849609375
574.1059398166981,11038.0419921875
574.1263733158776,12148.8427734375
574.1468068148315,11246.8720703125
574.1672403135526,11068.384765625
574.1876738120336,10731.0478515625
574.208107310289,11559.919921875
574.2285408080788,11594.08203125
574.2489743058613,11053.57421875
574.2694078031855,10785.001953125
574.2898413002767,11013.302734375
574.3102747971279,11953.9384765625
574.3307082937536,11060.6923828125
574.3511417901464,10899.8291015625
574.3715753862998,10585.5146484375
574.3920087819934,11589.9130859375
574.4124422774548,11431.923828125
574.432875872677,10913.759765625
574.453309267672,10635.2880859375
574.473742762435,10849.8876953125
574.4941763569586,11535.4130859375
574.5146097510224,10861.271484375
574.5350432450869,10729.4453125
574.5554768386792,10443.951171875
574.5759102320444,11393.1845703125
574.5963437251776,11053.306640625
574.6167773180714,10770.451171875
574.6372108105061,10515.9365234375
574.6576443029408,10850.84765625
574.6780777949025,11456.28125
574.6985112866387,10740.9853515625
574.718944778142,10612.623046875
574.7393782694053,10255.78515625
574.759811760443,11165.890625
574.7802452512478,10825.7451171875
574.8006787415798,10664.6015625
574.8211122316861,10358.8251953125
574.8415458215604,10761.189453125
574.8619792111931,11239.8134765625
574.882412700601,10543.296875
574.902846189776,10385.6474609375
574.9232796784781,10220.9873046875
574.9437131671875,11118.7890625
574.9641466554313,10566.51171875
574.9845801434349,10463.603515625
575.0050137312137,10080.5888671875
575.0254471187582,10627.6806640625
575.0458806058305,10928.224609375
575.0663141929108,10339.994140625
575.086747579524,10125.7578125
575.1071810658977,9947.685546875
575.1276146520468,10776.412109375
575.1480480379614,10397.025390625
575.1684815236367,10299.3740234375
575.1889151090872,9908.4658203125
575.2093485940713,10551.015625
575.2297819788146,10641.2265625
575.2502155635666,10202.83203125
575.2706490478449,9981.66015625
575.2910824316641,9930.33203125
575.3115160154848,10739.599609375
575.3319494990719,10227.5234375
575.3523830821869,10105.482421875
575.3728164650747,9666.345703125
575.3932499477232,10348.0849609375
575.413683530147,10350.03125
575.4545503942936,9745.3271484375
575.4749839757787,9828.2548828125
575.4954173572696,10532.6201171875
575.5158508382883,9995.142578125
575.5362844190822,9909.46484375
575.5567177996418,9623.4755859375
575.577151279962,10363.3369140625
575.5975847598238,10152.8134765625
575.6180182396856,9889.3515625
575.6384517190745,9709.6982421875
575.6588851982378,9927.8212890625
575.6793186774012,10415.4189453125
575.6997522558595,9872.671875
575.7201857343243,9779.6240234375
575.7406191125556,9511.0146484375
575.7610526903154,10167.6201171875
575.7814861678489,9998.708984375
575.8019195453817,9807.5478515625
575.822353122443,9532.1640625
575.842786599278,9855.8046875
575.8632199756466,10340.005859375
575.8836535520095,9817.6796875
575.9040870279132,9686.1513671875
575.9245204035833,9398.9111328125
575.9449539792477,10146.595703125
575.9653874544529,9840.6669921875
575.9858208291917,9691.1865234375
576.0062544039247,9426.0693359375
576.0266878784314,9743.1015625
576.0471213524725,10066.9814453125
576.0675548262734,9559.29296875
576.0879882998488,9477.4609375
576.1084218731849,9285.3291015625
576.1288553462946,9998.7236328125
576.1492887191707,9645.0615234375
576.1697222915827,9599.1630859375
576.1901557639867,9290.4365234375
576.2105891359315,9725.724609375
576.2310227076377,9843.2744140625
576.2514561791177,9478.693359375
576.271889550364,9362.78125
576.2923231211462,9255.109375
576.3127564919196,9995.201171875
576.3331899622353,9492.3271484375
576.3536235323118,9398.1982421875
576.3740569021611,9073.51171875
576.3944903717784,9467.171875
576.4149239411636,9600.0556640625
576.4353573100743,9371.1728515625
576.4557908789939,9235.5341796875
576.4762243474397,9094.0029296875
576.4966577156592,9674.017578125
576.5170912836475,9319.8955078125
576.5375247514021,9267.5322265625
576.5579582189166,8918.560546875
576.5783916862056,9361.0771484375
576.5988251530216,9384.7490234375
576.6192586196121,9130.0234375
576.6396920859697,8920.5810546875
576.6601255520945,8921.763671875
576.6805590179792,9471.228515625
576.7009925836392,9159.9462890625
576.7214259490574,9083.2216796875
576.7418594140181,8780.4287109375
576.7622929787467,9343.5771484375
576.7827263432409,9281.59765625
576.8031599074966,9090.583984375
576.8235933715259,8852.361328125
576.8440267353144,8875.85546875
576.864460298646,9403.439453125
576.8848937619769,8974.6748046875
576.9053271248413,8928.0869140625
576.9257606874671,8599.8720703125
576.9461941498666,9079.443359375
576.9666276120261,9044.794921875
576.9870610739599,8970.275390625
577.0074945354281,8728.20703125
577.0279279966562,8816.4951171875
577.0483614578916,9139.2666015625
577.0687949186613,8816.9912109375
577.0892282791901,8777.34375
577.1096618392621,8450.087890625
577.1300952993333,8997.2705078125
577.1505287591644,8855.6923828125
577.1709622185372,8760.9873046875
577.1913956776771,8468.7880859375
577.2118292365776,8616.8994140625
577.2322625952511,9070.57421875
577.2526960536925,8707.421875
577.2731296118945,8623.2548828125
577.2935629696367,8376.078125
577.3139964271468,8868.1435546875
577.3344299846503,8694.52734375
577.354863341694,8654.4130859375
577.3752967985056,8395.0478515625
577.395730354845,8542.8310546875
577.4161637111902,8838.830078125
577.4365971673033,8598.9619140625
577.4570307229442,8472.6884765625
577.477464078358,8284.7177734375
577.4978976335406,8801.611328125
577.5183310884822,8623.2998046875
577.5387645431983,8575.16796875
577.5591979974488,8297.5703125
577.579631451692,8593.1455078125
577.6000649054768,8828.6708984375
577.6204983590287,8557.2255859375
577.6409318123406,8400.861328125
577.6613652654269,8230.73046875
577.6817987182803,8711.603515625
577.7022321708937,8446.962890625
577.7226655230479,8427.5205078125
577.7430990749708,8164.34375
577.7635325268857,8410.677734375
577.7839658783414,8612.271484375
577.8043994295658,8372.6572265625
577.8248328803165,8228.22265625
577.8452664310753,8091.64404296875
577.8656997813669,8555.3564453125
577.8861332316519,8318.6845703125
577.9065667814793,8236.6943359375
577.9270001310651,7993.837890625
577.9474335804262,8224.9287109375
577.9678671295551,8437.5703125
577.9883004782168,8202.13671875
578.0087339268721,8082.62841796875
578.0291674750697,7973.51611328125
578.0496009230264,8396.671875
578.0700342707569,8195.490234375
578.0904678163934,8115.68359375
578.1109012636516,7856.734375
578.1313346104507,8198.021484375
578.1517681572514,8346.3642578125
578.1722016035783,8119.77001953125
578.1926351496804,7965.828125
578.2130684955482,7867.80224609375
578.2335019411767,8309.5625
578.2539354865803,7985.07861328125
578.2743688317496,7901.865234375
578.2948022764467,7686.478515625
578.3152358211519,7969.1376953125
578.3356691653898,8044.54541015625
578.3561026093885,7890.1708984375
578.3765360531615,7728.24169921875
578.396969496469,7665.08251953125
578.4378363828437,7815.35107421875
578.4582698254526,7767.85302734375
578.4787032678214,7498.591796875
578.4991367099647,7754.67822265625
578.5195701518751,7818.10498046875
578.5400036935462,7758.46533203125
578.5604371347581,7588.8095703125
578.5808704759693,7551.73095703125
578.601304016709,7853.60888671875
578.6217374572225,7641.23779296875
578.6421707975023,7651.0927734375
578.6626043375436,7371.6611328125
578.6830377773585,7659.5126953125
578.7034711169399,7723.46875
578.7239046560499,7632.90966796875
578.7443380951663,7464.71484375
578.7647714338163,7429.02099609375
578.7852049722278,7765.42626953125
578.8056384104129,7517.115234375
578.8260717483645,7506.7255859375
578.8465052858446,7296.73193359375
578.8669387233313,7592.2998046875
578.8873722603457,7572.59521484375
578.9078055971331,7555.24560546875
578.9282390336884,7341.7373046875
578.9486725700117,7307.2734375
578.9691059060933,7544.212890625
578.9895393419501,7339.69287109375
579.0099728773348,7397.8505859375
579.030406312726,7143.26123046875
579.0508396476507,7375.990234375
579.0712731823442,7322.759765625
579.091706516796,7302.978515625
579.112139951023,7120.26123046875
579.1325734850107,7109.3681640625
579.1530068185384,7344.5859375
579.1734402518341,7181.3681640625
579.1938737851306,7205.68359375
579.2143071179526,6963.56005859375
579.2347406505505,7231.25
579.2551740829076,7108.1953125
579.2756074148056,7128.4658203125
579.296040946705,6987.22314453125
579.3164743781381,6957.82958984375
579.3369077095631,7150.0068359375
579.3573412405312,6989.416015625
579.3777746712585,7036.36865234375
579.3982081017602,6822.70263671875
579.4186415317963,7003.6572265625
579.4390749618324,6886.08203125
579.4595083913955,6960.3564453125
579.4799418209659,6794.30322265625
579.5003752500634,6730.66748046875
579.5208086789353,6858.0693359375
579.5412421075744,6750.70654296875
579.5616755359806,6801.28759765625
579.5821089639139,6566.2109375
579.6025424918553,6751.56787109375
579.6229758193222,6574.98193359375
579.643409346565,6617.6396484375
579.6638427735743,6466.79541015625
579.68427610035,6442.04248046875
579.704709626887,6469.85498046875
579.7251430531978,6338.47216796875
579.7455763790349,6411.5087890625
579.7660099048808,6194.962890625
579.7864432302595,6359.03173828125
579.8068766554061,6197.06787109375
579.8273101803134,6235.70068359375
579.8477435049936,6069.6162109375
579.8681769292016,6093.8720703125
579.8886104534176,6168.544921875
579.9090437771665,6069.95556640625
579.9294772009162,5988.23974609375
579.9499107241936,5838.74267578125
579.9703441472448,5964.1474609375
579.9907775700558,5828.74609375
580.0112109924085,5799.0771484375
580.0316444147611,5673.01416015625
580.0520779366416,5667.27880859375
580.0725112585278,5673.01806640625
580.0929446799491,5535.0380859375
580.1133782011311,5510.19140625
580.133811522086,5372.78271484375
580.1542449428089,5407.9677734375
580.1746784630595,5194.02880859375
580.195111783316,5153.44189453125
580.2155452031075,5012.9111328125
580.2359787226596,5040.306640625
580.2564120419847,4874.9248046875
580.2768454610778,4687.697265625
580.2972789799314,4658.33544921875
580.317712298558,4534.537109375
580.3381458167132,4580.7734375
580.3585792348749,4274.0302734375
580.3790125525702,4340.591796875
580.3994460700342,4206.9951171875
580.4198794872573,4211.83837890625
580.4403129042548,3990.98681640625
580.4607463210123,3907.278564453125
580.4811797373113,3926.9951171875
580.5016130536096,3853.14111328125
580.5220465694438,3813.38134765625
580.5424799850371,3546.15576171875
580.562913300404,3604.301025390625
580.5833468155324,3515.23095703125
580.6037802304345,3554.66015625
580.6242135448701,3326.664794921875
580.6446470593073,3268.55322265625
580.6650804732708,3271.751953125
580.6855139870095,3209.8427734375
580.7059473007394,3192.085205078125
580.7263807137788,2903.63916015625
580.746814226819,3008.759765625
580.7672475396248,2934.361572265625
580.7876809521913,2935.712890625
580.8081144643002,2646.6630859375
580.8285477761674,2621.671875
580.8489811878098,2640.435546875
580.8694146992202,2635.0185546875
580.8898481103897,2522.121337890625
580.9102814213329,2292.91015625
580.9307149320448,2405.76904296875
580.951148342283,2413.994384765625
580.9715816522948,2408.26953125
580.9920151623082,2095.206787109375
581.0124485718479,2111.92626953125
581.0328820811628,2166.298828125
581.0533153900105,2159.922607421875
581.0737487988517,2028.64501953125
581.0941823074681,1815.9771728515625
581.1146156156174,1914.712158203125
581.1350490235272,1923.572021484375
581.1554824312116,1901.5859375
581.1759158386631,1616.35546875
581.1963491458737,1647.6319580078125
581.2167826528603,1696.7677001953125
581.2372160593804,1700.7537841796875
581.2576493658999,1526.293212890625
581.2780828719478,1402.7415771484375
581.2985162777695,1486.621826171875
581.3189496835839,1484.4327392578125
581.3393830887071,1469.087158203125
581.3598164938303,1211.8863525390625
581.3802499987141,1272.9920654296875
581.4211167075628,1323.1875
581.4415502115153,1174.201904296875
581.4619836152415,1044.4373779296875
581.4824169187341,1149.99462890625
581.5028504219881,1157.37548828125
581.5232838250158,1134.744140625
581.5437171275771,906.5449829101562
581.5641506301326,958.3189697265624
581.584584032229,1033.0062255859375
581.6050173340918,1009.6222534179688
581.625450835716,859.7755126953125
581.6458842371139,808.7198486328125
581.6663175382782,879.87353515625
581.686751039204,898.5610961914062
581.7071844396705,886.3167724609375
581.7276179401379,701.4888305664062
581.7480512401307,733.4046630859375
581.7684846398988,829.3731079101562
581.7889181394276,812.0682373046875
581.8093514387292,685.2406616210938
581.8297848377988,689.5386352539062
581.8502182364027,773.3163452148438
581.8706516349994,802.393310546875
581.8910850331376,748.9884033203125
581.9115184310431,611.468994140625
581.9319518289412,719.710693359375
581.9523852261482,767.8748168945312
581.9728187233559,752.2679443359375
581.993252020322,632.3156127929688
582.0136854170632,615.9297485351562
582.0341189133323,731.8816528320312
582.0545522093744,733.1307983398438
582.0749857054179,680.829345703125
582.0954191009951,594.13427734375
582.1158523960985,644.7881469726562
582.1362858912107,785.767822265625
582.1567192860821,716.8323974609375
582.1771525804943,553.1145629882812
582.197586074908,594.8038940429688
582.2180194688553,679.4359130859375
582.2384527625618,740.5198364257812
582.2588862560442,654.5762329101562
582.2793196492858,524.21044921875
582.2997530423017,612.56982421875
582.3201864348521,749.8095092773438
582.3406198274024,645.0681762695312
582.3610532194798,523.4671630859375
582.3814866113316,574.4410400390625
582.4019200031762,680.8997192382812
582.4223534945631,658.6116943359375
582.4427868854837,571.6760864257812
582.4632201763961,508.9342041015625
582.4836536670846,609.1256103515625
582.5040870573066,691.1530151367188
582.5245203472878,601.602294921875
582.5449538372777,488.600341796875
582.5653871268005,532.7086791992188
582.5858205160839,680.6102294921875
582.6062540049097,639.701171875
582.626687293734,492.9267272949219
582.6471206823189,523.5624389648438
582.6675541704462,620.0841674804688
582.6879874583392,665.2713623046875
582.7084208462256,609.1442260742188
582.7288543336545,474.8316040039063
582.7492876206161,578.7454833984375
582.7697210075712,677.9660034179688
582.7901544943015,597.988525390625
582.8105878805654,498.7507934570313
582.8310212668221,515.3715209960938
582.8514546526203,613.3732299804688
582.8718880381857,614.2340087890625
582.892321423511,522.3019409179688
582.9127548086108,465.8256530761719
582.9331881934777,571.6538696289062
582.9536216778724,644.007080078125
582.9740549622729,603.4692993164062
582.9944883462085,515.1509399414062
583.0149218301376,522.401123046875
583.0353551136068,645.8977661132812
583.0557884968439,583.0911254882812
583.0762219796088,529.8764038085938
583.0966552623795,487.8484802246094
583.1170886449181,604.1985473632812
583.1375221269845,628.5803833007812
583.1579554090567,572.9559936523438
583.1783888906648,491.9708862304688
583.198822272032,567.4381103515625
583.2192555531728,641.5082397460938
583.2396890340751,600.157958984375
583.2601223147503,524.71142578125
583.2805556949606,513.1917724609375
583.3009891751717,587.205322265625
583.3214225549091,559.0692138671875
583.3418558344201,582.4449462890625
583.3622893136926,531.2637939453125
583.3827226927388,562.3308715820312
583.4031559715513,678.469970703125
583.4235894501326,592.1810913085938
583.4440228282401,479.9938049316406
583.4644561063542,486.1782836914063
583.4848895839968,598.3561401367188
583.5053229614132,594.3843994140625
583.5257564385975,541.3795166015625
583.5461897155474,452.0211181640625
583.5666230922579,561.8067016601562
583.5870565687437,619.6651611328125
583.6074898449879,552.3596801757812
583.6279232207744,445.16900634765625
583.6483566963288,511.6636962890625
583.6687899718818,621.4353637695312
583.6892233469625,634.0128784179688
583.7096568218185,525.9234008789062
583.7300900964328,432.5729064941406
583.7505234705895,546.5869140625
583.770956944747,638.0637817382812
583.7913903184308,579.5116577148438
583.8118235921211,475.1681213378906
583.8322570653472,499.9888305664063
583.8526904383325,596.4292602539062
583.8731238110922,596.2044677734375
583.8935571836191,485.9403381347656
583.9139905556731,441.0825500488281
583.9344239277343,544.8675537109375
583.9548572995627,615.7003173828125
583.9752905709174,544.3176879882812
583.9957240420481,451.222412109375
584.0161574129452,482.1942443847656
584.0365906836087,586.5992431640625
584.0570241540336,554.398681640625
584.0774575242322,461.3439331054688
584.097890793957,450.0513000488281
584.1183242636907,577.9829711914062
584.138757632958,609.1837768554688
584.159191002218,544.3314819335938
584.1796243710196,481.3453979492188
584.2000577395884,525.1887817382812
584.2204912079178,652.8681640625
584.2409244757873,615.3804931640625
584.2613578436576,480.7583923339844
584.2817913110557,488.359619140625
584.3022245784596,557.7747802734375
584.3226579453985,551.9713745117188
584.3430914120981,480.5768737792969
584.3635247785714,482.6075439453125
584.4043915108123,637.6401977539062
584.4248248765871,575.3145141601562
584.4452581418955,512.5099487304688
584.4656916071981,579.7394409179688
584.4861249720416,684.4033813476562
584.5065582366515,688.2398681640625
584.5269917010228,592.8005981445312
584.5474250651678,538.7527465820312
584.5678585290734,662.25390625
584.588291792752,748.4035034179688
584.6087251559657,694.7733764648438
584.6291585191793,634.35400390625
584.6495918819201,741.7684936523438
584.6700251444345,851.228271484375
584.6904586067176,841.3905029296875
584.7108919687598,816.9432983398438
584.7313253305765,803.149169921875
584.7517586921604,937.3750610351562
584.7721920532713,926.23388671875
584.7926254143895,908.2755737304688
584.8130588750355,915.3572998046876
584.8334921354544,1056.8958740234375
584.8539255958749,1186.731201171875
584.8743589558217,1211.362060546875
584.8947922153093,1171.71630859375
584.9152256747984,1236.08349609375
584.9356590340467,1351.7069091796875
584.9560922928358,1415.4818115234375
584.9765257516265,1491.219482421875
584.9969591099434,1663.1697998046875
585.017392368034,1969.4234619140625
585.0378258258934,2208.04052734375
585.0582591835118,2346.8369140625
585.078692440904,2546.017333984375
585.0991258980648,2796.698974609375
585.119559254752,3182.756103515625
585.1399925114456,3418.261962890625
585.1604259676751,3641.6015625
585.1808593236638,3913.19970703125
585.2012927794276,4337.97998046875
585.2217260349571,4630.35009765625
585.2421593902473,4752.42333984375
585.2625927453118,4847.49072265625
585.2830262001444,5031.43896484375
585.3034594545024,5225.69287109375
585.3238928088685,5269.42333984375
585.344326162769,5257.53564453125
585.3647595164293,5286.78173828125
585.3851929698649,5422.38818359375
585.4056262230661,5482.37890625
585.4260595760279,5428.99462890625
585.446493028765,5396.0458984375
585.4669262810348,5468.2373046875
585.4873596332982,5540.27978515625
585.5077930851039,5536.3505859375
585.5282263366753,5490.2294921875
585.5486597880081,5496.7490234375
585.5690931391146,5594.2314453125
585.5895263899874,5661.54931640625
585.6099598406217,5633.7158203125
585.6303931910297,5572.5732421875
585.650826540972,5591.60693359375
585.6712598909071,5692.7099609375
585.6916932403838,5673.4931640625
585.7121265896276,5599.611328125
585.7325599386313,5523.43310546875
585.7529932874095,5576.2822265625
585.7734266359548,5568.75146484375
585.7938600842608,5506.45361328125
585.8142933321069,5356.90283203125
585.8347266799537,5287.30419921875
585.8551601273284,5327.58203125
585.875593374476,5304.72900390625
585.896026821385,5212.4951171875
585.9164601680677,5101.90869140625
585.9368934145168,5086.06884765625
585.9573268607346,5059.26171875
585.9777602067115,4918.1474609375
585.9981934522293,4789.638671875
586.0186268977413,4714.18017578125
586.0390601427935,4745.98193359375
586.0594934876135,4694.2890625
586.0799269324343,4563.568359375
586.1003601767807,4402.3701171875
586.1207935206694,4391.1689453125
586.1412269645516,4382.8525390625
586.1616602082067,4291.6845703125
586.182093551397,4175.26025390625
586.202526994588,4059.185546875
586.2229603373053,4068.643310546875
586.243393679797,4029.802734375
586.2638270220486,3919.5546875
586.2842603640747,3743.968994140625
586.304693705868,3714.769287109375
586.3251270474284,3710.936279296875
586.3455603887487,3618.001708984375
586.3659938296114,3485.165771484375
586.3864270704653,3353.255859375
586.4068604108616,3335.1005859375
586.4272938510258,3344.942138671875
586.4477270909556,3251.040283203125
586.4681604306461,3036.274169921875
586.4885938701118,2986.1923828125
586.5090271093359,3012.6142578125
586.5294604481023,2988.3681640625
586.5498938868695,2855.403564453125
586.5703271251696,2711.457763671875
586.590760563231,2726.03955078125
586.611193901299,2695.40380859375
586.631627238894,2649.4521484375
586.6520605762635,2436.61865234375
586.6724938131665,2440.6669921875
586.6929272500638,2433.3818359375
586.7133605867348,2405.343994140625
586.7337939229401,2282.872314453125
586.7542271591374,2169.73046875
586.7746605948778,2179.297119140625
586.7950939303846,2160.203857421875
586.8155271656578,2135.97509765625
586.8359606006925,1970.4459228515625
586.8563939355008,1927.15966796875
586.8768271700683,1925.5977783203125
586.8972606041789,1930.7105712890625
586.9176939382887,1840.3448486328125
586.9381273719264,1682.28759765625
586.9585606055698,1691.7469482421875
586.9789939387483,1711.4044189453125
586.9994273716875,1671.6572265625
587.0198606043996,1489.713134765625
587.0402939368796,1490.2955322265625
587.0607273688875,1503.2943115234375
587.0811606009011,1491.5172119140625
587.1015939326826,1364.6513671875
587.122027363992,1297.297119140625
587.1424605950742,1302.3580322265625
587.1628939259244,1321.5108642578125
587.1833273567681,1263.1378173828125
587.2037606871527,1139.9566650390625
587.2241939170708,1127.7227783203125
587.2446273469832,1171.9443359375
587.2650606766692,1127.5491943359375
587.2854940058896,1033.1505126953125
587.3059273351028,962.4647827148438
587.3263606638575,990.2761840820312
587.3467940923729,1005.75390625
587.3876606487174,833.9797973632812
587.4080939765408,845.1644287109375
587.4285273041241,885.7813720703125
587.4489605314811,853.4564819335938
587.4693939583667,722.6314697265625
587.4898272852588,695.4351806640625
587.5102605116845,719.5834350585938
587.5306939378788,763.3604736328125
587.5511272640651,699.1240234375
587.5715605897931,613.8132934570312
587.5919939152809,594.5704345703125
587.6124272403104,642.2963256835938
587.6328606653406,673.5716552734375
587.6532938901364,554.4029541015625
587.6737272144601,557.2662963867188
587.6941606387918,583.64208984375
587.7145939626498,641.0385131835938
587.7350271862815,622.5191040039062
587.7554606096819,557.8728637695312
587.7758939328414,539.254638671875
587.7963271557746,584.5526123046875
587.8167605784765,572.3703002929688
587.8371939007047,506.2630615234375
587.8576271229394,502.9574279785156
587.87806054471,549.0488891601562
587.8984938664726,573.6635131835938
587.918927087776,532.4154663085938
587.939360508848,459.7007751464844
587.9597938296793,509.6821594238281
587.9802272502857,538.6156616210938
588.0006604706577,540.4977416992188
588.0210937907905,489.8173522949219
588.0415271104648,492.81097412109375
588.0619604301392,522.3892211914062
588.0823937493406,572.8975219726562
588.1028270683164,533.5899047851562
588.1232603872922,479.159423828125
588.1436937057952,489.8443603515625
588.1641270240725,581.107421875
588.184560342117,545.978759765625
588.2049936596886,496.0808410644531
588.2254269772675,506.2044372558594
588.2458602946135,558.2388916015625
588.2662936114866,539.7423706054688
588.2867270281349,491.7455139160156
588.3071602447817,445.1194763183594
588.3275936609571,496.0822448730469
588.3480269769061,601.066162109375
588.3684601926216,522.4451904296875
588.3888936080984,497.55224609375
588.4093269231162,510.49456787109375
588.4297601381331,523.4368896484375
588.4501935529115,536.3792114257812
588.4706268672307,499.9073791503906
588.4910600813164,450.9337768554688
588.5114934953963,505.68646240234375
588.531926809017,534.617431640625
588.5523601224049,515.3699340820312
588.5727934355527,464.3111877441406
588.593226748475,452.5111999511719
588.6136600609316,475.1139221191406
588.6340933733809,527.921875
588.6545266853718,459.8264465332031
588.6749600973562,430.18853759765625
588.6953934088815,478.7753601074219
588.7158266201732,514.9964599609375
588.7362600314664,503.7327575683594
588.7566933422859,456.3526611328125
588.7771265526462,442.2446594238281
588.7975599630008,488.8993835449219
588.8179931731283,510.2052001953125
588.8384264830238,487.0216674804688
588.8588598924543,441.8919677734375
588.8792931018761,466.8120422363281
588.8997264108402,494.73876953125
588.920159819565,476.1394958496094
588.9405930280627,440.2213745117188
588.9610263363284,430.5720825195313
588.9814597443619,467.8328857421875
589.0018929521539,501.2789001464844
589.0223263597218,485.7564392089844
589.042759666816,449.4059143066406
589.0631928739167,484.8459777832031
589.0836262805533,507.1399536132813
589.1040595871891,458.7734375
589.124492893352,409.2936401367188
589.1449261992893,424.9556579589844
589.1653595049866,463.7063903808594
589.1857928104582,466.7602844238281
589.2062262156978,406.8898620605469
589.2266594204702,399.3045959472656
589.2470927252361,439.47308349609375
589.2675261297773,477.6206359863281
589.2879593338439,472.626220703125
589.3083927376865,427.6235961914063
589.3288260415284,466.8527526855469
589.3492592449038,501.8904724121094
589.3696926480407,498.6285095214844
589.3901259509512,467.7424621582031
589.4105591536209,434.2135009765625
589.4309925558337,465.1247253417969
589.4514257580449,510.8621215820313
589.4718590600169,434.166259765625
589.4922924615312,423.82275390625
589.512725663044,492.44134521484375
589.5331589640846,550.7409057617188
589.5535923649004,502.044677734375
589.5740256654826,415.4239196777344
589.594458865824,440.2831115722656
589.6148922659413,488.5726623535156
589.635325565825,498.2447814941406
589.6557588652358,441.2300415039063
589.6761921646539,415.2437438964844
589.6966254638392,440.5984802246094
589.7170588625522,471.3413696289063
589.7374920610382,422.3827819824219
589.7579253592921,406.98736572265625
589.7783587575395,437.9182434082031
589.798791955327,482.2538146972656
589.8192252528825,465.8631896972656
589.8396586499657,466.5699768066406
589.8600918470547,428.4142150878906
589.8805251439117,491.01171875
589.9009585402964,511.7154541015625
589.9213917366869,478.534912109375
589.9418250326125,513.0125122070312
589.9622584285316,516.6439819335938
589.9826916239908,555.9156494140625
590.0031250192114,536.2072143554688
590.0235583142057,517.2969360351562
590.0439916089672,532.8212280273438
590.064424903263,563.4100952148438
590.0848581975515,577.4684448242188
590.1052914916145,562.7903442382812
590.1257247852045,585.9232788085938
590.1461580788018,661.8781127929688
590.1665913719335,661.9335327148438
590.1870246648323,657.562744140625
590.2074579577238,643.56884765625
590.2278911501562,668.4033813476562
590.24832454235,724.684326171875
590.2687578340847,740.307861328125
590.2891910258186,764.3367919921875
590.3096244173212,751.4859619140625
590.3300577085829,823.6329956054688
590.3709242901823,876.6080932617188
590.39135758052,878.3433837890625
590.4117909706256,865.3139038085938
590.4322241604968,919.911865234375
590.4526574501288,924.7462158203124
590.4730908395359,947.202880859375
590.4935240287014,960.3032836914062
590.513957317642,941.584228515625
590.5343907063507,972.8120727539062
590.5548239945856,997.9624633789062
590.575257182827,995.3342895507812
590.5956905706043,986.7167358398438
590.6161238583736,1024.0142822265625
590.6365570456837,1061.18359375
590.6569904327625,1057.00244140625
590.6774237196005,1043.517578125
590.6978570062129,1130.4825439453125
590.7182902925924,1117.4154052734375
590.7387235787319,1174.257080078125
590.7591569644137,1157.6484375
590.779590150094,1169.2080078125
590.800023435535,1215.356689453125
590.8204567205175,1285.201171875
590.8408900052673,1312.56640625
590.861323190009,1288.4573974609375
590.8817565742938,1354.370361328125
590.9021898583451,1483.112060546875
590.9226230421627,1633.3858642578125
590.9430564257418,1754.8897705078125
590.9634897090946,1919.6748046875
590.9839229919744,2114.349365234375
591.0043562748615,2273.04833984375
591.0247895572829,2444.9794921875
591.0452229396979,2615.613525390625
591.0656561216529,2837.142822265625
591.0860894036086,3046.827392578125
591.1065227850922,3248.1923828125
591.1269560663495,3451.858642578125
591.1473892473732,3727.6533203125
591.1678226281583,3978.35107421875
591.1882559087171,4198.8173828125
591.2086890890423,4348.19775390625
591.2291224688961,4447.0400390625
591.2495557487564,4511.7626953125
591.2699889281503,4597.5458984375
591.2904223075384,4679.47119140625
591.3108555864674,4700.1728515625
591.3312887651628,4738.84814453125
591.3517221438524,4806.22265625
591.3721554220829,4839.1142578125
591.3925888000813,4829.88916015625
591.4130219778381,4841.078125
591.4334552551372,4883.7861328125
591.4538886324299,4925.09765625
591.4743218094954,4931.111328125
591.4947550860961,4922.23779296875
591.5151883626968,4913.3642578125
591.5356216388245,4949.15087890625
591.5560549149595,4965.69677734375
591.5764881906289,4947.40625
591.5969214660581,4931.56201171875
591.6173547412618,4965.93603515625
591.6377881162334,4966.2880859375
591.6582212909634,4932.43310546875
591.6786545654686,4892.37841796875
591.6990879397345,4881.97314453125
591.7195211135404,4922.63330078125
591.7399544873479,4897.9736328125
591.7603877606889,4807.04052734375
591.7808209340219,4750.54443359375
591.801254306898,4793.21337890625
591.8216875795333,4786.05810546875
591.8421207519423,4731.8408203125
591.8625541241199,4675.91162109375
591.8829873960567,4635.60791015625
591.9034205677672,4628.74951171875
591.9238539392463,4563.7333984375
591.9442872104846,4485.4248046875
591.9647204814974,4388.59912109375
591.9851537520444,4378.07080078125
592.0055870225842,4340.25390625
592.0260202926656,4261.83056640625
592.0464535625142,4176.77490234375
592.0668868323555,4113.83447265625
592.0873202017392,4092.227294921875
592.1077534708893,4026.421142578125
592.1281866397985,3931.780517578125
592.1486200084837,3837.168701171875
592.1690532769353,3774.818359375
592.1894864449132,3747.446044921875
592.2099198128999,3690.8251953125
592.2303529806522,3585.1748046875
592.2507862479324,3483.550048828125
592.2712196152206,3409.763427734375
592.2916527820416,3317.0908203125
592.3120860486233,3227.6611328125
592.332519415213,3105.53369140625
592.3529525813356,3041.25830078125
592.3733858472187,2979.9599609375
592.3938192128771,2914.116455078125
592.4142523783012,2817.241943359375
592.4346857434866,2710.371826171875
592.4551190082129,2643.7265625
592.4755522729392,2588.702880859375
592.4959855371926,2532.9541015625
592.5164188014533,2402.068115234375
592.5368520652482,2344.65771484375
592.557285329036,2292.32666015625
592.5777185923653,2254.8955078125
592.5981518554618,2183.75830078125
592.6185852183189,2083.14501953125
592.639018380949,2029.7628173828125
592.659451643347,2008.6112060546875
592.6798850055056,1960.05419921875
592.7003181674372,1878.225830078125
592.7207515291375,1840.884521484375
592.7411847903641,1793.6915283203125
592.7616179515971,1743.7952880859375
592.7820513123588,1704.064208984375
592.802484573127,1631.957275390625
592.8229177334288,1577.67041015625
592.8433510934992,1566.2545166015625
592.8637843535616,1515.78857421875
592.8842175131649,1455.55126953125
592.9046508725296,1413.6634521484375
592.9250840316672,1366.880615234375
592.9455172905728,1337.5841064453125
592.9659506490134,1300.38525390625
592.9863838074452,1253.560302734375
593.0068170656523,1200.733642578125
593.0272504233872,1190.69970703125
593.0476836811285,1149.16455078125
593.0681169384043,1107.2308349609375
593.08855019568,1081.806884765625
593.1089834524828,1044.5701904296875
593.1294168090608,1106.997802734375
593.1498499653972,1004.1207885742188
593.1702832215087,961.42431640625
593.1907165773882,932.8958129882812
593.2111497330334,928.0945434570312
593.2315829884392,908.0537719726562
593.2520163436202,884.0442504882812
593.2724494985596,840.2562866210938
593.2928827530413,822.851318359375
593.3133161075239,839.4766235351562
593.354182515548,749.0538330078125
593.3746158690992,748.2196044921875
593.3950490224088,726.878173828125
593.4154823754943,693.3656005859375
593.4359156285791,661.6484985351562
593.4563488811909,618.2571411132812
593.4767821335772,646.21240234375
593.4972153854978,614.4767456054688
593.5176486374112,598.74755859375
593.538081889099,556.2664184570312
593.5585151405539,569.2277221679688
593.578948391536,568.6781616210938
593.5993816425253,544.9716186523438
593.6198148930489,521.80615234375
593.6402480435645,549.1033325195312
593.6606813936232,519.0902709960938
593.6811146434484,559.6978759765625
593.7015477932728,506.19769287109375
593.7219811426257,492.4850463867188
593.7424143917524,491.4031677246094
593.7628477406397,490.9333801269531
593.7832808892999,481.8033447265625
593.8037141374953,504.4324340820313
593.8241474856841,491.5585632324219
593.8445806336458,482.5118408203125
593.8650138813755,531.0540161132812
593.885447228633,487.7127380371094
593.9058803758962,498.9609375
593.9263136226946,503.5772399902344
593.9467469692536,538.12890625
593.9671802158191,526.6982421875
593.9876133619182,513.996826171875
594.0080467077787,492.3150634765625
594.0284799534129,504.3860778808594
594.0489130988135,506.2938537597656
594.0693464439755,489.0553283691406
594.0897796889112,512.8102416992188
594.1102130336076,475.8667602539063
594.130646177844,477.26806640625
594.1510794220812,478.86566162109375
594.1715127660864,499.7638244628906
594.1919459096171,483.15032958984375
594.2123791531558,461.6853942871094
594.2328124962223,471.5828857421875
594.2532456390618,465.7157287597656
594.273678881902,466.615234375
594.2941121242766,462.32171630859375
594.314545366411,460.29827880859375
594.33497860832,466.796875
594.3554118499887,455.410888671875
594.375845091432,456.7101440429688
594.3962783326424,458.6325988769531
594.41671157362,456.5518798828125
594.4371448143575,454.0206604003906
594.4575781546373,487.6112976074219
594.4780113949091,494.3843078613281
594.4984445347218,461.2406311035156
594.518877874536,482.5358581542969
594.5393111138765,482.6614685058594
594.5597442532235,475.2635803222656
594.5801775921063,442.2184448242188
594.6006108307483,435.2420349121094
594.621043969164,446.5566711425781
594.6414773073484,432.310791015625
594.6619105452919,414.8370971679688
594.6823436830091,434.7436218261719
594.702777020495,422.3551330566406
594.72321025774,402.94720458984375
594.7436433947587,444.8740234375
594.7640767315461,431.6661987304688
594.7845099678598,452.03070068359375
594.8049433041815,431.4469299316406
594.825376440036,430.8116455078125
594.8458096758841,436.6165466308594
594.8662430112745,459.412353515625
594.8866761466634,448.7384643554688
594.9071093815801,407.3500061035156
594.927542716272,439.4610290527344
594.9479758507296,476.2577209472656
594.9684090849478,455.8443298339844
594.9888423189404,412.1730346679688
595.0092755527003,433.3864440917969
595.02970878622,449.4695129394531
595.0501421195149,450.1055603027344
595.0705752525755,423.1587219238281
595.0910084853967,420.66937255859375
595.1114418177604,396.02734375
595.1318749501224,421.2474365234375
595.1523082820131,420.1343078613281
595.1727415139103,402.9493103027344
595.1931746453411,395.55267333984375
595.2136079767661,402.6232299804688
595.2340412077319,407.1574096679688
595.2544743384642,427.67230224609375
595.2749076689579,420.4136962890625
595.2953408994581,410.0041198730469
595.3157741294926,420.6230163574219
595.3362073592871,422.1167907714844
595.356640588856,423.7140502929688
595.377073818192,400.466064453125
595.3975070470551,424.1167297363281
595.4179402759255,433.66253662109375
595.4383735045631,403.8691711425781
595.4588067329605,397.0657958984375
595.4792399608996,421.686767578125
595.4996732888394,415.4432678222656
595.5201065163055,406.37786865234375
595.5405396437782,406.10595703125
595.5609729707794,391.8222351074219
595.5814061975543,398.376953125
595.6018393243285,414.5598754882813
595.6222726506385,403.4164733886719
595.6427058767076,418.376953125
595.6631390025505,417.31195068359375
595.6835723281547,426.7660827636719
595.7040054535319,402.165283203125
595.724438678677,413.2088928222656
595.74487200359,442.1842651367188
595.7653051282614,450.8346252441406
595.7857383524752,436.0638122558594
595.8061716766824,398.3158874511719
595.8266048006626,412.4844055175781
595.8470381241787,445.8445739746094
595.8674713476939,418.6100769042969
595.8879045707363,391.2396240234375
595.9083377937859,357.7793273925781
595.9287710163626,368.0696411132813
595.9492042387137,370.8511352539063
595.9696374610648,385.11138916015625
595.9900706829503,397.9854431152344
596.0105039045957,385.2433776855469
596.0309372260162,398.3919677734375
596.0513703471952,369.962890625
596.0718035681493,347.2941589355469
596.0922368888714,355.9555358886719
596.1126700093591,380.2040100097656
596.1331032296075,392.058837890625
596.1535365496311,363.0507507324219
596.1739696691802,340.2759094238281
596.1944029887381,392.1632690429688
596.2148362080625,370.62017822265625
596.2352693269204,354.8927001953125
596.2557026457725,319.5687255859375
596.2761358641656,315.9476013183594
596.2965689823177,353.0957946777344
596.3374351181701,335.34063720703125
596.3578683356318,306.9508361816406
596.3783015530862,352.8382873535156
596.3987347700822,371.5405578613281
596.4191679868454,340.230224609375
596.4396012033685,327.0654602050781
596.460034419666,318.5229187011719
596.4804676357307,347.9986267089844
596.5009009515561,337.5787048339844
596.5213340671544,308.83209228515625
596.5417673822885,313.9084167480469
596.5622005974146,354.2210998535156
596.5826337123144,362.845947265625
596.6030670269829,358.5414733886719
596.6235002411777,347.6564636230469
596.643933355379,342.6905517578125
596.6643666691161,336.86053466796875
596.6847998828453,326.0443420410156
596.7052329961152,326.66717529296875
596.7256663091539,299.0494384765625
596.7460995221845,297.8801574707031
596.7665327347568,318.14019775390625
596.7869659470962,315.77996826171875
596.8073991591955,334.3973999023437
596.8278323710692,323.80487060546875
596.848265582943,321.2962646484375
596.8686987943438,346.8809814453125
596.8891320055191,336.424560546875
596.9095652162287,341.34771728515625
596.929998426931,375.2766723632813
596.9504316374077,368.8390502929688
596.9708648476517,401.92181396484375
596.9912980576555,387.306884765625
597.0117313672017,365.7862854003906
597.0321644767464,378.7743225097656
597.0525976860517,373.3608093261719
597.0730309948995,367.97308349609375
597.0934641037456,375.6539611816406
597.1138973121197,380.0724792480469
597.1343306205017,396.1244201660156
597.1547637284166,402.0408630371094
597.1751969360921,401.2500305175781
597.1956302437757,423.6500244140625
597.216063350992,446.6839294433594
597.2364966579698,452.7695617675781
597.2569298647213,445.066162109375
597.2773629712392,433.24212646484375
597.2977962775185,443.8219299316406
597.3182294835715,466.8802490234375
597.3386626893916,495.6026916503906
597.3590958949717,524.0455322265625
597.3795291003262,532.8521728515625
597.3999623054406,562.988037109375
597.4203956103302,576.4132690429688
597.4408287149854,593.6288452148438
597.4612619191757,602.0770263671875
597.4816952233596,634.0672607421875
597.5021283273163,657.6887817382812
597.5225615308009,686.8527221679688
597.5429947342927,687.9284057617188
597.5634279373189,716.2360229492188
597.5838611403451,748.7808227539062
597.6042943428984,768.3677368164062
597.624727545226,786.1197509765625
597.6451608475472,796.2122192382812
597.6655939494085,824.3189086914062
597.6860271510377,854.0676879882812
597.7064604526604,895.3147583007812
597.7268935538232,915.4951782226562
597.7473267547539,965.1036376953124
597.7677600554453,1012.6112670898438
597.7881931559095,1024.4871826171875
597.8086263561418,1061.16943359375
597.8290596561346,1106.6976318359375
597.8494928559012,1155.0196533203125
597.8699259554342,1198.25
597.8903592547285,1236.9462890625
597.9107924535638,1333.368408203125
597.9312255523982,1440.35986328125
597.9516588509941,1630.3095703125
597.9720920493637,1816.00634765625
598.0129584451643,2187.324951171875
598.0333916428353,2342.31884765625
598.0538249400415,2528.619384765625
598.0742580372389,2741.52099609375
598.0946912339787,2961.003173828125
598.1151245304864,3236.781982421875
598.1355576269852,3498.227294921875
598.1559908230265,3763.797607421875
598.1764240190678,3997.542236328125
598.1968572146361,4245.46875
598.2172904099789,4462.97509765625
598.2377236050888,4736.0595703125
598.2785899948358,5123.54638671875
599.2184952899188,4157.44189453125
599.2389283733864,4074.77783203125
599.2593616563827,4003.37158203125
599.2797948393854,3894.5263671875
599.3002279219218,3806.5107421875
599.3206612044523,3765.44873046875
599.3410943865238,3665.41650390625
599.3615275685952,3591.207763671875
599.3819607501937,3494.482177734375
599.4023939317995,3392.68896484375
599.4228271129396,3316.06689453125
599.4432602938396,3275.1591796875
599.4636934747468,3169.518310546875
599.4841266551884,3093.656982421875
599.50455983539,3042.1875
599.5249930155987,2989.619873046875
599.5454262953426,2933.8662109375
599.5658594748456,2828.4267578125
599.5862925541223,2757.7080078125
599.6067258331605,2702.1640625
599.6271590119723,2628.341552734375
599.6475920905505,2573.050048828125
599.6680253688974,2507.87890625
599.6884585470034,2434.995849609375
599.7088916251159,2368.75439453125
599.7293249025242,2317.349609375
599.749758079939,2238.933837890625
599.7701911571203,2174.73583984375
599.7906244340702,2128.348388671875
599.8110576107792,2060.8916015625
599.8314907872627,1976.070556640625
599.8519239635061,1912.373779296875
599.8723570395232,1852.2734375
599.8927903150761,1815.094970703125
599.9132234906283,1770.8759765625
599.9336566659404,1699.1741943359375
599.9540898410269,1653.9775390625
599.9745230156404,1608.488525390625
599.9949561902613,1559.1923828125
600.0153894646501,1504.0445556640625
600.0358225385717,1459.9261474609375
600.0562557124867,1425.596435546875
600.076688986177,1396.0943603515625
600.0971220593929,1351.062255859375
600.1175552326167,1300.856689453125
600.1379885053757,1244.31982421875
600.1584215781331,1205.5526123046875
600.1788547504184,1163.3272705078125
600.1992880227117,1109.7939453125
600.2197210945305,1050.3343505859375
600.2401543663582,1031.2232666015625
600.2605875377194,972.3828735351562
600.281020608847,940.2897338867188
600.3014538799689,894.9549560546875
600.3218870506316,855.5894775390625
600.3423201212863,818.1983642578125
600.3627533914841,792.2388305664062
600.3831865614484,749.2125244140625
600.4036197311725,724.6845092773438
600.4240529009039,699.5769653320312
600.4444860701697,677.8165893554688
600.4649192391953,652.0877685546875
600.4853525079961,616.9820556640625
600.5057855767955,617.9913940429688
600.5262187451226,587.11474609375
600.5466519132242,564.2036743164062
600.567085081093,535.107177734375
600.5875183487224,517.4639282226562
600.6079514161247,503.1483459472656
600.628384583295,477.1977844238281
600.6488178502259,464.3264770507813
600.6692509169297,430.5456848144531
600.6896840836343,405.9461059570313
600.7101173498668,401.24029541015625
600.7305504158721,359.1832580566406
600.7509835816454,361.6140747070313
600.7714168471794,386.5999145507813
600.7918499124862,383.20989990234375
600.8122830773282,399.5872497558594
600.8327163421636,401.0057678222656
600.8531495067728,358.49560546875
600.873582671149,359.8478698730469
600.8940158352852,371.1599426269531
600.9144489991959,383.2786560058594
600.9348821628737,359.5549621582031
600.9553153263114,333.59051513671875
600.9757484895235,333.4104919433594
600.9961817522708,318.3250427246094
601.0166148150092,335.3741149902344
601.0370479775229,315.3525390625
601.0574812397972,374.1574096679688
601.0779143018444,350.2701416015625
601.0983474634268,347.3817443847656
601.1187807250099,314.1015319824219
601.1392137863513,352.4526672363281
601.159646947468,327.7157592773437
601.1800802081125,340.59588623046875
601.2005132687627,346.658203125
601.2209464291809,290.3996276855469
601.2618127490787,298.21514892578125
601.2822460087991,303.6039123535156
601.3026790680524,299.90069580078125
601.3231122272991,317.3803100585937
601.3435454860883,331.41461181640625
601.3639785448759,285.8267822265625
601.3844117034241,326.0867614746094
601.4048449615148,307.701904296875
601.4252781195974,294.181884765625
601.4457111772208,303.8084411621094
601.4661444348458,289.8803405761719
601.4865775922372,316.55810546875
601.5070106491548,288.5987854003906
601.5274439060813,292.6731262207031
601.5478770625341,306.1700439453125
601.5683101189934,278.4214172363281
601.5887433749886,279.8797912597656
601.6091765309757,291.726318359375
601.6296097865052,293.396240234375
601.6500428420331,256.6634216308594
601.6704759970889,284.4455261230469
601.6909092521528,269.5705261230469
601.7113423067494,276.5509338378906
601.7317754613396,296.0486755371094
601.7522087154721,300.4097900390625
601.7726417696031,275.0003662109375
601.7930749232619,296.014892578125
601.8135081766959,300.45880126953125
601.8339412301284,335.1651611328125
601.8543743830887,332.3857116699219
601.8748075360563,307.7247619628906
601.8952406885583,281.787353515625
601.9156738410529,290.2884826660156
601.93610709309,280.037109375
601.9565401448926,303.018798828125
601.9769733966896,300.1033935546875
601.9974065480274,308.9786071777344
602.0178395993644,298.2570495605469
602.03827285023,303.8773498535156
602.0587060008693,271.1576843261719
602.0791390515078,279.7880859375
602.0995723016749,284.9865417480469
602.1200054516157,294.4552001953125
602.1404385015558,279.86431884765625
602.1608717510244,281.67822265625
602.1813049004995,272.9897766113281
602.2017379495082,322.8243103027344
602.2221711982784,286.9419250488281
602.242604347055,270.63592529296875
602.263037495366,285.5244445800781
602.2834706434369,306.6572570800781
602.303903791515,297.2708435058594
602.3243370391283,312.5977783203125
602.3447700864999,284.1976928710937
602.3652032338796,286.3219909667969
602.3856364807871,286.8952941894531
602.4060696274682,289.19268798828125
602.4265026741487,283.3596496582031
602.4469359203649,281.7462463378906
602.4673690665732,303.8665771484375
602.4878021123222,307.8096618652344
602.5082353578327,295.9588928222656
602.5286685033498,278.01873779296875
602.5491015484004,302.3457336425781
602.5695347932196,354.05975341796875
602.5899679380309,314.6484069824219
602.610400982383,320.01129150390625
602.6308342264965,306.4767150878906
602.6512672706158,299.676513671875
602.6717005142709,298.9018859863281
602.6921336576925,296.1296081542969
602.712566701106,295.4332580566406
602.7329999440626,303.45379638671875
602.7534330867784,299.8306579589844
602.7738662295014,305.5455322265625
602.7942993717588,297.9346618652344
602.8147325140162,287.0224304199219
602.8351656558007,291.98602294921875
602.8555987973596,328.83258056640625
602.8760319389112,324.8220520019531
602.8964650800044,321.46240234375
602.9168983210984,330.8964233398437
602.9373313617252,331.9309997558594
602.9577645021127,323.0469970703125
602.9781977425082,307.87420654296875
602.9986307824292,306.0485534667969
603.0190639223583,317.5849609375
603.0394971618225,339.2003479003906
603.0599302010523,304.6931457519531
603.0803634402764,298.22735595703125
603.1007965790413,320.1983947753906
603.1212296177982,331.0122375488281
603.1416628560983,335.7602233886719
603.1620959943975,324.3196105957031
603.1825290322304,332.6842041015625
603.2029622700575,333.267333984375
603.2233954074254,335.7806091308594
603.2438284447853,349.4720764160156
603.2642616816884,316.34765625
603.2846948185907,337.82891845703125
603.3051278550265,354.2963256835937
603.3255610914566,339.9814147949219
603.3459942274276,322.064453125
603.3664272633905,342.9621276855469
603.3868604988966,335.9921875
603.4072936344019,332.9188232421875
603.4277267694342,343.7295227050781
603.4481599044739,332.3116455078125
603.4685930392807,344.81707763671875
603.4890262736153,353.895751953125
603.5094593079557,344.9864196777344
603.5298924418312,341.81982421875
603.5503256757002,339.31121826171875
603.570758709342,352.2569885253906
603.591191842519,355.3737487792969
603.6116250756895,384.6767272949219
603.6320581086329,385.43792724609375
603.6524912411114,383.9823913574219
603.6729244735834,399.017333984375
603.6933575058283,417.1044616699219
603.7137906376083,413.6064147949219
603.7342238693818,429.6178588867188
603.754657000929,430.829833984375
603.7750901322433,434.4476013183594
603.7955232630848,456.1912231445313
603.8159563939334,438.959716796875
603.8363895245493,432.3143615722656
603.856822654925,448.947265625
603.8772557850752,458.6832275390625
603.8976889147598,442.1279296875
603.918122044437,458.2807312011719
603.938555073888,481.7672729492188
603.9589883031076,482.1415710449219
603.9794214320864,506.7964477539063
603.9998544608388,490.0619812011719
604.02028768936,500.66546630859375
604.0407208176402,510.29730224609375
604.0611538456942,523.1077270507812
604.0815870735096,520.8051147460938
604.1020202008658,506.0120849609375
604.122453328222,548.267822265625
604.1428864555783,543.7994384765625
604.1633195824616,559.9658203125
604.18375280912,566.6699829101562
604.2041858355369,632.5398559570312
604.245052187689,587.160400390625
604.2654852134146,607.2536010742188
604.285918338901,611.75341796875
604.3063515641625,646.5953369140625
604.3267846891831,635.9324951171875
604.3472177139774,657.4044799804688
604.3676509387733,680.6494140625
604.3880840630954,681.2674560546875
604.4085170871913,695.7369384765625
604.4289503110558,707.4470825195312
604.4493834349123,728.2359619140625
604.4698164583097,743.5703735351562
604.4902496814757,794.572021484375
604.5106828046337,795.1102294921875
604.5311160273341,777.4466552734375
604.5515490498001,805.5263061523438
604.5719821722596,821.2976684570312
604.5924152942607,829.76318359375
604.6128484162618,841.7298583984375
604.63328153779,888.598388671875
604.6537146590927,899.3978881835938
604.6741477803953,939.7416381835938
604.694580901225,923.210205078125
604.715014022062,950.2047119140624
604.7354471426661,996.0084228515624
604.7558802627973,1033.7659912109375
604.7763134829365,1067.7679443359375
604.7967465026086,1106.2701416015625
604.8171796222741,1142.5635986328125
604.8376128417149,1192.6962890625
604.8580458606884,1243.290771484375
604.8784789796555,1316.1668701171875
604.8989121983977,1372.76123046875
604.9193452169056,1507.5858154296875
604.9397784349421,1684.393798828125
604.9602115529851,1850.9427490234373
604.9806445707945,2009.6517333984373
605.0010777883654,2206.212646484375
605.0215109057099,2403.94482421875
605.0419439228208,2628.978759765625
605.0623771396931,2861.80078125
605.0828102563391,3110.001953125
605.1032432727516,3339.74658203125
605.1236764886926,3609.608154296875
605.1441096048729,3853.2724609375
605.1645427205876,4073.327880859375
605.1849758360622,4313.767578125
605.2054089513113,4560.72216796875
605.2258420663275,4799.19140625
605.2462752811043,4990.15625
605.2667082956541,5139.78173828125
605.2871414102046,5234.90380859375
605.3075745242822,5276.9375
605.3280076381343,5343.49169921875
605.3484408517543,5444.54345703125
605.3688738653655,5503.318359375
605.389306978519,5565.4140625
605.4097401914332,5598.771484375
605.4301732043532,5617.9287109375
605.4506063168083,5641.24169921875
605.4710395292641,5646.9833984375
605.4914725412455,5667.69677734375
605.5119056532349,5701.89208984375
605.5323388647521,5736.87890625
605.5527718762751,5732.41845703125
605.573204987566,5726.31396484375
605.593638198392,5731.35498046875
605.61407130921,5728.18115234375
605.6345043198016,5732.90771484375
605.6549375299219,5701.9033203125
605.6753706400486,5699.34814453125
605.6958037499426,5701.0712890625
605.7162368596037,5667.8955078125
605.7366699690247,5625.36865234375
605.7571031782209,5615.591796875
605.7775361871754,5562.5625
605.7979692959052,5526.14453125
605.8184025044029,5498.50244140625
605.8388355126663,5486.5048828125
605.8592686206903,5456.365234375
605.8797018284895,5435.42919921875
605.9001348360471,5350.61572265625
605.9205679433799,5304.02685546875
605.9410011504806,5266.10205078125
605.9614341575798,5219.7763671875
605.9818672642068,5165.03515625
606.0023003706083,5093.39599609375
606.0227334770025,5042.40869140625
606.0431665829383,4960.62060546875
606.0635996886413,4884.61474609375
606.0840327943442,4816.7275390625
606.104465999575,4735.9384765625
606.1248990048116,4668.79150390625
606.145332109576,4595.16064453125
606.1657653143484,4558.0146484375
606.1861984188872,4481.361328125
606.2066314229523,4392.3662109375
606.2270646270263,4317.34423828125
606.2474977308666,4234.85205078125
606.2679307342332,4162.28662109375
606.2883639376087,4069.477294921875
606.3087970407505,4002.239990234375
606.3292300436515,3915.385009765625
606.3496632463284,3839.345947265625
606.3700963487718,3763.00927734375
606.3905293509742,3671.80908203125
606.4109625529527,3582.407470703125
606.4313956546976,3493.376220703125
606.4518288562031,3432.9208984375
606.4722618574815,3352.312255859375
606.4926949585279,3229.679443359375
606.5131281595677,3188.37939453125
606.5335611601477,3105.3779296875
606.5539942604955,3052.997802734375
606.5744274608369,2963.7880859375
606.5948604607183,2866.878662109375
606.6152935606005,2810.12158203125
606.6357266600098,2758.430908203125
606.6561597594264,2687.723876953125
606.6765928583773,2610.87939453125
606.6970260573216,2537.370361328125
606.7174590558061,2501.313232421875
606.7378921542913,2462.0625
606.7583253525372,2409.741943359375
606.778758350556,2351.67578125
606.7991914481099,2298.983154296875
606.8196246456573,2264.97998046875
606.8400576429776,2245.968505859375
606.8604908400594,2202.771484375
606.8809239369148,2139.48291015625
606.9013569335366,2089.00537109375
606.9217901299271,2036.210693359375
606.9422232260767,1982.67724609375
606.9626562222329,1918.8662109375
606.9830894179177,1859.6488037109373
607.0035225133761,1826.5679931640625
607.0239556086017,1772.7066650390625
607.0443887038273,1710.678955078125
607.0648217985799,1657.2598876953125
607.0852548933399,1612.23388671875
607.1056879876269,1573.141357421875
607.1261210819212,1522.7645263671875
607.1465541757498,1466.0699462890625
607.1669873695719,1418.0826416015625
607.1874203629341,1398.50390625
607.2282866494206,1315.90869140625
607.2487196423172,1270.2586669921875
607.2691528349824,1243.698486328125
607.2895858274132,1202.28759765625
607.3100189196048,1162.027587890625
607.3304521115715,1125.0565185546875
607.3508852032974,1077.545166015625
607.3713181947969,1059.84326171875
607.3917513860652,1011.8486938476562
607.412184377099,975.651611328125
607.4326174678936,955.0906372070312
607.4530506586962,926.5830078125
607.4734836490243,893.97119140625
607.4939167391276,877.2630004882812
607.5143499292317,843.9320678710938
607.5347830188621,815.0679931640625
607.555216008499,800.1608276367188
607.5756491979046,805.2855834960938
607.5960822868365,765.7554931640625
607.6165153757756,742.5360717773438
607.636948464482,708.357666015625
607.6573815527154,675.2116088867188
607.6778147409568,643.47021484375
607.6982477289639,636.145263671875
607.7186808167316,631.7702026367188
607.7391140042746,613.7749633789062
607.7595469915832,593.4765625
607.7799800786524,555.8278198242188
607.8004132657297,572.2784423828125
607.8208462523398,575.0962524414062
607.8412793387106,528.4393310546875
607.8617125250894,545.0714721679688
607.882145511001,537.6507568359375
607.9025785966733,515.7581176757812
607.9230117823536,513.5198974609375
607.9434447675667,504.4122924804688
607.9638778527733,479.9328918457031
607.9843110377551,489.9123840332031
608.0047440225026,471.8053588867188
608.0251772067786,458.8742980957031
608.0456102910612,486.87640380859375
608.0660432751101,528.3363037109375
608.0864764589205,487.638427734375
608.1069095425046,494.3179626464844
608.127342525855,469.2654724121094
608.147775708967,485.1820068359375
608.1682087918525,470.4979248046875
608.1886417747373,486.4407958984375
608.2090749571507,457.2689208984375
608.2295080393378,474.3282470703125
608.2499410215241,446.1728515625
608.270374203239,470.1207580566406
608.2908072849605,464.2681884765625
608.3112402662155,454.9443359375
608.3316734474647,458.3473510742188
608.3521065284876,474.9497985839844
608.3725396090449,458.8861999511719
608.3929726895949,473.0278625488281
608.4134057699193,455.4972534179688
608.4338389500044,445.4912414550781
608.4542719298624,441.8860473632813
608.4747050094884,444.4245910644531
608.4951381888823,434.3310852050781
608.5155712682681,434.2739868164063
608.5360042471948,448.5730895996094
608.5564374258829,458.1654052734375
608.5768705045775,460.5562438964844
608.5973034828057,472.060791015625
608.6177366607953,474.9564514160156
608.6381697387915,435.9776611328125
608.658602716554,431.7428283691406
608.6790358938451,435.38873291015625
608.699468871142,444.1808166503906
608.7199019482068,431.7659301757813
608.7403351250323,424.37744140625
608.7607681016307,431.8799133300781
608.7812012779978,416.1814575195313
608.801634354124,446.3662109375
608.8220673300239,452.95068359375
608.8425005056924,453.7296447753906
608.862933581353,453.40966796875
608.8833666565552,457.4195251464844
608.9037997315245,457.9234924316406
608.9242328064865,429.9388732910156
608.9446658809902,445.6165466308594
608.9650989554939,461.2942199707031
608.9855320297575,423.2370910644531
609.0059651035626,417.5807189941406
609.0263981773678,443.6813049316406
609.0468312509329,440.3963928222656
609.0672643242724,416.9276123046875
609.0876974973798,406.4765930175781
609.1081304702457,413.7708129882813
609.1285635428867,426.6332702636719
609.1489967152957,413.9482727050781
609.1694296876958,404.383056640625
609.1898628596391,425.6897583007813
609.2102959313488,414.8163757324219
609.2307289030505,397.4625549316406
609.2511620742953,389.2315979003906
609.2715951455393,416.4090270996094
609.2920281165425,430.94635009765625
609.3124612870888,451.0732421875
609.3328943576344,448.9225158691406
609.3533274279398,406.3007507324219
609.3737604980197,422.3667602539063
609.394193467866,418.77581787109375
609.4146265374729,409.3812255859375
609.4350597070879,393.9211730957031
609.4554927762365,420.6386413574219
609.4759257451442,402.6760559082031
609.4963589138279,409.5429992675781
609.5167919825108,386.545654296875
609.5372249509528,387.5364990234375
609.557658118938,378.5133361816406
609.5780911869224,364.5040893554688
609.5985243546675,368.65435791015625
609.6189573219526,359.2467956542969
609.6393903892385,392.7862243652344
609.6598235562851,373.5625915527344
609.6802565231046,392.8959655761719
609.7006895899249,361.94775390625
609.721122756273,354.856689453125
609.741555722394,350.0596008300781
609.7619887882829,355.7141418457031
609.7824219541653,340.864013671875
609.8028549195878,343.8588562011719
609.8232879850111,338.6658935546875
609.843721150195,334.11236572265625
609.8641541149191,334.44500732421875
609.8845871796439,349.013916015625
609.9050203441293,355.3529052734375
609.9254534083884,348.72216796875
609.9458864724147,352.7351379394531
609.9663195362009,354.9770812988281
609.9867525997615,346.1088256835937
610.0071856633149,341.13262939453125
610.0276187264099,344.6776733398437
610.048051789272,383.66156005859375
610.0684848521341,388.3345642089844
610.088917913592,398.3503112792969
610.1093508759877,373.8450012207031
610.1297840381449,372.9049072265625
610.1502171000757,378.0410461425781
610.1706500617729,362.7450866699219
610.2115162844639,362.4326477050781
610.2319492454626,342.42547607421875
610.2523824062228,343.8904724121094
610.2728154667566,328.34234619140625
610.2932485272904,324.6796875
610.3136815873586,343.005615234375
610.3341146474195,355.28106689453125
610.3545478070228,331.62896728515625
610.374980866618,341.6444396972656
610.3954138259869,339.3058166503906
610.4158469851245,323.4249267578125
610.4362800440213,368.286865234375
610.4567130026917,364.0370178222656
610.4771461611308,357.27117919921875
610.497579219329,354.311279296875
610.518012177301,332.43023681640625
610.5384453352744,338.5732421875
610.5588783927742,333.8487854003906
610.5793113502805,328.0378723144531
610.5997445075554,333.48858642578125
610.6201775643567,318.8290710449219
610.6406105211645,315.8372497558594
610.661043677741,335.9147644042969
610.6814767340766,342.9548645019531
610.7019096901859,348.7380065917969
610.7223428460638,335.5740661621094
610.742775901701,340.2329406738281
610.7632089573453,356.0285949707031
610.7836420125241,357.6070556640625
610.8040750676955,348.0761108398437
610.8245081224086,365.2274475097656
610.8449411771217,350.8846130371094
610.8653742315946,340.61627197265625
610.8858072856092,338.673583984375
610.9062403396238,310.59429931640625
610.9266733933982,315.2095031738281
610.9471065471807,311.18267822265625
610.9675395004961,321.7776184082031
610.987972553572,301.9786376953125
611.0084057064232,294.16363525390625
611.0288386592729,316.46856689453125
611.0492717116504,343.31268310546875
611.0697048640359,329.6356811523437
611.090137816187,337.154541015625
611.1105708680989,330.8542785644531
611.1310040197859,305.50958251953125
611.1514369712386,305.9478454589844
611.1718701224527,319.4024658203125
611.1923031734405,298.7176513671875
611.2127362241881,322.42108154296875
611.2331692749431,322.1182861328125
611.2536023252324,303.96759033203125
611.2740353755216,309.86260986328125
611.294468425338,312.3841247558594
611.3149014751616,301.1990051269531
611.3353345247451,313.3422241210937
611.3557675741031,332.4554443359375
611.3762006232282,299.3427734375
611.3966336721205,279.8313903808594
611.4170667207727,280.0713806152344
611.4374997694322,287.7714538574219
611.4579328176187,270.5846862792969
611.4783658655797,276.8169250488281
611.4987989135407,284.015380859375
611.519231861268,280.4700012207031
611.5396650087569,289.48974609375
611.5600980560193,276.7632141113281
611.5805312028097,275.5639953613281
611.6009641498385,270.353271484375
611.6213971964025,289.65875244140625
611.6418303427272,312.8939514160156
611.6622632888248,295.8634338378906
611.6826963349231,301.5039978027344
611.7031294805493,303.8145446777344
611.7235624261812,302.1154479980469
611.743995471581,324.8617248535156
611.7644286167415,331.3318176269531
611.7848616616757,332.0663146972656
611.8052946063763,318.8944396972656
611.8257277508383,323.264892578125
611.846160795074,326.29425048828125
611.8665937393089,327.0624084472656
611.8870268830724,319.3549194335937
611.9074599268424,308.7667236328125
611.9278930701475,329.0863342285156
611.9483260134439,341.6306457519531
611.9687590565154,325.8043518066406
611.9891921993549,364.0754699707031
612.0096251419527,355.0466613769531
612.0300581843258,362.63275146484375
612.050491226466,339.5155029296875
612.0709242685989,336.4261779785156
612.0913573102735,347.6607666015625
612.111790351948,326.47479248046875
612.1322233931496,338.74774169921875
612.1526564343585,347.7070007324219
612.1730894753346,349.4256286621094
612.1935225160705,360.8622131347656
612.2139555565809,377.6386413574219
612.2343885968585,373.3787841796875
612.2548216371288,354.5652160644531
612.2752546769407,347.99951171875
612.2956878165205,359.8575134277344
612.3161207560915,373.1724548339844
612.3365538954386,356.65350341796875
612.356986934552,361.0035705566406
612.3774198731917,381.9963684082031
612.397853012073,379.3309020996094
612.418286050488,382.7057189941406
612.438718988662,371.126220703125
612.459152126612,368.140869140625
612.4795851645613,374.7288513183594
612.5000181020368,380.1333312988281
612.5204512395212,404.7226257324219
612.540884276772,397.0083618164063
612.5613172137819,394.9329528808594
612.5817503505677,406.2622680664063
612.60218338712,434.7839965820313
612.6226164234322,421.787841796875
612.6430494595188,448.3456726074219
612.6634824956054,448.0560607910156
612.6839155312191,446.5596618652344
612.70434856684,457.1318054199219
612.7247816022282,444.6220397949219
612.7452147371441,449.9843444824219
612.7656476720658,474.4699096679688
612.7860807069883,489.0518493652344
612.8065138414386,486.2925415039063
612.8269467756618,493.3449096679688
612.8473798096529,502.6287841796875
612.8678129436375,520.8156127929688
612.8882458773951,542.7230834960938
612.9086789106877,573.1381225585938
612.9291120439739,583.2979736328125
612.9495449770329,567.1412963867188
612.9699780098599,577.09228515625
612.9904111426804,601.4373168945312
613.010844075041,606.0548095703125
613.0312771071622,612.9351806640625
613.0517102392914,645.4741821289062
613.0721431711863,666.6556396484375
613.0925762026163,701.3938598632812
613.1130093340398,707.4542846679688
613.133442365237,710.26953125
613.153875396194,742.7017211914062
613.1947414576571,784.6267700195312
613.2151744879156,818.6217041015625
613.2356075181815,826.1602783203125
613.2560405482145,862.9505615234375
613.2764736777754,914.9329833984376
613.296906607342,934.8021240234376
613.3173396366765,970.989990234375
613.3377727660045,1011.1975708007812
613.3582056948726,1063.2867431640625
613.3786387235086,1091.914306640625
613.3990718521381,1131.1798095703125
613.4195047803078,1182.91455078125
613.4399378084781,1249.449951171875
613.4603708364084,1292.6475830078125
613.4808038641131,1344.4461669921875
613.501236891585,1410.667236328125
613.5216699188168,1521.685546875
613.5421029460558,1713.2296142578125
613.56253607283,1942.6595458984373
613.5829689995953,2152.009521484375
613.6034020261359,2341.49560546875
613.6238351522115,2558.16357421875
613.6442681782792,2794.765380859375
613.6647011041205,3060.55615234375
613.6851342299633,3361.770263671875
613.7055672553324,3641.523193359375
613.7260001804752,3950.46484375
613.7464333056196,4235.783203125
613.766866330523,4480.029296875
613.7872992549674,4759.765625
613.8077323794132,5065.33056640625
613.8281654036182,5350.68212890625
613.8485983278297,5707.47314453125
613.869031451577,5930.5224609375
613.8894644750835,6137.0380859375
613.9098973985965,6269.79931640625
613.9303305218782,6307.85693359375
613.9507635446862,6330.111328125
613.9711966675022,6416.236328125
613.9916295900839,6469.01513671875
614.0120626126591,6540.09423828125
614.0324957347766,6584.88232421875
614.0529286566598,6642.45556640625
614.0733616785365,6718.4921875
614.0937948001883,6742.29736328125
614.1142278213665,6779.646484375
614.1346607425512,6796.29541015625
614.1550937635038,6821.8251953125
614.1755267844565,6839.03515625
614.1959598049361,6844.66015625
614.216392925191,6849.0048828125
614.2368258454444,6822.3408203125
614.2572588654584,6823.6181640625
614.2776919850148,6795.6044921875
614.2981249045697,6764.69970703125
614.3185579241181,6760.6279296875
614.3389910432088,6752.02685546875
614.3594239620652,6739.904296875
614.3798570809158,6680.57568359375
614.4002900993073,6641.76953125
614.420723017698,6615.12744140625
614.4411561358502,6570.533203125
614.461589153776,6526.7470703125
614.4820221714617,6461.4453125
614.5024551889219,6371.95849609375
614.522888206382,6373.69189453125
614.5433212233766,6296.09228515625
614.5637542403638,6249.27978515625
614.5841872571254,6160.76513671875
614.604620273647,6095.443359375
614.625053289943,6040.11328125
614.6454863060062,5960.447265625
614.6659193218366,5883.13427734375
614.6863524376604,5777.6064453125
614.7067853530243,5711.36328125
614.7272184683825,5639.76025390625
614.7476514835143,5553.025390625
614.7680843984126,5454.6396484375
614.7885175130723,5389.080078125
614.8089505275057,5308.69677734375
614.8293834419383,5206.70556640625
614.8498165558995,5106.2080078125
614.8702494698664,5002.197265625
614.8906824836013,4911.19482421875
614.9111155970968,4816.3916015625
614.9315485103652,4729.3720703125
614.9519815234016,4642.2646484375
614.9724146361987,4548.65283203125
614.9928475490015,4479.09912109375
615.0132805615722,4391.94921875
615.0337136736707,4310.29443359375
615.0541466857758,4261.083984375
615.0745795976472,4161.56494140625
615.095012709513,4052.21337890625
615.1154457209195,3962.4638671875
615.135878832094,3894.34423828125
615.1563117432597,3828.55810546875
615.1767447542006,3752.28271484375
615.1971778649095,3682.183349609375
615.2176107753767,3599.477294921875
615.2380437856191,3514.59765625
615.2584768956294,3429.883544921875
615.278909805631,3366.243408203125
615.2993428151749,3307.232666015625
615.3197759247196,3215.671875
615.3402088340226,3154.164794921875
615.3606418431009,3098.03369140625
615.3810749519471,3005.868408203125
615.4015078607845,2911.60302734375
615.4219408691642,2846.8779296875
615.4423739775448,2788.2744140625
615.4628068854508,2731.94775390625
615.483239893365,2648.083251953125
615.503673001047,2579.877685546875
615.524106008721,2504.434326171875
615.5445390159366,2457.74951171875
615.5649720229121,2420.170654296875
615.5854049298941,2350.089599609375
615.6058380366449,2278.564697265625
615.626271043162,2230.122314453125
615.6467039494382,2157.33203125
615.6671370554905,2105.38427734375
615.6875700613018,2047.5189208984373
615.7080029671197,2008.299560546875
615.7284360724734,1937.0814208984373
615.7488690778264,1878.7060546875
615.7693019829385,1821.92724609375
615.7897350878266,1760.518798828125
615.8101680927066,1715.4437255859375
615.8306009971275,1660.9149169921875
615.851034101317,1605.5848388671875
615.8714671055059,1574.9862060546875
615.8919001094546,1509.44677734375
615.9123331131777,1469.433349609375
615.9327661166608,1407.8194580078125
615.953199219919,1366.96337890625
615.9736322231765,1323.6533203125
615.9940651262004,1278.7574462890625
616.0144982287529,1237.3167724609375
616.0349312313119,1190.00830078125
616.0553641336301,1157.314697265625
616.0757972357242,1106.683837890625
616.0962302378175,1054.1199951171875
616.1166631394444,1033.5301513671875
616.1575292424604,953.9603271484376
616.1779621436144,920.836669921875
616.1983952445444,896.2340698242188
616.2188282452407,872.365966796875
616.2392611457035,836.3265991210938
616.2596942461605,811.727294921875
616.2801271463904,784.82861328125
616.300560146381,745.6306762695312
616.3209932461468,720.7183227539062
616.3414261456783,703.4459838867188
616.3618592449711,689.2627563476562
616.3822922442705,645.7084350585938
616.4027252431042,618.6839599609375
616.4231582419307,606.4024658203125
616.4435912405315,589.0585327148438
616.4640242388996,582.0819091796875
616.4844572372604,547.0665893554688
616.5048902351627,524.5066528320312
616.5253232330651,523.3251953125
616.5457563307282,488.8536071777344
616.5661892279313,459.355712890625
616.586622225368,435.5779418945313
616.6070553223326,445.0094909667969
616.6274882190701,413.0892333984375
616.6479212158083,409.2457885742188
616.6683543120744,380.6802368164063
616.6887872083462,335.7767028808594
616.7092202043859,386.1293640136719
616.7296533004192,386.7957763671875
616.7500861959925,412.7445068359375
616.7705192915673,396.75091552734375
616.7909522866685,340.3664855957031
616.8113852817769,358.847412109375
616.8318182766525,357.95294189453125
616.852251271288,387.9098205566406
616.8726842659307,375.9757690429688
616.8931172601078,355.976806640625
616.9135502542777,367.5268859863281
616.9339831482212,368.0381774902344
616.9544162419334,341.96551513671875
616.9748492354047,351.1503295898437
616.9952821286497,363.43890380859375
617.0157152216634,357.7375793457031
617.0361482146691,332.5455017089844
617.0565811074484,339.7464599609375
617.0770141999965,317.65380859375
617.0974471923037,332.1877746582031
617.117880284386,342.7599182128906
617.1383131764669,330.14190673828125
617.1587461680756,337.887939453125
617.1791792596923,329.4414978027344
617.1996121510747,338.2243347167969
617.2200451422177,335.8266296386719
617.2404782333688,309.9369506835937
617.2609111240527,301.31939697265625
617.28134411473,334.9770202636719
617.3017772051826,296.1840515136719
617.3222100954008,303.7900390625
617.3426430853797,309.50457763671875
617.3630761751338,314.2174377441406
617.383509164647,291.0790405273437
617.4039420541667,305.9756164550781
617.4243751434551,309.0673828125
617.4448081325099,311.3682861328125
617.4652410213239,312.8170166015625
617.4856741099138,331.876220703125
617.5061070984957,305.1454162597656
617.526540086852,344.31658935546875
617.5469730747427,332.30682373046875
617.5674059628655,342.0729675292969
617.5878390505168,336.2079162597656
617.6082720379418,378.581787109375
617.6287049253588,361.8013000488281
617.6491380123189,351.8142395019531
617.6695709992782,347.5016174316406
617.690003886004,360.9134521484375
617.7104369724912,368.3578186035156
617.7308699589848,341.2704162597656
617.7513029450056,324.278076171875
617.7717359310336,331.2520446777344
617.7921689168288,321.46124267578125
617.8126019023839,312.5770874023437
617.8330348879463,330.786376953125
617.853467873043,346.1044616699219
617.8739008581324,381.8213195800781
617.8943339427642,375.5562133789063
617.9147668273945,353.0450439453125
617.9351999117862,353.38397216796875
617.9556328961844,379.5968627929688
617.9760657801162,346.8450622558594
617.9964988640422,345.0556945800781
618.016931847742,354.24810791015625
618.0373647312081,345.5888977050781
618.0577978144356,335.37664794921875
618.0782307976697,344.2943725585937
618.0986636804373,333.3401184082031
618.1190967631992,366.34674072265625
618.1395297457348,341.1260070800781
618.1599626280367,330.5523681640625
618.1803957101001,341.6308288574219
618.20082869217,335.1233825683594
618.2212616737743,332.03033447265625
618.2416946553712,338.5485534667969
618.2621276367427,327.5057373046875
618.2825606178812,335.9498596191406
618.3029935990126,327.2656555175781
618.3234265796855,352.33453369140625
618.3438595603584,363.56842041015625
618.3642925407912,363.0528259277344
618.3847255209985,367.5935974121094
618.4051586009737,338.4704895019531
618.42559148094,320.5160522460937
618.4460244606817,350.0160827636719
618.4664575399511,364.61419677734375
618.4868904192263,366.4144287109375
618.5073233985022,345.1380615234375
618.5277564773132,332.98944091796875
618.5481893561155,342.04693603515625
618.5686223344601,332.4604797363281
618.5890554127982,328.0547180175781
618.6094882909092,339.9241943359375
618.629921269021,345.48028564453125
618.6503543466679,334.99517822265625
618.670787224306,343.4809265136719
618.6912202017193,326.2907409667969
618.7116532788932,334.2656555175781
618.7320862558408,323.48681640625
618.7525192327885,320.2013244628906
618.7729522092704,325.3205871582031
618.7933851857451,340.745361328125
618.8138181619943,331.4435729980469
618.8342511380033,336.7520446777344
618.8546841140196,343.5480651855469
618.875117189571,312.9027099609375
618.8955500651209,302.0631103515625
618.9159830404315,310.484130859375
618.9364160155164,324.0756225585937
618.9568489903613,338.8676147460937
618.9772818652127,346.6376647949219
618.9977149398328,327.185791015625
619.0181479142193,322.01910400390625
619.0385807883649,324.154541015625
619.0590138622865,319.9320068359375
619.0794468362001,329.42755126953125
619.0998798096552,333.73297119140625
619.1407457563328,336.52764892578125
619.1611788293158,341.9903564453125
619.1816117023045,348.8531188964844
619.2020446750539,350.6216125488281
619.2224777473457,342.1449584960937
619.2429107196367,343.6573486328125
619.263343591927,337.4359130859375
619.2837766637458,368.1769714355469
619.3042096355712,355.4441833496094
619.3246425071557,355.5618591308594
619.3450755785161,345.88153076171875
619.365508549643,325.159912109375
619.3859414205363,350.6814270019531
619.4063744914238,331.8700561523437
619.426807462085,352.51422119140625
619.4472403325053,349.0133361816406
619.4676734027016,342.03228759765625
619.4881063726643,341.69305419921875
619.5085392426263,348.5533447265625
619.5289723121168,348.3738708496094
619.5494052816139,352.4400634765625
619.5698383511044,351.01690673828125
619.590271220135,344.8780212402344
619.6107041891664,348.7299499511719
619.6311371577249,367.9167175292969
619.6515701262906,360.1055603027344
619.6720030948563,338.4107666015625
619.6924360629491,352.3424987792969
619.7128690310492,359.2204895019531
619.7333019986836,375.6269836425781
619.7537349663107,370.2522277832031
619.7741679339451,366.3160095214844
619.7946009011139,353.0199279785156
619.8150339682761,348.5562438964844
619.8354668349784,368.4544067382813
619.8558998016815,371.0185546875
619.8763328683781,360.41156005859375
619.8967657346147,362.9383239746094
619.9171987008522,389.4816284179688
619.9376317666174,387.8298034667969
619.9580646323884,358.076171875
619.9784976981609,368.72943115234375
619.9989306634598,352.5263977050781
620.0193635287651,357.60711669921875
620.0397965938319,359.21246337890625
620.0602295586723,366.4502868652344
620.0806625232799,367.7675476074219
620.1010954876547,366.1635437011719
620.1215284520222,345.5738220214844
620.1419614161641,339.3008117675781
620.162394380066,359.31170654296875
620.1828273437422,367.9478759765625
620.2032603074185,359.778564453125
620.2236932706292,364.0223388671875
620.2441262338325,352.39019775390625
620.2645591968103,343.7792358398437
620.2849921597808,339.8604431152344
620.305425122293,336.5843505859375
620.3258580848051,339.5123291015625
620.3462910470844,345.6323547363281
620.3667240091236,349.8819885253906
620.3871570711708,345.0049743652344
620.4075899327436,376.7135925292969
620.4280228943244,356.86553955078125
620.4484559556731,364.5497741699219
620.4688888167875,358.5104064941406
620.4893217778954,357.8262023925781
620.5097548385456,351.8450622558594
620.5301876991871,344.33074951171875
620.5506206596037,364.0845031738281
620.5710537200212,380.0503234863281
620.5914865799714,378.7188720703125
620.6119195399151,388.8434143066406
620.632352599634,356.6600036621094
620.6527855591121,367.1927490234375
620.6732184183638,361.3310546875
620.6936514776171,377.5662231445313
620.7140844366295,379.8025512695313
620.7345172954156,341.2031555175781
620.7549503539703,337.8060607910156
620.7753833122842,334.4637451171875
620.7958163706062,335.3324279785156
620.8162492286938,311.62237548828125
620.836682186542,304.45123291015625
620.8571152441655,315.05596923828125
620.8775481017874,309.8718566894531
620.8979810589371,312.52008056640625
620.9184141160949,311.4163513183594
620.9388469732512,300.2774658203125
620.9592799299353,308.7996520996094
620.9797129866274,310.42706298828125
621.0001458428524,308.50469970703125
621.0205787990708,316.31890869140625
621.0410117552965,308.1055908203125
621.0614447110565,292.6929931640625
621.0818776668093,309.5418701171875
621.1023106223365,301.5040283203125
621.1227435776309,308.02154541015625
621.1431765326852,300.1111145019531
621.1636095877475,274.4670104980469
621.1840424425754,281.5516357421875
621.2044754971648,273.3367004394531
621.2249084515279,282.9940185546875
621.2453413058902,280.15069580078125
621.2657743597811,275.83355712890625
621.2862073136785,268.5462341308594
621.3066401673423,301.1299133300781
621.3270732210003,300.0808410644531
621.3475061741992,292.01885986328125
621.3679390273974,295.5443725585937
621.3883720803569,293.9522399902344
621.4088050330902,280.55670166015625
621.4292378858227,287.0483703613281
621.4496709383166,281.74188232421875
621.4701038905841,290.7359924316406
621.4905368426189,273.25958251953125
621.5109697944135,277.3434143066406
621.5314027462155,281.995849609375
621.5518356977846,275.4386291503906
621.5722687491143,290.6687316894531
621.592701600217,302.2604675292969
621.6131346513139,291.573486328125
621.6335676019517,290.3377685546875
621.6540004528215,295.8345947265625
621.6744335032272,300.4958190917969
621.6948663533913,310.9374389648437
621.7152993035634,293.57080078125
621.7357323534961,291.0531616210937
621.7561652032018,290.1480407714844
621.7765981526754,288.00927734375
621.7970312021498,305.2484436035156
621.8174640513826,289.9196472167969
621.8378970003905,296.070556640625
621.8583300491591,293.4065856933594
621.8787628979335,290.82537841796875
621.899195846243,294.3341979980469
621.9196288945532,290.2719116210937
621.9400617428546,305.9751892089844
621.9604946906984,316.1398010253906
621.9809277385357,322.4662170410156
622.0013606861467,320.4996032714844
622.0217936335248,311.64678955078125
622.0422265806701,311.7250671386719
622.0626595278081,300.2571716308594
622.0830924747206,316.2439880371094
622.1239583678398,311.75897216796875
622.1443914142874,328.2371520996094
622.1648242604933,319.6781921386719
622.1852572064745,318.23114013671875
622.2056902522236,319.5315856933594
622.2261230979639,315.2308349609375
622.2465560432465,318.6089782714844
622.26698908853,324.84356689453125
622.2874219338046,330.82550048828125
622.3078548786216,334.1297302246094
622.3282878234386,333.6294860839844
622.3487207680155,341.9368896484375
622.3691538123676,340.3924865722656
622.3895866564853,342.2842712402344
622.4100196005966,346.9049377441406
622.430452644483,337.43707275390625
622.4508854881351,334.900146484375
622.4713184315478,333.584228515625
622.4917514749686,336.3254699707031
622.5121844181558,332.61114501953125
622.5326172611021,330.4335327148437
622.5530503038244,325.242431640625
622.573483246546,352.6158752441406
622.5939160890266,334.5854797363281
622.6143491312832,337.0381164550781
622.6347820733063,311.6732788085937
622.6552149153213,305.5961608886719
622.6756479571122,307.9484558105469
622.6960808986696,298.977783203125
622.7165137399861,305.3341369628906
622.7369467813114,298.183349609375
622.7573797221703,313.74859619140625
622.7778127630227,301.8394470214844
622.7982456038808,303.626953125
622.818678544274,314.2037658691406
622.8391115846607,352.22296142578125
622.8595444248203,350.0993347167969
622.8799773647479,332.7645568847656
622.900410404669,340.83868408203125
622.9208432443629,331.70867919921875
622.9412761838248,354.2587890625
622.9617092230474,320.4650573730469
622.9821421620436,315.8885803222656
623.0025750010391,344.1192626953125
623.023008039796,323.1570129394531
623.0434409783265,326.0018005371094
623.0638738168564,327.26495361328125
623.0843068551476,345.0615539550781
623.1047396932117,351.3423767089844
623.1251726310438,330.6329345703125
623.1456056686366,324.7677307128906
623.166038506235,316.3127136230469
623.186471543595,320.2394714355469
623.2069044807286,301.84747314453125
623.2273373178614,316.57525634765625
623.2477703547629,302.1744079589844
623.2682032914236,300.60125732421875
623.2886361278579,310.09881591796875
623.3090691640537,301.4275817871094
623.3295021002559,295.6066589355469
623.3499350362254,311.0831298828125
623.370367971962,300.18896484375
623.3908009076913,322.0692443847656
623.4112338431951,306.7347412109375
623.4316667784587,309.6788024902344
623.4520997134969,309.8895568847656
623.472532648535,314.9131774902344
623.4929656831009,302.466064453125
623.5133985176726,315.548828125
623.5338314522451,311.77880859375
623.5542644863453,334.1890563964844
623.5746973204514,319.2988586425781
623.5951303543261,310.6706237792969
623.6155632881928,311.61737060546875
623.6359961216003,321.1736145019531
623.6564291550094,317.5286560058594
623.6768620881776,317.46893310546875
623.6972949213523,322.7645874023437
623.7177279540629,315.6077880859375
623.7381607867719,311.7518615722656
623.7585937192416,304.78179931640625
623.7790267517194,297.827392578125
623.7994595837226,312.33349609375
623.819892515734,315.92645263671875
623.840325547746,312.1559753417969
623.8607584792844,314.53131103515625
623.8811913108293,307.0946044921875
623.9016243421429,317.4515686035156
623.9220572732156,308.83221435546875
623.942490104062,298.1249084472656
623.9629231349099,324.14971923828125
623.983356065517,330.3405456542969
624.0037890961321,353.4606018066406
624.02422192628,342.4207458496094
624.0446548564214,357.433837890625
624.065087886338,373.4187316894531
624.0855207160203,349.14276123046875
624.105953645696,345.75079345703125
624.1263866751469,325.97930908203125
624.1468195043635,328.549072265625
624.1672524333408,327.2568664550781
624.187685462326,321.0311584472656
624.208118291077,301.3636169433594
624.2285512195886,331.8821105957031
624.2489842481082,315.5208435058594
624.2694170761606,322.84051513671875
624.2898500044394,330.5683288574219
624.3102830322605,346.8074951171875
624.330715959848,372.3722229003906
624.3511487874275,362.0152587890625
624.371581814783,379.0640563964844
624.3920147421377,370.4693298339844
624.4124476690195,374.9693298339844
624.4328805959085,367.462158203125
624.4533135225647,369.9530029296875
624.4737464492136,364.3820190429688
624.4941793754042,373.7313232421875
624.514612201594,383.9125061035156
624.535045227778,389.85748291015625
624.5554781535029,371.5715637207031
624.575910979227,410.1757507324219
624.5963440047126,378.06201171875
624.6167769299718,392.1124877929688
624.6372097552303,395.12994384765625
624.6576427802502,403.7917175292969
624.6780757050437,412.482421875
624.6985086298373,403.0285949707031
624.7189415541579,391.5099792480469
624.7393744784858,405.6242980957031
624.7598075028072,394.8472290039063
624.7802403266687,411.5259399414063
624.800673250531,418.2759704589844
624.8211062741539,416.5436096191406
624.8415391975504,420.48089599609375
624.8619720209463,439.6900634765625
624.8824050441035,429.9671325683594
624.9028379670344,439.1512145996094
624.9232707899646,445.979736328125
624.9437038124233,451.6666259765625
624.9641367348886,454.0967712402344
624.9845695573531,447.40533447265625
625.0050025793462,467.3466796875
625.0254355013458,484.355224609375
625.0458683231118,503.74615478515625
625.066301344872,494.6636352539063
625.1071670874735,502.3756408691406
625.1276001087681,519.1737060546875
625.1480329296028,536.8784790039062
625.168465950439,545.8126220703125
625.1888988710343,559.2416381835938
625.2093316914033,560.1453857421875
625.2297647117739,574.4330444335938
625.2501976319036,610.3231811523438
625.2706305518077,669.345947265625
625.2910634717118,675.86376953125
625.311496391143,694.730224609375
625.3319293108143,720.5250244140625
625.3523622300199,756.24853515625
625.3727951492183,776.435302734375
625.3932280681911,821.812744140625
625.4136610869318,847.1422729492188
625.4340939054309,879.3785400390625
625.4545268239381,923.31396484375
625.4749598422131,983.9529418945312
625.4953926602466,1056.330078125
625.5158255782881,1087.8040771484375
625.5362585960975,1147.35546875
625.5566914136652,1235.349609375
625.5771244312418,1317.3997802734375
625.5975573485848,1408.03125
625.6179901656869,1509.5394287109375
625.638423182565,1672.2493896484375
625.6588560994423,1990.5091552734373
625.6792890160796,2389.2001953125
625.6997219324912,2731.81298828125
625.7201548486701,3052.0078125
625.7405877648416,3392.64404296875
625.7610206807876,3770.19140625
625.7814535967336,4150.306640625
625.8018864122059,4534.51953125
625.822319427687,4924.49609375
625.8427523431674,5323.125
625.863185158174,5688.63916015625
625.8836181731895,6056.5712890625
625.9040510879713,6420.25439453125
625.9244839027451,6753.49169921875
625.9449169170621,7141.55517578125
625.9653498316111,7484.29736328125
625.9857828456879,7705.6171875
626.0062156595377,7981.87744140625
626.0266485733882,8129.15087890625
626.0470815872322,8181.646484375
626.0675144006163,8301.2373046875
626.0879473140012,8408.0908203125
626.1083803271467,8437.052734375
626.1288131400652,8465.7080078125
626.1492460529844,8480.720703125
626.1696790656642,8503.7578125
626.190111878117,8592.1796875
626.2105447905706,8614.7607421875
626.2309778027848,8614.9453125
626.2514107147726,8644.380859375
626.2718435265269,8666.169921875
626.2922765382755,8707.150390625
626.3127094497977,8686.6103515625
626.3331424613134,8672.369140625
626.3535752723692,8640.8037109375
626.3740081834258,8610.8671875
626.394441194243,8637.7177734375
626.4148740050659,8579.802734375
626.4353069156568,8579.9736328125
626.4557398260076,8552.03125
626.4761727363657,8516.6220703125
626.4966056462581,8427.107421875
626.5170385561505,8369.4287109375
626.5374714660356,8361.73828125
626.5579042754616,8294.6162109375
626.5783372848819,8246.8291015625
626.5987701943086,8164.05908203125
626.6192031032697,8105.720703125
626.6396360122308,8041.44140625
626.6600689209517,7923.666015625
626.68050182968,7866.97119140625
626.7009347381681,7803.71826171875
626.7213676464307,7730.28515625
626.7418006544613,7611.72705078125
626.7622335624837,7481.76318359375
626.7826663702799,7383.6328125
626.8030993778448,7288.400390625
626.8235322854016,7249.7158203125
626.8439650927321,7172.5107421875
626.8643980998313,7021.71826171875
626.8848310069225,6941.5771484375
626.9052638137873,6881.8671875
626.9256968204209,6747.59130859375
626.9461297268135,6681.5537109375
626.9665625332127,6647.81787109375
626.9869955393806,6562.54150390625
627.0074284455404,6514.15869140625
627.0278612512411,6344.32421875
627.0482942569433,6253.251953125
627.0687271626375,6133.72802734375
627.0891600678733,6006.80859375
627.1095929731091,5910.8369140625
627.1300258783376,5870.21240234375
627.1504587831078,5769.8017578125
627.1708916878779,5711.3955078125
627.1913245924079,5615.93896484375
627.2117574969452,5529.09130859375
627.2321904012497,5436.88232421875
627.252623305314,5295.8212890625
627.2730563091536,5198.751953125
627.2934891129917,5126.26611328125
627.3139220165904,5050.822265625
627.3343550201971,4923.69873046875
627.3547878235695,4818.79150390625
627.3752207267025,4730.24365234375
627.3956537296108,4654.552734375
627.4160865325175,4556.84814453125
627.4365194351849,4482.87451171875
627.4569524376275,4435.75537109375
627.4773852400685,4329.1728515625
627.4978181420374,4248.07080078125
627.5182511442472,4161.1572265625
627.5386839459898,4096.60205078125
627.5591169477266,4043.309326171875
627.5795498494699,3975.3525390625
627.5999827507476,3854.243896484375
627.620415652018,3767.375732421875
627.6408485530628,3684.66015625
627.6612814541004,3596.89990234375
627.6817143546796,3503.770751953125
627.7021472554916,3418.176025390625
627.7225801558379,3324.49658203125
627.7430131561778,3231.33837890625
627.7634459562905,3173.21484375
627.7838788561639,3086.76708984375
627.8043118560454,3019.667236328125
627.8247446556925,2972.073486328125
627.8451774553396,2910.8310546875
627.8656104545153,2847.41943359375
627.8860433536975,2757.4912109375
627.9064763528731,2690.021240234375
627.9269091515889,2641.75048828125
627.9473420503055,2590.113525390625
627.9677750490155,2535.839111328125
627.9882078474984,2462.038818359375
628.0086407457493,2416.322265625
628.0290737437608,2351.15283203125
628.0495065415453,2329.667724609375
628.0903724371092,2247.9453125
628.1108053344287,2216.6318359375
628.1312381317475,2150.752197265625
628.1516711290606,2100.263427734375
628.1721040259145,2034.0179443359373
628.1925368227676,2007.9385986328125
628.2129698193821,1969.0352783203125
628.2334027160032,1909.21875
628.2538355123907,1859.9437255859373
628.2742685085395,1813.3719482421875
628.2947014046949,1771.91552734375
628.3151344006183,1700.0694580078125
628.3355671963,1655.1634521484375
628.3560000919897,1611.57470703125
628.3764330874474,1556.686279296875
628.3968658826634,1508.09375
628.4172987776547,1478.225830078125
628.4377317726467,1412.318115234375
628.4581645676299,1372.6802978515625
628.4785974621554,1318.579345703125
628.499030356681,1260.044921875
628.5194632509665,1214.185791015625
628.5398961452593,1179.8275146484375
628.5603290393192,1155.8812255859375
628.580761933139,1086.14599609375
628.6011948269661,1040.2845458984375
628.6216278205611,1004.9826049804688
628.6420606139145,988.2743530273438
628.6624935070431,935.2684936523438
628.6829265001725,898.3381958007812
628.703359293293,864.7550048828125
628.7237922859567,838.537841796875
628.7442251786197,826.937744140625
628.7646579710417,779.989990234375
628.7850909634726,757.116455078125
628.8055238556699,734.5010986328125
628.8259566476263,722.573974609375
628.8463896395915,677.87158203125
628.8668225313231,648.708251953125
628.8872553228139,658.0167236328125
628.9076883143134,649.3038330078125
628.9281212055794,586.4095458984375
628.9485540966052,572.3024291992188
628.9689869876383,561.1276245117188
628.9894198784386,514.8131103515625
629.0098527689988,534.572509765625
629.0302856595663,555.4284057617188
629.0507185499009,507.7333068847656
629.071151540229,507.9645690917969
629.091584430098,485.38177490234375
629.112017219959,500.7839660644531
629.1324502098287,509.017333984375
629.1528830994648,537.806884765625
629.1733158888674,506.6839599609375
629.1937488780313,496.0704956054688
629.2141817672018,496.0807189941406
629.2346145561314,487.4202575683594
629.2550475450698,502.6703186035156
629.2959132222459,498.78070068359375
